name,ingredients,text
Густой молочно-клубничный коктейль,"['Молоко', 'Клубника', 'Сахар']","Не размораживая, ягоду положите в блендер, добавьте молоко и сахар (если ягода свежая, то и перепелиное яйцо) Взбивайте на высокой скорости до полного измельчения ягод. Вылете в стаканы и можно по чуть-чуть пить, так как этот напиток оочень холодный. Кто не любит таковой, подождите и выпейте, когда он немного согреется. Приятного аппетита!"
Рулетики,"['Сыр твердый', 'Чеснок', 'Яйцо куриное', 'Грейпфрут', 'Лук зеленый', 'Листья салата', 'Майонез']","Разобрать салат на отдельные листочки, помыть и просушить. Натереть на крупной терке сыр, яйца, выдавить через чесночницу чеснок. Лук порезать. Несколько долек грейпфрута очистить от пленок, нарезать на мелкие кусочки. Яйца отварить, почистить и мелко нарубить. Смешать все с майонезом. Выложить на листья салата и завернуть каждый в рулетик."
"Салат ""Баклажанчик""","['Баклажан', 'Лук репчатый', 'Помидор', 'Чеснок', 'Соль', 'Майонез', 'Перец черный']","Баклажаны очищаем от кожицы. Нарезаем кружочками. Лук нарезаем кубиками и обжариваем. Баклажаны тоже обжариваем на растительном масле. Даем стечь лишнему жиру. Помидоры нарезаем кубиками, добавляем чеснок, специи. Все смешиваем и заправляем майонезом."
Куриные котлеты с картофельным пюре в духовке,"['Фарш куриный', 'Пюре картофельное', 'Желток яичный', 'Лук репчатый', 'Сыр твердый', 'Молоко', 'Масло сливочное', 'Зелень', 'Приправа', 'Масло растительное']","Шаг 1. Ставим отваривать картофель в чуть подсоленную воду. Затем измельчаем лук, натираем на крупной овощной терке сыр, нарезаем мелко зелень и откладываем в сторону. В это время обжариваем лук и оставляем на сковороде. Шаг 2. Картофель разминаем в пюре, добавляя сливочное масло, молоко, приправы и соль. А затем добавляем зелень, половину порции сыра и вновь перемешиваем. Когда картофельное пюре немного остынет добавляем один желток, перемешиваем. Шаг 3. В фарш добавляем обжаренный лук. Приступаем к сборке. В это время можно ставить духовку прогреваться на 180 градусов. Форму смазываем сливочным или растительным маслом, выдавливаем из кондитерского мешка или плотного пакета небольшие колобки картофельного пюре, можно также наловчиться и отсаживать пюре столовой ложкой. Делаем углубление и выкладываем фарш 1-2 ст. ложки. Отправляем запекаться в духовку на 30 минут. Вынимаем, посыпаем блюдо оставшимся сыром и вновь убираем в духовку до полного расплавления сыра. Блюдо готово! Всем приятного аппетита!"
Рецепт вишневой наливки,"['Вишня', 'Водка', 'Сахар', 'Кости', 'Корица', 'Гвоздика']","В бутыль заложить вишни, косточки, пряности и залить водкой, настаивать 2 недели в темном месте, помешивая. После, отфильтровать, вишни отжать, добавить сахара и еще настоять полторы -2 недели в темном месте, время от времени встряхивая банку. Когда сахара раствориться, и выпадет осадок, вишневая наливка готова."
Песочный пирог с тыквенным суфле,"['Масло сливочное', 'Сахар', 'Яйцо куриное', 'Мука пшеничная', 'Вода', 'Тыква', 'Молоко сгущенное', 'Корица', 'Орех мускатный', 'Крахмал', 'Сахарная пудра']","Для пирога тыкву нужно запечь в духовке. Разрезала тыкву, вынула семечки. И половину ещё разрезала пополам. Вот 2 четвертушки я и запеку 10 минут при Т-170 С. Пока тыква запекается, делаем тесто. Для замеса теста и заливки пирога я буду использовать комбайн (блендер, измельчитель). В чашу выложила всё сразу: сахар; масло; муку; яйцо и воду. Всё разбила в крошку. Руками обмяла, тесто чудесное и к рукам не пристаёт. Сформировала лепёшку и выложила в форму D-18,5 см. Она у меня разовая и подмазки не требует. Можно взять любую форму и обмазать её маслом, если она этого требует. Сформировала руками бортики (придала вид тарелки). Поставила в холодильник на 30 минут. В чашу комбайна (блендера) выгребаем ложкой мякоть тыквы, освобождая от кожуры. Выкладываем сгущённое молоко, корицу, мускатный орех, крахмал и яйцо. Всё разбиваем в однородную массу. Вынимаем форму с тестом из холодильника и выкладываем тыквенную массу. Ставим в духовку разогретую до Т-180 С на 30 минут. Ориентируйтесь на свою духовку! Пирог готов. Даём ему полностью остыть. Я украшу пирог кленовым листком и вырежу трафарет его из бумаги. Готовый остывший пирог присыпаем сахарной пудрой, выложив трафарет листа. Убираем аккуратно трафарет. Получилась осенняя красота! Завариваем чай, нарезаем пирог на куски. Подаём по кусочку! Осень. В доме уютно и тепло, пахнет вкусной тыквенной осенней выпечкой. Если у вас большая семья, то сделайте большой пирог, увеличив количество всех ингредиентов в 2 раза!"
Шоколадные конфеты ручной работы,"['Какао-масло', 'Какао тертое', 'Сироп кленовый', 'Ваниль']","Натереть на крупной терке какао-масло. Растопить его на паровой бане, поставив емкость в кастрюлю с начинающей закипать водой таким образом, чтобы донышко емкости с какао-маслом не касалось воды. Огонь убавить до минимального. Температура какао-масла не должна превышать 40 градусов. Когда масло растопится, добавить мякоть половины стручка ванили и перемешать. Добавить какао тертое. Слегка помешивать массу до полного растворения какао, а затем влить сироп агавы (или топинамбура). Если будете использовать мед, он обязательно должен быть высокого качества. Нельзя использовать засахаренный мёд, так как при соединении с какао-массой может пойти зернистость. Хорошо перемешать получившуюся массу и наполнить ей кулинарный мешок для того, чтобы было удобнее заполнять формочки. Распределить массу по формочкам, которые необходимо поставить на жесткую подставку. Можно добавить любые наполнители: лепестки миндаля, орехи, вяленые ягоды, цукаты, положив их сверху и чайной ложкой слегка ""притопив"" в шоколад. Остудить при комнатной температуре и поместить в холодильник. Вот и все. Конфетки готовы. Можно заваривать чай или кофе и лакомиться. Угощайтесь, на здоровье! Вот эти конфетки у меня были с вяленой вишней и лепестками миндаля. А это вариант для детишек. Для вкусных сладостей всегда найдется место, Теперь и повод есть, чтоб их Вам подарить, На стол поставить, сразу съесть — здесь все уместно, Пусть также сладко будет Вам и жить! С наступающими вас всех Новогодними и Рождественскими праздниками!"
Рыбно-тыквенный гратен,"['Масло растительное', 'Рыба', 'Тыква', 'Лук репчатый', 'Мука пшеничная', 'Молоко', 'Сливки', 'Масло сливочное', 'Сыр голландский', 'Вино белое полусухое', 'Соль', 'Перец черный']","Ингредиенты. Лук и тыкву мелко режем. На сковороду наливаем масло и добавляем сливочное. Нагреваем и кладем наши порезанные овощи. Обжариваем до готовности. Добавляем муку и жарим еще примерно 2 мин. Затем снимаем с огня и быстро мешая вливаем молоко. Добавляем вино (если не хотите его использовать, просто увеличите количество молока) и ставим на огонь, все время помешивая до закипания. Вливаем сливки, снова мешая доводим до кипения и снимаем. В соус кладем нашу рыбу, разделанную на не большие кусочки. Перемешать, поперчить и посолить. Раскладываем по формочкам ( примерно 6 шт.) или в одну большую. Уверяю вкус от этого не изменится. Посыпаем с верху тертым сыром. Выпекаем при t=180 примерно 15 мин. Подаем сразу. ПРИЯТНОГО АППЕТИТА!!! Этот рецепт - участник акции ""Готовим вместе - кулинарная неделя"". Обсуждение приготовления на форуме - http://forum.povarenok.ru/viewtopic.php?f=34&t=6560"
"Плов с креветками из риса ""Басмати""","['Рис', 'Вода', 'Морковь', 'Лук репчатый', 'Морепродукты', 'Карри', 'Приправа', 'Соль', 'Масло подсолнечное']","Соль по вкусу. Очищаем и нарезаем лук и морковь. Доводим лук до прозрачного состояния. Добавляем морковь и тушим 5 минут. Добавляем креветки. Тушим не боле 2 минут. Промываем рис. Равномерно выкладываем в кастрюлю или сковороду. Заливаем водой. Закрываем крышку и на среднем огне тушим 15 минут. После перемешиваем и добавляем соль и приправы. Томатная паста по вкусу. Вуаля плов готов! Хотела бы добавить, очень гармонично сочетается с пловом болгарский перец и помидор. А куркума и шафран добавил бы пряную нотку в блюдо."
Картошечка с грибами,"['Картофель', 'Сало', 'Грибы', 'Зелень', 'Лук репчатый', 'Чеснок', 'Соль', 'Перец черный', 'Масло растительное']","Грибы (можно брать любые) обжарить на растительном масле с луком и чесноком,посолить,поперчить,на другой сковороде обжарить тонко нарезаное сало,(по желанию можно еще добавить лук обжариваться),добавить почищеную и порезаную картошку, добавить грибы, и обжарить до готовности,посолить,поперчить,добавить порезаную зелень. Приятного аппетита!"
"Индийские лепешки ""Чапати""","['Мука пшеничная', 'Вода', 'Соль', 'Масло сливочное']","Приготовьте необходимые нам ингредиенты - муку, соль (можно не добавлять), воду (или сыворотку) и сливочное масло для смазывания лепёшек. Заместите густое тесто. Думайте о чём-нибудь хорошем, когда месите тесто, или читайте вашу любимую молитву - удивительно, но это очень сильно отражается на вкусе лепёшек. Накройте тесто полотенцем и оставьте его на 30 минут. За это время тесто как бы дозреет. Смочите руки любым растительным маслом, обваляйте тесто в муке и ещё раз хорошенько его замесите. Разделите готовое тесто на равные кусочки, размером с небольшое яйцо, и скатайте их в шарики. Расплющите каждый шарик в лепёшку и обваляйте его в муке. Раскатайте тонкую лепёшку И жарьте (подсушивайте) на сухой (без масла) сковороде до светло-коричневых пятнышек. Лепёшка должна пузыриться и раздуваться. Переверните лепёшку на другую сторону и жарьте до готовности. Обычно на приготовление одной лепёшки уходит 2-4 минуты. Смажьте готовые лепёшки сливочным маслом и подавайте горячими. Будьте счастливы и здоровы! Приятного аппетита! Этот рецепт - участник акции ""Готовим вместе - кулинарная неделя"". Обсуждение приготовления на форуме: http://forum.povarenok.ru/viewtopic.php?t=3776&postdays=0&postorder=asc&start=0"
Рыба «Красное и белое»,"['Горбуша', 'Зубатка', 'Перец болгарский', 'Лук репчатый', 'Мак', 'Специи', 'Соевый соус', 'Масло растительное', 'Чеснок']","Можно использовать любую рыбу на Ваш вкус. Сегодня у меня филе горбушы и зубатки. Рыбу филируем. Поскольку зубатка очень нежная рыба, я ее не перемалывала, она у меня тонкими полосочками. Фарш солим, перчим. Соус, масло и порубленный чеснок смешиваем. Филе зубатки можно замариновать в полученном соусе. Овощи нарезать кольцами 2 см шириной. Перец внутри очистить от белых волокон. Лук выдавить серединки, оставив 3-4 кольца целыми. На силиконовый коврик выкладываем кольца овощей, и наполняем начинкой. Тут можно схитрить- в крупные кольца перца я ставила маленькие колечки лука, и заполняла фарш в них (например горбушу внутрь колечка, зубатку вокруг). Запекаем в разогретой до 200 гр. духовке 20 минут. Достаём, поливаем соусом. Посыпаем маком, кунжутом, льняным семенем (если используете). Уменьшаем температуру до 180. Запекаем ещё 10 минут. После чего выключаем духовку, оставляем на 10 минут. Приятного аппетита!!!"
"Закуска ""Рафаэлло крабовое""","['Крабовые палочки', 'Сыр мягкий', 'Маслины', 'Сыр голландский']","Разобрать палочки на красное и белое мясо, мелко нарубить. Сыр натереть на мелкой тёрке. Красную часть перемешать с натертым твёрдым сыром и сливочным крем-сыром. Сформировать небольшие шарики. В середину каждого положить маслину без косточки. Шарики обвалять в нарубленной белой части крабовых палочек."
"Салат ""Огни Большого Города""","['Масло оливковое', 'Вино белое сухое', 'Креветки', 'Листья салата', 'Огурец', 'Финик', 'Мандарин', 'Сметана', 'Сыр твердый', 'Чеснок', 'Соль', 'Лайм', 'Зелень']","Для заправки смешать сметану, сыр, очень мелко нарезанный чеснок, лук, укроп. Посолить и поперчить по вкусу. Креветки потушить 5 минут в масле с чесноком и вином. В прозрачную посуду (у меня нашлись только коньячные бокалы) выкладывать слоями: -нарезанный салат -креветки без жидкости -мелко нарезанный огурец, слегка подсолить -нарезанные финики -дольки мандаринов или других цитрусовых выдавить на салат лимонный сок (или сок лайма) по 1 ч.л. примерно, сверху в середину выложить заправку, на нее кусочки лайма с сахаром украсить креветками, дольками карамболы или лимона (необязательно). При поедании смешиваем салат с заправкой. К салату хорошо подходит сухое белое вино - неплохой легкий ужин (и можно даже при свечах)."
"Чашка каппучино ""Сладкая причина""","['Кофе натуральный', 'Молоко', 'Сливки', 'Ванилин', 'Сахар']","Итак, кофе перемалываем на ручной меленке (можно в электрической кофемолке, но, говорят, на энергетику и вкус напитка влияет, если перемалываешь его вручную). Пересыпаем смолотый кофе в турочку. Заливаем молоком до половины турки, так как молоко сильно и быстро увеличивается в объемах, может ""убежать"". Добавляем чайную ложку сахара и чуть ванилина. На горячей плите доводим кофе почти до кипения, как только молоко увеличилось в полтора раза, очень оперативно его снимаем. Наливать каппучино лучше в низкие широкие чашки. Сверху украшаем наш напиток взбитыми сливками. Наслаждаемся :D :D :D В перспективе - научиться сверху рисовать ""елочку"" :) Может кто умеет, подскажет? :wink: :wink:"
"Салат ""Винегретная фантазия""","['Картофель', 'Свекла', 'Фасоль', 'Огурец', 'Морковь', 'Майонез', 'Горчица', 'Лук репчатый']","Овощи, которые понадобятся. Картофель, морковь, свеклу, огурцы трем на терке. Лук режем мелкими кубиками. Добавляем фасоль, майонез, горчицу. Вымешиваем и выкладываем в салатник. ПРИЯТНОГО АППЕТИТА!!!"
Булочки-пирожные,"['Мука пшеничная', 'Разрыхлитель теста', 'Масло сливочное', 'Сметана', 'Ванильный сахар', 'Соль', 'Сахар', 'Яблоко', 'Сок лимонный', 'Корица', 'Яйцо куриное']","Итак, приступим... В просеянную муку добавим разрыхлитель, перемешаем. В глубокую миску выльем растопленное сливочное масло, добавляем сметану, ванильный сахар, соль, сто грамм сахара и хорошенько перемешаем. Затем в миску добавляем муку и замешиваем тесто. Месим минут пять, не больше. Тесто кладём на пищевую плёнку, заворачиваем и отправляем в морозилку на 30-40 минут. Пока тесто прохлаждается в морозилке, займёмся яблоками. Очищаем от кожуры, разрезаем пополам, удаляем всё лишнее и ненужное, сбрызгиваем лимонным соком, перемешиваем и отставляем. Отдельно хочется сказать о маленьком, чёрном кухонном гаджете, лежащем рядышком... Эта овощечистка у меня уже лет пятнадцать, настоящая немецкая и что я ей только не чистил, всякие мыслимые и немыслимые вещи - она совершенно неубиваемая, только чуть-чуть на лезвии стёрлась краска... Глядя на такие вещи так и хочется произнести речь-слоган: ""Дорогие товарищи, покупайте качественные кухонные принадлежности, они не только станут незаменимыми помощниками на многие-многие годы, но и продлят Вам жизнь, принося радость и умиротворение при приготовлении пищи!!!""... Через полчаса достаём из морозилки тесто, делим на двадцать одинаковых кусочков и скатываем их в колобки. Сейчас на улице жарко, тесто с большим количеством масла и быстро размягчается, из-за чего с ним становится не комфортно работать, по этому я перекладываю колобки в большую тарелку и отправляю в холодильник, доставая по мере надобности... Далее колобок раскатываем толщиной примерно 2-3 мм, диаметром примерно сантиметров 13-15, кладём половинку яблока срезом вверх, собираем тесто в верху и защипываем. Должно получится примерно так... Кладём на противень, застеленный пергаментной бумагой, срезом вниз. Получается примерно два противня вкусняшки... Включаем на разогрев духовку и нагреваем до 180 градусов. Яйца вбиваем в мисочку, перемешиваем. В сахар добавляем корицу и тоже хорошо перемешиваем. Затем берём поочерёдно каждую заготовку и опускаем верхнюю, выпуклую часть в яйцо и затем в сахар с корицей. Так проделываем со всеми. Отправляем в разогретую духовку примерно на 35 минут. У меня духовка электрическая, я включаю режим ""нижний нагрев + вентилятор"" и отправляю сразу два противня на 30 минут на нижний и средний уровни. Через тридцать минут у меня получаются вот такие булочки-пирожные. Выкладываю на решётку, сдерживаюсь чтобы тут же на них не накинуться и даю полностью остыть... Пирожных получается много, две больших тарелки, но они разлетаются моментально и мой совет - не делайте пол нормы, потом пожалеете... Мягкие, нежные, вкусные..., аромат корицы сводит с ума... Яблоко волшебным образом превращается в нежное кисло-сладкое пюре - просто объедение... Всем приятного наслажденья и аппетита!!!"
Гречка с грибами портабелла или шампиньонами,"['Крупа гречневая', 'Шампиньоны', 'Лук репчатый', 'Масло оливковое', 'Перец красный жгучий', 'Соль', 'Тимьян']","Берем грибы портобелло или шампиньоны Нарезаем вдоль ножки на немелкие куски. Крупные грибы на 6 частей, более мелкие на 4 Лук нарезаем четверть кольцами Выкладываем грибы и лук на кусок пекарской бумаги. Солим, добавляем тимьян и масло. Перемешиваем руками. Заворачиваем ""конфеткой"" и ставим в микроволновку на 3 минуты Отварную гречку выкладываем на тарелку, солим по вкусу и подогреваем в микроволновке (если она холодная). Заправляем оливковым маслом (или сливочным, предварительно растопленным) и перемешиваем. Отрезаем два ломтика перца хабаньеро (очень жгучий) и мелко нарезаем. Добавляем в гречку и перемешиваем. Этот шаг - по желанию. Если вы не любите острого - можно пропустить. Добавляем грибы в тарелку с гречкой и подаем. Приятного аппетита!"
Горбуша с баклажанами по-китайски,"['Горбуша', 'Баклажан', 'Лук репчатый', 'Чеснок', 'Имбирь', 'Перец чили', 'Масло растительное', 'Перец сычуаньский', 'Перец черный', 'Кинза', 'Вино рисовое', 'Уксус', 'Соевый соус', 'Сахар', 'Соль']","Баклажаны моем, режем кубиками и обильно засыпаем солью. Отставляем, чтобы вышла горечь. Для приготовления можно использовать любую рыбу лососёвых пород. Я брала горбушу. Рыбу чистим и разрезаем на стейки. Посыпаем солью и смесью перцев. В сковороду наливаем 1 ст. ложку растительного масла, нагреваем, кладём стейки и обжариваем на сильном огне по 2-3 минуты с каждой стороны. Убираем рыбу на тарелку, сковороду моем. Баклажаны промываем под проточной водой, отжимаем, можно обсушить бумажным полотенцем. На сковороду наливаем растительное масло (2 ст. ложки), кладём баклажаны, жарим помешивая 10 минут. Берём лук, чеснок, имбирь, перец чили; моем, чистим и всё мелко нарезаем. Добавляем к баклажанам порезанные лук, чеснок, имбирь и перец чили. Перемешиваем, тушим 3 минуты. Добавляем рисовое вино (можно белое сухое), рисовый уксус, соевый соус и сахар (можно сладкий соевый соус). Всё перемешиваем, тушим 2 минуты. Добавляем мелкопорезанную кинзу. Перемешиваем. Кладём сверху жареную рыбу, отключаем огонь, даём рыбе прогреться 5 минут, крышку не закрываем. Подаём рыбу на сковороде горячей. Приятного аппетита!"
Курочка в индийском стиле,"['Голень куриная', 'Йогурт', 'Лук репчатый', 'Лук красный', 'Сок лимонный', 'Чеснок', 'Паприка сладкая', 'Соль', 'Перец черный', 'Имбирь', 'Корица', 'Гвоздика', 'Кардамон', 'Кумин', 'Кориандр', 'Перец чили']","Вот наши продукты. Корень имбиря и репчатый лук чистим и трём на тёрке. Чеснок пропускаем через пресс. Добавляем йогурт и все наши специи. Хорошо перемешиваем. Голень промыть и опустить в наш маринад часа на 3. Но чем дольше, тем, конечно же, лучше. Форму для выпекания смазываем маслом и выкладываем кольца красного лука. Сверху на лук кладем голень. И выпекаем в разогретой духовке до 200 гр. 40 мин. Представляете, какой аромат?!"
Цельнозерновой хлеб на закваске для ХП,"['Мука цельнозерновая', 'Вода', 'Закваска', 'Соль', 'Сахар', 'Масло сливочное', 'Масло подсолнечное']","Сначала делаем опару. В прозрачную посуду выкладываем 10 г закваски ( моей пшеничной закваске полгода, подкармливаю 1 раз в неделю 1:1:1, храню в холодильнике ) и 110 г воды (воду заранее следует налить в ёмкость из под крана и дать ей отстояться 8-10 часов, фильтрованную и кипяченую воду не использовать.), перемешиваем и добавляем 105 г муки (можно использовать обычную пшеничную цельнозерновую муку, а также отличный хлебушек получается из цельнозерновой муки спельты). Муку необходимо просеять. Тщательно вымешиваем ложкой, закрываем крышкой (у меня с отверстиями) и оставляем в комнате на ночь (Желательная температура при брожении опары 20-22 градуса) Примерно так она выглядит утром. Теперь делаем тесто. Для этого берем нашу опару,240 г воды и 375 г муки, ложкой перемешиваем до однородного состояния в течении минуты, накрываем и оставляем на 15 мин (аутолиз-для усиления клейковины) Теперь добавляем соль, сахар и масло, вымешиваем примерно в течении минуты рукой, не выкладывая на стол. Переладываем тесто в пакет или пластиковую коробку и оставляем в холодильнике (внизу, там где храним овощи ) на 8-10 часов ( Теперь вы можете спокойно уйти на работу, не боясь, что тесто перестоит-в холоде этого не случится!). При низких температурах молочно-кислое брожение слегка угнетается, а дрожжи плодятся и размножаются, поэтому хлебушек получается не кислым. Вот так тесто выглядит после холодильника! Теперь выворачиваем пакет над ведерком х/п и влажной рукой слегка помогаем ему попасть в ведерко. Включаем режим ""тесто"" (моя х/п 20 мин вымешивает, потом 20 мин подьём, затем короткий замес и потом второй подьем в течении 50 мин ). Не открывая крышку оставляем тесто в покое еще на 90 мин и затем включаем режим ""выпечка"" Вот какой хлебушек у нас получился! В заключении хочу остановиться на одном из полезных свойств хлеба на закваске. В оболочке зерен злаков содержится природный консервант_фитиновая кислота, которая блокирует усвоение многих важных микроэлементов (железо, кальций, цинк и т. д. ). К счастью под воздействием фитазы (фермента, который активизируется при продолжительной ферментации теста на закваске )фитиновая кислота разрушается. ПРИЯТНОГО АППЕТИТА!!!"
Трюфеля шоколадные,"['Шоколад молочный', 'Сливки', 'Масло сливочное', 'Какао-порошок', 'Миндаль']","1. Сливочное масло растопить в месте с шоколадом на водяной бане до однородной массы, слить сливки и остудить до консистенции густой сметаны. 2. Миндальный орех обжарить и перемолоть в блендере. 3. Шоколадную массу, переложить в кондитерский мешок и выдавливать на латок предварительно обмотанный фольгой, не большими порциями. 4. Трюфеля посыпать 1 /2 часть орехами, а вторую часть какао. 5. Заморозит на час, вытащить из морозилки и поставить в холодильник. BASTA!!!"
"Грушевый пирог ""Фантазия""","['Груша', 'Печенье', 'Масло сливочное', 'Яйцо куриное', 'Сахар', 'Ванилин', 'Орехи', 'Смородина черная', 'Крахмал', 'Мука пшеничная', 'Разрыхлитель теста', 'Кефир', 'Сок', 'Корица', 'Сахарная пудра', 'Шоколад темный']","Сок смешать с кефиром. Разъемную форму застелить бумагой, смазать маслом (дно и бортики) и посыпать дно печеньем. Груши очистить от кожуры и серединки, нарезать на 4 части и выложить в форму. Посыпать шоколадом (порезать ножом или натереть на терке) и молотым мускатным орехом. Смешать желтки, кефир, сок, ванилин, 1/2 стакана сахара, масло. Добавить муку, разрыхлитель и крахмал, хорошо перемешать (тесто получится жидковатым). Залить груши тестом. Взбить 1/2 стакана сахара с белками в крепкую пену. Смешать черную смородину с 3 столовыми ложками белковой массы. Выложить аккуратно слоем (по середине пирога) смородиново-белковую массу, а по краю - просто белковую. Выпекать в разогретой до 180С духовке 40-45 минут, украсить сахарной пудрой, корицей и тертым шоколадом. Дать немного остыть...нарезать на кусочки... Приятного аппетита! :)"
"Горячие бутерброды ""Сытные""","['Хлеб', 'Яйцо куриное', 'Огурец соленый', 'Майонез', 'Котлета', 'Масло сливочное', 'Сыр твердый', 'Лук зеленый']","Отварные яйца мелко нарезать. Солёные огурцы также нарезать мелким кубиком. В миске соединить яйца, огурцы и майонез. При необходимости посолить, поперчить. Хлеб смазать сливочным маслом. На хлеб выложить котлеты. Можно также вместо котлет взять отбивные, колбасу вареную или любительскую. Сверху котлет выложить яично-огуречную массу. Посыпать сверху натертым на мелкую терку сыром. Поставить в разогретую до 200 градусов духовку на 7 минут, до расплавления сыра. Готовые бутерброды посыпать мелко нарезанным зелёным луком. Кушать лучше тёплыми. Этот рецепт - участник акции ""Готовим вместе - кулинарная неделя"". Обсуждение приготовления на форуме - http://forum.povarenok.ru/viewtopic.php?f=34&t=6843"
Гренки по-новому,"['Сливки', 'Хлеб', 'Яйцо куриное', 'Сыр сливочный', 'Сироп фруктовый', 'Банан', 'Корица', 'Сахарная пудра', 'Орехи']","Приготовить заливку. В чаше соедините яйца, сливки, творожно-сливочный сыр, добавьте фруктовый сироп (у меня вишневый). Взбейте массу до однородности. Хлеб (лучше всего использовать хлеб для тостов) нарезать в форме треугольника. У каждого кусочка слегка подрезать уголки. Бананы помыть, почистить и нарезать крупными слайсами. Уложить хлеб и бананы в форму для выпечки, чередуя их между собой: хлеб, бананы, снова хлеб и т. д. Затем аккуратно влить заливку. Дать постоять 10 минут, чтобы хлеб впитал заливку. Посыпать хлеб корицей и орехами. Отправить форму с хлебом в разогретую духовку (180°С). Выпекать 20 — 40 минут. Готовые гренки извлечь из духовки, присыпать сахарной пудрой. Приятного аппетита!"
"Печенье ""Восхитительное""","['Мука пшеничная', 'Масло сливочное', 'Сахар', 'Яйцо куриное', 'Джем', 'Груша', 'Сок лимонный', 'Ванилин', 'Сода']","Продукты для приготовления печенья ""Восхитительного"" В глубокой чашке соединяем муку, сахар, масло, яйцо, ванилин, соду и лимонный сок, тщательно замешиваем тесто. Далее скатаем тесто в симпатичный колобок, накроем салфеткой и отправим в холодильник на один час. А пока тесто прохлаждается, моем груши, очищаем от кожуры и сердцевины, нарезаем мелкими кубиками. Через час достаем тесто и раскатываем в пласт толщиной в полсантиметра, вырезаем кружки нужного размера и укладываем в формочки для выпекания, слегка прижав пальцами к стенкам формочек, поверх теста выкладываем нарезку из груш и по две чайных ложечки джема, а дальше ставим формочки в заранее разогретую духовку до 180 град. на 20-25 минут. И всего через 25 минут наше ""ВОСХИТИТЕЛЬНОЕ"" печенье готово! Ну не чудо-ли чудесное! А какой аромат!"
Куриный суп с домашней лапшой,"['Грудка куриная', 'Лук репчатый', 'Морковь', 'Мука пшеничная', 'Соль', 'Яйцо куриное', 'Вода']","Вымыть грудку (на косточке) положить морковку, лук, залить холодной водой и варить на медленном огне часа 2. Замесить тесто для лапши (как на вареники). Разделить на 4 части, каждую часть раскатать очень тонко Щедро присыпать мукой и свернуть пласт теста И нарезать как больше нравится - тонко или потолще (как тальятелле). Присыпать мукой И высушить. я сушила на окне - застелила бумагой для выпечки подоконник. В готовый бульон добавить соль, выловить морковку и лук, бросить нарезанный укроп. Отварить в подсоленной воде лапшу, выложить в тарелку, добавить кусочек грудинки и залить бульончиком. Приятного аппетита!"
Курица с черносливом,"['Голень куриная', 'Чеснок', 'Яблоко', 'Соль', 'Специи', 'Смесь перцев', 'Чернослив', 'Майонез', 'Соевый соус']","Подготовить куриные голени. Яблоко порезать ломтиками, чеснок порезать (можно выдавить, но я резала крупно), чернослив помыть. Все смешать с майонезом, добавить соль, перец, специи. Обмазать этим курицу и оставить мариновать на час минимум. У меня получилось на 8 часов. Запекать в духовке, в мешке для запекания при 200 град. 20 мин. Разрезать мешок и еще 30 мин запекать. Приятного аппетита!!!"
"Бедра куриные ""По-французски""","['Бедро куриное', 'Шампиньоны', 'Помидор', 'Сыр твердый', 'Горчица', 'Масло растительное', 'Специи']","Бедра вымыть, обсушить. Грибы нарезать пластинками и слегка обжарить на растительном масле Выкладываем грибы на бумажное полотенце, чтобы убрать лишнее масло. Тем временем нарезаем помидор кружочками и сыр пластинками. Бедра солим и перчим под кожей. В каждое бедро под кожу кладем грибы, кружок помидора и пластинку сыра. В мисочке смешиваем столовую ложку растительного масло и чайную ложку горчицы. Бедра выкладываем в форму, слегка смазанную маслом, сверху обмазываем смесью масла с горчицей. Выпекаем в духовке при температуре 200-220С 40 минут Подавать с салатом или просто свежими овощами."
Мацовая запеканка с грибами,"['Маца', 'Яйцо куриное', 'Лук репчатый', 'Морковь', 'Шампиньоны', 'Масло растительное', 'Масло сливочное']","Необходимые продукты. Я советую брать морковь и лук большего размера и грибов тоже больше ( из личного опыта). Лук порезать кубиками. Морковь натереть на крупной терке. Грибы нарезать крупными кусочками, несколько целых грибов оставить для украшения. На растительном масле немного обжарить лук, добавить морковь и грибы. Потушить 5 мин. Мацу поломать на небольшие кусочки, залить кипятком на 5 мин. После слить лишнюю воду. Яйца взбить. В мацу добавить яйца и овощи. Посолить, поперчить по вкусу. Перемешать. Форму смазать маслом, выложить мацовую смесь. Разровнять. Сверху украсить порезанными грибами и разложить кусочки сливочного масла. В оригинале был маргарин, но я делала с маслом. В разогретой до 180 градусов духовке запекать 40 мин. Смотрите по своей духовке. Украсить зеленью."
Лeгкий Рыбно-Овощной Салат,"['Капуста пекинская', 'Авокадо', 'Креветки', 'Консервы рыбные', 'Лимон', 'Зелень', 'Масло оливковое', 'Специи']","Листья пекинской капусты порвать руками, белую часть порезать соломкой. Авокадо почистить, удалить косточку и нарезать полукольцами, сбрызнуть хорошо лимонным соком, посолить. Креветки очистить. Плотное филе рыбы разобрать на кусочки. Все ингредиенты соединить, осторожно перемешать, выложить на блюдо. Посыпать зеленью, сбрызнуть оливковым маслом, лимонным соком и полить соусом из консервы Соус очень густой."
"Овощная запеканка ""Всего понемногу""","['Цуккини', 'Патиссон', 'Морковь', 'Лук репчатый', 'Перец болгарский', 'Помидоры черри', 'Сметана', 'Майонез', 'Сыр твердый', 'Чеснок', 'Огурец маринованный', 'Паприка сладкая', 'Соль', 'Перец черный']","Продукты, которые нам понадобятся Лук режем полукольцами, морковь кружочками, обжариваем Перец режем кусочками, чеснок пластинками, добавляем к луку с морковкой, обжариваем Огурцы режем кружочками. Цуккини чистим, режем кружочками, патисончик чистим, режем. Примерно половину кружочков цуккини выкладываем слоем в смазанную маслом жаропрочную форму, распределяем патисончик, солим, перчим, посыпаем сладкой паприкой. Распределяем половину огурчиков Выкладываем половину обжаренных овощей Повторяем слои, и ставим в предварительно разогретую до 200 град духовку на 30 минут. Для заливки смешиваем натертый на крупной терке сыр, сметану и майонез. Помидорки черри режем пополам. Запеканку аккуратно вынимаем из духовки. Выкладываем помидорки, смазываем заливкой и снова отправляем в духовку до готовности- минут на 30. (ориентируйтесь по своей духовке)."
Индюшиный рулет с сухофруктами,"['Фарш индюшачий', 'Изюм', 'Курага', 'Чернослив', 'Яблоко', 'Сок яблочный', 'Яйцо куриное', 'Сухари панировочные', 'Соль', 'Порошок чесночный']","Яблоко, курагу и чернослив нарезать на мелкие кубики, добавить изюм, залить яблочным соком (или портвейном) и оставить на час. Из филе индейки приготовить фарш. Я приготовила его с помощью кухонного комбайна GALAXY GL2300. Чуть больше минуты - и фарш готов! Для дальнейшего приготовления фарш выложить в миску, добавить к нему яйцо, панировочные сухари, соль и гранулированный чеснок. Перемешать фарш и немного его отбить. Вымоченные сухофрукты слегка отжать, сок слить. Если хотите, чтобы начинка после приготовления была монолитнее и не рассыпалась при нарезке, добавьте к сухофруктам немного панировочных сухарей. На двойной лист фольги выложить фарш в виде длинного прямоугольника. Вдоль по центру выложить начинку. Завернуть фарш на начинку (с помощью фольги) и залепить. Получившийся рулет завернуть в фольгу и закрутить края. Положить рулет в форму для запекания и поставить в духовку, разогретую до 200°С. Запекать до готовности, около 30 минут. Если хотите, чтобы верх рулета подрумянился, аккуратно снимите фольгу с верха рулета за 10 минут до окончания приготовления. Готовый рулет вынуть из духовки, дать ему постоять минут 10, затем нарезать на порции и подавать. Очень вкусно! В холодном виде рулет тоже ушел у нас на ура. Приятного аппетита! Этот рулет приготовлен с помощью кухонного комбайна GALAXY GL2300. За рецепт спасибо Татьяне Назарук."
Холодный суп из авокадо с начинкой,"['Соль', 'Петрушка', 'Бекон', 'Кукуруза', 'Масло оливковое', 'Сметана', 'Сок лимонный', 'Авокадо', 'Вода', 'Лук репчатый']","Сначала готовом суп. Авокадо очищаем и нарезаем на небольшие куски. Кладем в блендер авокадо, сметану, лимонный сок, соль по вкусу и немного воды. Перемешиваем до состояния кашицы. Постепенно добавляем воду (или бульон) и доводим до желаемой консистенции. Я люблю этот суп сделать погуще. Получается вот такой суп. Он может храниться в холодильнике до 3 суток. Теперь готовим начинку. Лук и петрушку мелко нарезаем, бекон режем на маленькие куски, с кукурузы срезаем зерна. На нагретую сковороду наливаем оливковое масло и слегка обжариваем в нем лук. Добавляем кукурузу и жарим еще 3 минуты. Затем кладем бекон и петрушку и продолжаем жарить до готовности. Бекон отдаст весь свой жир и станет слегка обжaренным. Добавляем соль и перец по вкусу. При подаче кладем в середину тарелки начинку, а вокруг нее наливаем суп. Приятного аппетита!!!"
Сладкое ананасовое мясо с почти азиатским рисом,"['Говядина', 'Сок апельсиновый', 'Специи', 'Соль', 'Ананас', 'Чеснок', 'Рис', 'Яйцо куриное', 'Огурец', 'Соус', 'Перец чили']","1. Мясо нарезаем тоненькой соломкой, лучше немного подморозить его, перед тем как нарезать. В этот раз я не стала этого делать, и соломка получилась толще, чем надо. Это увеличивает время тушения. Обжариваем и добавляем чеснок. Зубчики нужно сначала раздавить, а потом мелко нарезать. Снова обжариваем с чесноком, солим немножко, потому что креветочный соус тоже солёный. Добавляем 1 стакан ананасового сока, креветочный соус, специи и отдельно сухой чили перец. Закрываем крышкой и оставляем тушиться на 1 час. Специи я привезла из Малайзии. Но их составляющие нам всем известны. В мясо мы добавляем: кориандр, тмин, анис, корица, кардамон, куркума, красный перец. А в рис кладём: звёздочный анис, корица, гвоздика, фенхель, перец. 2. Рис хорошо промываем. Отвариваем до готовности и снова промываем от лишней клейковины. Сливаем воду и отставляем в сторону, дожидаться своего часа. 3. яйцо взбиваем со 1 ст. л. воды, солим и жарим омлет с двух сторон. Нарезаем омлет соломкой. Огурец режем кубиком. 4. обжариваем рис на сковородке, добавляем нарезанный омлет, огурец и специи, о которых я написала выше. 5. Готовое мясо должно быть словно в густом карамельном соусе, каждый кусочек как будто находится в блестящей оболочке. Только тогда мясо считается приготовленным. Добавить нарезанный кружок ананаса, перемешать. Нужно хотя бы 3 кружка, я их специально оставляла. Хорошо, что вовремя заметила их отсутствие и буквально на последних секундах отбила хотя бы один.))) ПРИЯТНОГО АППЕТИТА!"
Апельсиновый манник с чиа и изюмом,"['Молоко', 'Закваска', 'Апельсин', 'Крупа манная', 'Кефир', 'Яйцо куриное', 'Сахар', 'Масло растительное', 'Мука пшеничная', 'Семена', 'Изюм', 'Разрыхлитель теста', 'Сода']","Для начала сделаем домашний кефир. В этом нам поможет закваска фирмы ""Oursson"". Берем пастеризованное молоко t=24*, смешиваем с закваской и ставим в специальный йогуртницу-термос на 8 часов. Вот такой он получается. Тщательно моем апельсин, режем, удаляем косточки. Добавляем сахар и измельчаем в блендере. Добавляем кефир, яйца и взбиваем до однородной массы. Добавляем манную крупу, семена чиа перемешиваем и оставляем на один час. Теперь добавляем масло, муку, соду, разрыхлитель и замешиваем тесто. Добавляем изюм и перемешиваем. Форму смазываем маслом и обсыпаем мукой. Кладем тесто и разравниваем. Выпекаем в горячей духовке при t=180 в течении 45-50 минут до готовности. Даем немного остыть и достаем из формы. Даем полностью остыть, посыпаем сахарной пудрой и подаем. ПРИЯТНОГО АППЕТИТА!"
"Салатик зимний ""Витаминный""","['Свекла', 'Морковь', 'Чеснок', 'Майонез']","Все овощи почистить. Свежую свеклу и морковку натереть на сырной терке, раздавить несколько зубчиков чеснока, всe перемешать, разложить по тарелочкам. Добавить ложку майонеза. Приятного аппетита!!!"
Сырный суп с шампиньонами и брокколи,"['Шампиньоны', 'Сыр плавленый', 'Брокколи', 'Картофель', 'Морковь', 'Масло растительное']","Шампиньоны нарезаем. Обжариваем минут 5-10. Морковку трем на терке и тоже обжариваем. Брокколи разделяем по соцветиям, на кусочки помельче. Можно брать свежую брокколи (в сезон), можно воспользоваться и замороженной. В таком случае перед приготовлением сырного супа брокколи слегка разморозьте, иначе будет сложно резать Картошку режем. В кипящую воду добавляем все ингредиенты, солим и варим в течение 10 минут. Тем временем натираем сырки на крупную терку. И добавляем в суп. Варим еще минут 5, пока сырки не разойдутся. Посыпаем сушеным укропом (при желании) и даем потомиться супчику еще пару минут. Подаем сырный суп с сухариками или гренками."
Салат из морепродуктов,"['Креветки', 'Кальмар', 'Кукуруза', 'Огурец', 'Листья салата', 'Майонез']","Кальмары отвариваем (варить 3 минуты), режем полосками. Мелко режем огурцы. Соединяем все ингредиенты: креветки + кальмары + огурцы + кукуруза + майонез + листья салата (можно кит. капусту). Чтобы салат был по-сочнее можно больше добавить огурцов ( у меня всего 2 было)) Также думаю, что и яйца его не испортят."
Окрошка на кефире с щавелем,"['Кефир', 'Вода минеральная', 'Щавель', 'Редис', 'Лук зеленый', 'Горошек зеленый', 'Соль', 'Огурец', 'Кукуруза', 'Сметана']","Итак, для начала приготовим кефир. Один маленький пакетик закваски рассчитан на один литр вкуснейшего натурального кефира. В литре молока комнатной температуры растворить порошок, хорошо размешать. Поставить на 10-12 часов в теплое место (в духовку, мультиварку, йогуртницу) для сквашивания. По готовности кефир хорошо охладить в холодильнике. Займемся приготовлением окрошки. Огурцы нарезать кубиком. Так же нарезать редиску. Щавель промыть, обсушить и мелко нашинковать. Зеленый лук нарубить колечками. Выложить подготовленные продукты в миску. Добавить зеленый горошек и кукурузу. Залить все подготовленной смесью из кефира и минеральной воды (по желанию можно взять простую воду). Посолить по вкусу. Готовую окрошку заправить сметаной. Приятного аппетита!"
"Салат ""Рыбацкий""","['Рыба', 'Лук репчатый', 'Огурец', 'Майонез', 'Кетчуп']","Рыбу (можно любую - хек, палтус, морской окунь, ангел и др.)или запечь на гриле (соль, перец, лимонный сок) или отварить до готовности(перец душистый и черный горошек, лаврушка), порезать небольшими кусочками. Лук порезать крупной соломкой, жарим до золотистости на растительном масле. Дать остыть. Выкладываем на блюдо рыбу, поливаем кетчупом или томатным соусом, потом слой лука, майонез. Украшаем дольками огурца, помидора. Дать пропитаться 1-2 часа в холодильнике. Салат получается очень сочным и вкусным, хотя в нем совсем мало компонентов. Приятного аппетита!!"
"Рыбный картофель к блюду ""Гефилте фиш""","['Бульон', 'Картофель', 'Соль', 'Перец чили']","Оставшийся после варки Гефилте-Фиш бульон с морковью, свеклой и шелухой перелили-переложили в отдельную кастрюлю Нарезали картошку. Долили воды. Поперчили, посолили. Имейте в виду, что бульон уже соленый и перченый. Варите до готовности. Подаете с рыбой. Можно есть как в горячем, так и в холодном виде."
Салат с килькой,"['Килька', 'Яйцо куриное', 'Картофель', 'Морковь', 'Огурец', 'Горошек зеленый', 'Яблоко', 'Майонез']","Картофель, морковь отварить, почистить, нарезать кубиками. Маринованный огурец тоже нарезать кубиками. Картофель, морковь смешать с зеленым горошком. ( майонезом не заправлять!!!) У килек отрезать голову и хвост, тушки выпотрошить и аккуратно разделать на филе. Яблоко почистить и натереть на крупной терке. Размешать с майонезом провансаль от Махеевъ. На плоскую тарелку выложить яблоко с майонезом. На него овощной салат горкой. Украсить сверху кильками и яйцом."
"Салат ""Селяночка""","['Грудка куриная', 'Чеснок', 'Перец болгарский', 'Шампиньоны', 'Сыр твердый', 'Маслины', 'Горошек зеленый', 'Майонез']","Грудку,перец и маслины порезать,чеснок пропустить через пресс,сыр потереть на тёрке.С грибов слить воду,добавить горошек и всё заправить майонезом.Чеснок можно не добавлять,но он добавляет свою пикантную нотку."
"Ватрушка с яблоками и клюквой ""Наоборот""","['Яйцо куриное', 'Сметана', 'Сахар', 'Соль', 'Масло сливочное', 'Мука пшеничная', 'Сода', 'Творог', 'Крупа манная', 'Яблоко', 'Клюква', 'Ванильный сахар']","Начнем приготовление ватрушки с начинки. Для этого яблоки помыть и очистить от кожуры и сердцевины. Разрезать на 8 долек. Обвалять в ванильном сахаре. Разложить яблоки и клюкву в форме для выпечки (у меня силиконовая). Далее приготовить творожную начинку. Для этого смешать в миске творог, сахар, яйца, манку. Взбить погружным блендером до получения однородной массы. Распределить творожную массу поверх яблок. Для теста в миске соединить яйцо, сметану, сахар, соль, перемешать. Добавить растопленное сливочное масло, перемешать. Далее просеять муку с содой и снова хорошо перемешать. Распределить тесто поверх творожного слоя. Поставить в холодную духовку, включить на 180 градусов, готовить 40-45 мин. Сразу из духовки не вынимать, а оставить ватрушку там до полного остывания духовки. Аккуратно перевернуть форму с ватрушкой на блюдо. Готовую ватрушку можно подавать к столу!!! Ватрушка получается очень нежная И сочная🤗 Разрезик☕ Приятного аппетита!!! ❤️❤️❤️"
Макрурус на гриле,"['Рыба', 'Соль', 'Перец черный', 'Масло растительное']","Первым делом надо сделать филе. Я раньше думал, что разделывать макруруса легче, когда он подморожен. Но Вячеслав Анзулис - шеф-повар ресторана ""Port Cafe"" (Владивосток) показал, как правильно разделывать. Для этого надо полностью макруруса разморозить, чтобы стекла лишняя жидкость. Филе разрезать на порционные куски. Их надо положить в дуршлаг не менее, чем на час, чтобы еще стекло максимум жидкости. После того, как жидкость стечет, нужно посолить и поперчить рыбу по вкусу. Теперь поговорим о гриле. Понадобится гриль с толстым дном. В идеале это чугунная сковорода-гриль, как у меня. Также подойдет стальной гриль с толстым дном. Если взять гриль или сковороду-гриль с тонким дном, то, когда положите рыбу, гриль локально потеряет температуру и рыба к нему может прилипнуть. Хорошо прогреваем гриль на средней температуре. У меня это 4 из 6. Смазываем гриль маслом. Обжариваем рыбу с двух сторон по нескольку минут. Пользуясь этими хитростями, Вы без труда приготовите нежнейшего макруруса на гриле. Приятного аппетита."
Роллы из баклажанов со сметанным соусом,"['Баклажан', 'Масло подсолнечное', 'Соль', 'Рис', 'Майонез', 'Огурец', 'Сырок плавленый', 'Сметана', 'Чеснок', 'Укроп']","- 2 средних баклажана помыть, обсушить, порезать вдоль на тонкие пластины, не очищая от кожуры. Хорошо посолить и оставить на 20 мин. С 2 сторон пожарить на рафинирован. подсолн. масле до мягкости. Дать стечь маслу, остудить. - пол стакана риса - сварить - 1 маленький огурец - порезать на брусочки - 1 плавленный сырок - порезать на брусочки - майонез - соль Остывшие пластины баклажан слегка смазать майонезом, распределить тонким слоем рис. С острого конца пластины овоща на рис положить поперек брусочек свежего огурца и брусочек плавленного сыра рядом. Аккуратно завернуть от острого конца к широкому. ПОДАТЬ С СОУСОМ: сметана+ мелко порезанный зубок чеснока+резанный свежий укроп+соль = перемешать. ПРИЯТНОГО АППЕТИТА!!"
"Деруны ""Деревня"" в горшочках","['Картофель', 'Грибы', 'Мясо', 'Яйцо куриное', 'Сметана', 'Лук репчатый', 'Мука пшеничная', 'Соль', 'Перец черный']","Мясо, какое имеется (у меня курятина) нарезать небольшими кусочками и обжарить на растительном масле. Добавить нарезанные соломкой грибы (у меня сыроежки)... ... и лук. Обжарить всё до золотистого цвета. Посолить, поперчить. Вот какая красота у меня получилась... Картофель натереть на мелкой тёрке, добавить яйцо, муку, соль и перец. Хорошенько перемешать. И поджарить небольшие дерунчики. В горшочки уложить слоями блинчики и зажарку. Каждый слой смазывать сметаной. Горшочки закрыть крышечками и поставить в разогретую духовку на минут 30. Получаются очень вкусное и нежное блюдо!!! Можно подавать на стол. ПРИЯТНОГО АППЕТИТА!!!"
Сендвич с сыром и запечённой уткой,"['Батон', 'Сыр плавленый', 'Утка', 'Зелень']","Даже не имея тостового хлеба, можно приготовить вкусные сендвичи. Ломтики батона обрезать по размеру сендвичницы. Утку нарезать тонкими брусками, зелень вымыть, обсушить, нарубить. На панель положить ломтики батона, на них пластинку сыра, рубленую зелень. Затем брусочки утки, сверху ещё сыр. Накрыть всё ломтиками батона. Готовить в сендвичнице 3 - 5 минут. Подать горячими. ПРИЯТНОГО АППЕТИТА!!!"
"Рыба ""Вдохновение""","['Картофель', 'Помидор', 'Майонез', 'Сыр твердый', 'Соль', 'Специи']","Выкладываем в форму рыбку ( заранее можно порезать на порционные куски ). Вокруг рыбки ложим картошку. Помидоры нарезаем кружочками и ложим сверху на картошку. Помидор желательно побольше ( тогда ещё вкуснее ). Всё ОБИЛЬНО смазать майонезом ( и рыбку тоже ), и посыпать тёртым сыром. Поставить в духовку на 50 мин при 200°. Рыбку конечно же чистим, моем, натираем солью, специями. И откладываем в сторону. Пока будем готовить картофель и помидоры, она немного просолится. Далее чистим картофель, режем на мелкие кусочки (можно кружочками ) в мисочку, также солим и немного перчика можно довавить."
Суп пюре из фасоли и моркови с красным перцем,"['Фасоль', 'Морковь', 'Лук красный', 'Масло растительное', 'Помидор', 'Перец красный жгучий', 'Соевый соус', 'Бульон', 'Соль', 'Шалфей', 'Тимьян']","Для этого рецепта нам понадобится белая фасоль марки Мистраль. Ее необходимо замочить на ночь, а утром отварить в большом количестве воды. После варки слить воду. Морковь и лук очистить от кожуры. Морковь и лук нарезать. Теперь нарезать помидоры. Красный острый перец очистить от семечек и мелко нарезать. В сковороде разогреть растительное масло. Всыпать лук и морковь, немного поджарить, затем всыпать помидоры и красный перец. Посолить, добавить травы и соевый соус. Влить бульон и тушить до готовности. Затем всыпать фасоль, прогреть несколько минут. Вытащить травы из супа и пюрировать с помощью блендера. Все, наш суп готов, прошу к столу!!!"
Самый вкусный яблочный пирог,"['Яйцо куриное', 'Мука пшеничная', 'Сметана', 'Масло сливочное', 'Соль', 'Сахар', 'Яблоко', 'Молоко сгущенное', 'Корица', 'Сахарная пудра']","Из всех ингредиентов замесить мягкое, эластичное тесто. Разделить на 4 части - 1 побольше, 3 поменьше. Яблоки очистить, удалить сердцевину, нарезать крупными кубиками. Сбрызнуть лимонным соком, добавить сахар, корицу, перемешать. Сахар для начинки регулируйте по своему вкусу. Раскатать большую часть теста, выложить в смазанную сливочным маслом форму, сформировав бортики. Форма должна быть небольшой - у меня шириной 13 см, длиной 20 см. Смазать растопленным маслом и выложить 1/3 яблок, полить сгущенным молоком. Накрыть следующим куском теста. Смазать маслом, выложить яблоки, полить сгущенкой и т. д. Накрыть последним кусочком теста, смазать маслом, сделать в центре отверствие. Выпекать в предварительно разогретой до 180*С духовке 40 минут. Готовый пирог густо присыпать сахарной пудрой. У меня пудра ванильная. Остудить и нарезать на порции. Приятного аппетита! Ещё раз уточняю: ""Форма должна быть небольшой""!"
Черничный пирог,"['Мука пшеничная', 'Желток яичный', 'Сахар', 'Масло сливочное', 'Вода', 'Черника']","Смешать масло, муку и сахар (несколько столовых ложек), добавить желток и холодную воду. Замесить тесто и поставить в холодильник на полчаса. Чернику перебрать и перемешать с сахаром. Форму смазать и положить туда тесто, чтобы края покрывали стенки. В некоторых местах сделать дырочки вилкой или зубочисткой. Положить начинку. Выпекать при температуре 200 градусов 20-30 минут. Приятного аппетита :)"
"Грибной суп ""Опятница""","['Опята', 'Крупа перловая', 'Картофель', 'Морковь', 'Лук репчатый', 'Майоран', 'Лист лавровый', 'Масло сливочное', 'Петрушка', 'Укроп', 'Вода']","Замочить в воде 3 ст. ложки перловой крупы на 20-30 мин. Опята промыть в холодной воде. Крупные опята нарезать мелкими кусочками, мелкие опята можно не резать. В кастрюлю добавить 2,5 литра воды, добавить опята в холодную воду. Кастрюлю поставить на средний огонь, довести до кипения, снять пенку. Кастрюлю накрыть крышкой и варить грибы на медленном огне в течение 5-10 мин. Затем добавить промытую перловую крупу и варить грибы и крупу до полуготовности крупы. Пока варится перловка и грибы, можно приступить к пассеровек моркови и лука. В сковороду добавить сливочное масло (1 ст. ложка), добавить нашинкованный полукольцами лук (1 шт.) и нарезанную/нашинкова нную соломкой морковь. Пассеровать лук и морковь до легкой золотистой корочки. Картофель (2 шт.) нарезать кубиками. Добавить картофель в грибной бульон и варить картофель до готовности. Затем добавить пассерованные лук и морковь, добавить майоран, соль и черный молотый перец добавить по вкусу, добавить лавровый лист. Дать прокипеть супу еще несколько минут и снять с огня. Дать настояться 10-15 мин. По желанию добавить свежую зелень петрушки и укропа, добавить сметану. Приятного аппетита!"
Закваска для бездрожжевого хлеба,"['Вода', 'Мука пшеничная', 'Мед']","1 фаза: 100г муки, 10г меда и 70г воды смешиваем, накрываем не очень плотно, чтобы дышала и ставим в теплое место на 2 суток. 2 фаза: через 2 суток смотрим, как пузырится наша закваска и пахнет кисленьким. Подкармливаем ее, засыпая 150г муки и 75г воды. 3 фаза: еще через сутки опять подкармливаем 150 г муки и 75г воды. К этому времени уже очень явный алкогольный запах и хорошие пузыри. 4 фаза: еще через сутки кормим в последний раз нашу закваску, оставляем на 12 часов. По прошествии этого времени она наиболее сильна и поднялась у меня до верху кастрюльки. Сфотать последнюю фазу я забыла. И вот наша закваска готова. Она похожа на густую сметану, очень липкая, тягучая и эластичная. 150 г закваски я взяла на хлеб, вот этот http://www.povarenok .ru/recipes/show/715 95/, а остальную убрала в баночку в холодильник. Теперь ее можно использовать вот таким способом: достаем из холодильника 50 г закваски, подкармливаем (добавляем по 50 г воды и муки), оставляем в тепле, пока не забродит и наша закваска готова к использованию."
Блинный ролл,"['Яйцо куриное', 'Вода', 'Молоко', 'Мука пшеничная', 'Сахар', 'Соль', 'Сода', 'Фисташки', 'Абрикос', 'Сахарная пудра', 'Масло сливочное', 'Сок апельсиновый']","Смешать ингредиенты для теста (яйца, воду, молоко, муку, сахар, соль, соду) в большой миске, взбить миксером, дать тесту отдохнуть несколько минут. Блинную сковороду смазать растительным маслом, испечь тонкие блины. Очищенные фисташки смолоть в блендере, обжарить. Добавить 50 граммов сахарной пудры и сливочное масло, перемешать до состояния пасты. Консервированные абрикосы смешать с 50 граммами сахарной пудры и стаканом апельсинового сока, уваривать на медленном огне до состояния густого джема. Если понадобится, пробить через блендер для однородности. Выложить фисташковую пасту на блин, скатать ролл, нарезать на равные части. Выложить на тарелку, сверху добавить джем. Посыпать измельченными фисташками. Приятного аппетита!"
"Кекс ""Воздушный шоколад""","['Белок яичный', 'Сахарная пудра', 'Сахар', 'Мука пшеничная', 'Какао-порошок', 'Сок лимонный', 'Ванильный сахар']","Белки взбить до густоты. Добавить сахар и сок лимона, ванильный сахар. Если вы используете настойку, то добавляете ее позже... Взбиваем до плотной массы. Добавляем настойку, если вы ее используете. Перемешиваем. Муку смешиваем с сахарной пудрой и какао, просееваем. Добавляем в белки сухие ингредиенты. Акуратно перемешиваем. Выкладываем тесто в форму для выпечки. Форму ничем не смазываем. Лучше использовать форму для кексов. Выпекать при температуре 180 градусов, 20-25минут. Готовность проверяем деревянной шпажкой. Достаем готовый кекс и оставляем остывать вверх тормашками. Этот кекс настолько воздушный, что может осесть под собственной тяжестью. Вот по этой причине мы и не смазывали форму. Оставляем до полного остывания. Готовый кекс можно полить глазурью или посыпать сахарной пудрой. И со стаканом молочка... Или прохладным осенним вечером... Угощайтесь на здоровье! Приятного вечера!"
Ленивый капустный пирог,"['Сметана', 'Мука пшеничная', 'Масло сливочное', 'Яйцо куриное', 'Сода', 'Специи', 'Капуста белокочанная', 'Лук репчатый']","Слова автора. Слегка обжариваем на растительном масле репчатый лук Шинкуем полкочанчика капусты (около 0.5 кг) Добавляем шинкованную капусту к луку. Также слегка обжариваем капусту минут 10. Оставляем начинку до полного остывания. В это время готовим тесто. [b]Тесто.[/b] Брала на половину сметану и кефир, добавляем соду (не гасим), яйца, взбила миксером Добавить муку и сливочное масло. Специи, соль, перец красный, сухой базилик, кому какие нравятся приправы, тоже добавляем в тесто Все компоненты пирога готовы. Перемешиваем тесто с начинкой И выкладываем в форму для выпечки. Сверху обсыпала кунжутными семечками. Отправляем в духовку с температурой 200*С На 30 минут или до готовности (ориентируйтесь по своей духовке) Вкусный пирог как в теплом, так и в холодном виде."
"Рулет из куриного филе ""Мелодия""","['Филе куриное', 'Бекон', 'Соевый соус', 'Чеснок', 'Масло растительное', 'Печень куриная', 'Шпиг', 'Лук-порей', 'Чернослив', 'Лимон', 'Уксус', 'Сахар коричневый', 'Вода', 'Соль', 'Перец черный']","Нам понадобятся все продукты, кроме яблока. Филе вымыть и обсушить. Острым ножом разрезать вдоль и раскрыть. Филе поместить в целлофановый пакет и слегка отбить. Маринад готовим из соевого соуса, растительного масла и трёх зубчиков чеснока, выдавленных через пресс. Мясо смазываем маринадом с двух сторон и оставляем на 30 - 40 минут. В это время займемся подготовкой начинки. Сначала готовим маринад для чернослива. В яблочный уксус добавляем коричневый сахар и перемешиваем. Затем добавляем лимонные корочки. Чернослив моем, заливаем маринадом и оставляем на 20 минут. Шпик необходимо мелко нарезать и растопить на сковороде до состояния шкварок. Я его немного не додержала! Затем добавляем нарезанную куриную печенку и обжариваем несколько минут. Солим и перчим по вкусу. Чернослив достаём из маринада, разрезаем пополам и выкладываем на сковороду. Всё перемешиваем и жарим несколько минут. Сюда же добавляем лук-порей, нарезанный кружочками, и слегка обжариваем. Затем начинку со сковороды перекладываем, а жир оставляем, он пригодится для запекания! Филе достаём из маринада, на него выкладываем внахлёст ломтики бекона, затем - начинку. Поднимая края, сворачиваем рулет. Его можно перевязать нитками или скрепить зубочистками. В форму для запекания добавляем жир со сковороды, воду и выкладываем рулет. Форму плотно закрываем фольгой и ставим в разогретую духовку. Запекать будем при 200 градусах 20 минут, а потом фольгу снимаем и держим в духовке ещё 10 минут. Я запекала при 180 градусах 40 минут, и 10 минут без фольги. Вы ориентируйтесь по своей духовке. Рулет отлично пропёкся! Вот такой он в разрезе! Начинка сочная и мясо нежное! Этот рецепт я приготовила в подарок для Наташи (LNataly )! Наташенька, я не смогла порадовать тебя в День рождения, пусть это случится 1 апреля! Пусть весёлый настрой сегодняшнего дня приносит радость и улыбки каждый день! Этот рецепт - участник акции ""Готовим вместе - кулинарная неделя"". Обсуждение приготовления на форуме - http://forum.povarenok.ru/viewtopic.php?f=34&t=6614"
Утка в пиве,"['Утка', 'Пиво светлое', 'Лук репчатый', 'Маргарин']","Тушку утки мою, удаляю все оставшиеся перья и разрезаю на порционные куски. Кусочки обжариваю в сковороде до золотистого цвета. Перекладываю мясо в утятницу. В том же жире, где жарилась утка, обжариваю крупно порезанный лук тоже до золотистого цвета. Отправляю его в утятницу. Заливаю все это пивом. НЕ СОЛЮ!!! Ставлю утятницу с закрытой крышкой в духовку, примерно, на 1 час (время зависит от вида утки), после чего крышку снимаю и запекаю еще минут 15. Утка готова. Приятного аппетита!"
Суп из баранины с нутом,"['Баранина', 'Нут', 'Перец болгарский', 'Лук репчатый', 'Чеснок', 'Морковь', 'Помидор', 'Масло растительное', 'Тимьян', 'Кориандр', 'Зира', 'Соль', 'Перец черный', 'Лист лавровый', 'Лук красный', 'Кинза', 'Перец чили']","1. Нут замочить на ночь, затем слить воду, залить чистой и варить до готовности. Баранину вымыть, обсушить, залить водой. Довести до кипения, снять пену и варить до готовности. 2. Лук, чеснок и морковь почистить. Овощи вымыть. лук и чеснок нарезать кубиком, морковь натереть на терке. 3. С помидор снять кожицу и нарезать кубиком. У перца удалить семена и нарезать произвольно. В сковороде разогреть масло, выложить лук и чеснок, тимьян, кориандр, зиру и обжарить до прозрачности. 4. Затем добавить морковь и обжарить. Тимьян вынуть, добавить помидоры и потушить 5-7 минут. Снять с огня. 5. Готовое мясо вынуть, отделить от костей и вернуть в кастрюлю. В кастрюлю с мясом добавить нут, болгарский перец и варить 2-3 минуты 6. Затем добавить зажарку, довести до кипения, посолить, поперчить по вкусу. Потомить 5 минут, добавить лавровый лист и снять с огня. 7. Ялтинский лук нарезать перьями, острый перец колечками. В тарелку с супом положить немного лука, острого перца по вкусу и листочки кинзы. Приятного аппетита!"
Тыквенные пирожные,"['Маргарин', 'Сахар', 'Яйцо куриное', 'Пюре овощное', 'Мука пшеничная', 'Крахмал', 'Кефир', 'Сода', 'Варенье', 'Молоко сгущенное', 'Какао-порошок', 'Масло сливочное']","Маргарин растопить и взбить с сахаром. Вбить по одному яйца, взбивая миксером после каждого. Добавить кефир и тыквенное пюре, перемешать. Добавить гашеную соду и просеять муку с крахмалом. Перемешать (но не очень долго), вылить на противень и выпекать при 180-200 град. до зарумянивания. Разрезать готовый пласт пополам (я для удобства разрезала на 4 части) и густо промазать вареньем (оно потом очень хорошо пропитывает корж!). Для глазури нагреть масло, сгущенку и какао, проварить до загустения и произвольно украсить пирожные (предварительно разрезав их на порционные кусочки). Приятного аппетита!"
Конфеты для шампанского,"['Масло сливочное', 'Сахар', 'Молоко', 'Какао-порошок', 'Миндаль', 'Ром']","Для этого рецепта беру коричневый сахар Мистраль. Орехи размолоть на кофемолке до очень мелкого состояния. Пересыпать в миску. Насыпать в сотейник сахар, какао, положить масло и влить молоко; разогревать на медленном огне... ... до однородности. Когда смесь будет однородной и густой, влить ром, перемешать и снять с огня. Готовую смесь влить в молотые орехи и замесить тесто. Если смесь будет рассыпаться, добавляйте по чайной ложке горячее молоко. У меня сразу получилась эластичная масса. Сформировать вручную шарики и сделать выемку ножом, чтобы потом надевать на бокал. Если будете подавать просто как конфеты, то это не обязательно, смесь очень послушная, она примет любую форму. Используйте медицинские перчатки, это предохранит ваши руки от горячей смеси. Готовые конфеты выложим на тарелку до полного остывания, в холодильник ставить необязательно. Немного из истории конфет. История конфет началась давным-давно. Это сегодня полки магазинов ломятся от красиво упакованных сладостей самых разных видов. Но путь от первой конфеты до современной, завернутой в блестящий фантик или уложенной в красивую коробку, был долгим. Самые первые кондитеры появились в Древнем Египте. Там научились особым образом варить сладости из меда, фиников с добавлением миндаля и плодов фиги. Подобие современных конфет готовили в Древнем Риме: там кроме меда в ход шли орехи, маковые зернышки и кунжут. В Древней Руси научились готовить сладости из патоки и меда. Слово «конфета» в переводе с латинского означает «приготовленное снадобье». Только вот снадобье это длительное время являлось привилегией знати и богачей, будучи недоступным простолюдинам. В 1659 году во Франции Давид Шэлли открывает шоколадную фабрику – первую в мире! На ней изготавливаются сладости необычных форм, напоминающие конфеты. Спустя 12 лет французский посол в Бельгии изобретает пралине – сладкий десерт из смеси засахаренного меда, шоколада и тертого миндаля. Первые же мармеладные конфеты, по заверениям историков кулинарии, появились в Малой Азии, где их готовили из айвы и яблок. Самые интересные повороты можно проследить в истории шоколадных конфет. Сначала их считали чуть ли не панацеей от многих болезней и настоящей магической едой. Когда выяснилось, что шоколад ничего не лечит, его начали ругать все, кому не лень. Вот строка из письма одной барышни своей подруге, живших в XVI веке в Европе: «Не советую тебе больше есть шоколад. Одна моя знакомая ела его, когда была беременная, и родила абсолютно черного ребенка.» Как же я люблю конфеты! Как же я люблю конфеты, расскажу вам по секрету. Круглый год, зимой и летом только думаю об этом! Не поверите, народ,- удовольствий полон рот! Ну, зачем же есть котлеты, кашу с маслом, винегреты, если знаете при этом, то, что в доме есть конфеты! Джем, повидло и варенье ем всегда без настроенья. Торты, пудинги и кексы тоже мне не интересны! Шоколадки тоже сладки, но в них нет такой помадки! Шоколадки без начинки- будто книжки без картинки! Кушать их неинтересно, даже вредно, если честно! Вот, возьму кило, к примеру, угощу конфеткой Веру. И еще подружке Свете дам всего одну конфету. Угостить и вас конфетой? Не мечтайте вы об этом! Остальные все с собой заберу опять домой! Пусть везде лежат: в кармане, на столе и на диване. В кухне, зале и прихожей пусть лежат конфеты тоже! Даже в спальне, под подушкой, даже в сумке, где игрушки! Если в доме нет конфеты - точно, это - конец света! Я конфеты так люблю, их не ем лишь,... когда сплю! Вот, проснулась на рассвете,- в голове опять конфеты. Даже глаз уже косит: за конфетою следит! Эти стихи Гацько Елены отлично передают моё отношение к конфетам."
Лазанья с тыквой и вялеными томатами,"['Тыква', 'Чеснок', 'Лук репчатый', 'Молоко', 'Масло сливочное', 'Мука пшеничная', 'Сыр твердый', 'Лазанья', 'Томаты вяленые', 'Соль', 'Перец черный']","Тыкву очистить и нарезать кубиками. Лук очистить и мелко нарезать, так же поступить с чесноком. Вяленые томаты измельчить. Разогреть сковороду, влить туда масло от вяленых томатов и обжарить немного лук, чеснок, тыкву и томаты. Затем влить немного кипятка и тушить около 15 минут. Для этого рецепта я использовала листы лазаньи марки Пармалат. Жаропрочную форму смазать маслом, на дно положить две пластины лазаньи, сверху тушеные овощи. Чередовать слои: лазанья, овощи, последним слоем должна быть лазанья. Теперь приготовим соус. Для этого надо в сливочном масле пассеровать муку. Постепенно влить молоко, при этом постоянно мешать, чтобы избежать образование комков, добавить горсть сыра, посолить, поперчить и варить до загустения около минуты. Залить соусом лазанью. Посыпать оставшимся сыром и запекать в разогретой до 180*C духовке в течение 30-35 минут. Вкусно как в горячем, так и в холодном виде!!!"
"Пирожное ""Коврижка""","['Масло сливочное', 'Шоколад темный', 'Мука пшеничная', 'Какао-порошок', 'Яйцо куриное', 'Ванильный сахар', 'Корица', 'Имбирь', 'Орех мускатный', 'Кориандр', 'Разрыхлитель теста', 'Молоко сгущенное']","Плитку темного шоколада и масло сливочное растопить удобным для вас способом, но не кипятить. Сыпучие ингредиенты (мука пшеничная, какао-порошок, разрыхлитель теста, ванильный сахар, корица, мускатный орех, кориандр и имбирь) смешать в одной емкости. В шоколадно-масляную массу добавить яйцо куриное. Тщательно перемешать, немного при этом взбивая. Полученную массу соединить с сыпучей смесью и тщательно перемешать до однородной консистенции. Выложить тесто в смазанную маслом форму и выпекать в нагретой духовке до готовности (проверить лучинкой). В моей духовке нельзя выпекать в силиконовых формах, потому мне пришлось изготовить самой, если кому-то нужен совет как, то обращайтесь, помогу обязательно. Можно просто выпечь одним коржом, затем нарезать на порции. Готовые полусферки или прямоугольники, квадратики и т. п. (8 шт.) соединить количеством вареного сгущенного молока (1 ч. л. с горкой) попарно, при желании украсить глазурью. Вот такие пирожные у меня получились! Сахар в тесто не кладу совсем, т. к. для нашей семьи достаточно сладости, которую дает шоколад, сгущенное молоко и глазурь. Если любите послаще, то можно добавить 3-5 ст. л. сахарного песка. Приятного аппетита!!!"
Постная дрожжевая лепёшка,"['Мука пшеничная', 'Сахар', 'Соль', 'Дрожжи', 'Вода', 'Масло подсолнечное', 'Томаты вяленые', 'Семечки тыквенные', 'Базилик', 'Розмарин']","Делаем тесто. Муку просеиваем и добавляем к ней соль, сахар, дрожжи. Соединяем. Наливаем тёплую воду и масло подсолнечное не рафинированное. С ним лепёшка будет ярче и вкусней, чем с рафинированным маслом. Силиконовой лопаточкой замешиваем тесто и затем работаем руками. Тесто очень податливо, к рукам не пристаёт. Скатываем тесто в шар и помещаем в эмалированную посуду или посуду, смазанную маслом. Ставим в тёплое место на 30-40 минут. Вяленные томаты у меня были в пакетике, сухие. Я их порезала помельче и залила подсолнечным маслом, опять же не рафинированным. Тесто увеличилось в размере. Обминаем его и формируем из него лепёшку, прямо руками. Можно использовать скалку. Выкладываем на противень. Я использую антипригарную форму. Диаметр лепёшки примерно 20-22 см. Обмазываем верх кисточкой с подсолнечным маслом не рафинированным. Как я уже говорила, у лепёшки цвет будет ярче! Для лепёшки в принципе и всё. Иногда её я посыпаю сухой петрушкой и укропом, иногда-орегано, иногда тмином. Сегодня я на неё уложу вяленые помидоры, семечки, посыплю базиликом и розмарином сухими-такой праздничный вариант. Ставлю в разогретую духовку до т-180-200 С на 15 минут. Готова! Покрасила яйца жидкими красителями ТМ Dr. Oetker. Оказывается, что эта торговая марка ещё и их выпускает. С удовольствием попробовала. Подаём. Разлом лепёшки. Похожа на фокаччу, только фокачча делается исключительно на оливковом масле. Замечательная лепёшка! Вкусная и ароматная! Простая в исполнение! Её можно есть и просто - безо всего. Можно с супом и с салатом... и т д! С рафинированным маслом пробовала, получается бледноватая. Сделала вывод-лучше не рафинированное холодного отжима."
Кекс классический,"['Маргарин', 'Сахар', 'Кефир', 'Сода', 'Мука пшеничная', 'Ванильный сахар', 'Яйцо куриное']",Маргарин растопить Всыпать сахар и размешать Вбить яйца (вбивать по одному яйцу и перемешивать) Добавить кефир Погасить соду кефиром Добавить муку (добавлять пока тесто не будет как густая сметана) Поставить в разогретую духовку Приятного аппетита!
"Пирожки ""Малышки""","['Картофель', 'Лук репчатый', 'Масло сливочное', 'Масло растительное', 'Соль', 'Сахар', 'Дрожжи', 'Молоко', 'Мука пшеничная', 'Перец черный']","Приготовить начинку (начинка может быть любой, только обязательно густой). Нарезать лук. Лук, посолить, поперчить, добавить немножко сахарку. Обжарить на растительном масле с добавлением сливочного масла до прозрачности. Картофель почистить и отварить до готовности. Отварной картофель пюрировать, добавить жаренный лук, перемешать. Дать начинке остыть. Масло растопить и дать слегка остыть. Молоко подогреть, добавить сахар и дрожжи. Дрожжи должны разойтись. В миске соединить растопленное сливочное масло и молочно-дрожжевую смесь. Смесь должна быть теплой. Просеять муку и соль. В сливочно-дрожжевую массу постепенно добавить муку. Перемешивать ложкой. Выложить тесто на стол, припыленный мукой. Немного подмесить. Тесто готово! Оно должно быть мягким. Разделить тесто на 6 равных кусочков. Каждый кусочек раскатать в тонкий пласт (желательно прямоугольник). Разложить начинку вдоль длинной стороны теста. Свернуть в рулет и защепить края. А сейчас самое интересное - формовка!!! Руку припылить мукой. Ребром ладони делать распиливающие движение, так чтобы рулет катался под рукой. Благодаря распиливанию, края пирожков сами склеиваются. Но я все-равно краешки слегка придавливаю. Выложить пирожки на противень, застеленный пекарской бумагой. Смазывать ничем не надо. Отправить в разогретую духовку (180 градусов). Выпекать 25-30 минут. Если эти пирожки сильно не поджаривать, они будут мягкими-мягкими. А если чуть больше подержать их в духовке, они будут хрустящими. И тесто покажется - слоеным. Вот они какие внутри - мало теста и много начинки! Приятного аппетита!"
Рулет мясной с крабовыми палочками,"['Фарш мясной', 'Лук репчатый', 'Чеснок', 'Специи', 'Крабовые палочки', 'Яйцо куриное', 'Укроп', 'Сыр мягкий']","В фарш добавить специи, мелко рубленый чеснок и лук, перемешать Отварные яйца и сыр натереть на терке, укроп мелко нашинковать, все перемешать Крабовые палочки обвалять в начинке Марлю намочить в холодной воде и расстелить, на нее выложить фарш и руками выровнять толщиной 1 см Сверху выложить палочки с начинкой и свернуть в рулет, руками помочь плотно стянуть марлю Марлю аккуратно снять, это легко, фарш очень податливый Рулет выложить швом вниз на форму, где он будет запекаться с 3 ст. л. оливкового масла. На рулете сделать пальцами небольшие выемки, и отправить рулет запекаться на 20 мин при 200 градусах Приятного аппетита"
"Салат ""Калейдоскоп""","['Приправа', 'Грудка куриная', 'Перец болгарский', 'Огурец маринованный', 'Кукуруза', 'Лук красный', 'Майонез']","На лист из приправы МАГГИ выложить на одну сторону слегка отбитую грудку. Накрыть второй стороной бумаги, прижать ладонью и обжарить грудку с двух сторон на сухой сковороде по 7 минут с каждой стороны. С кукурузы слить жидкость и выложить в салатник. Добавить нарезанный мелким кубиком огурец и перец. Красный лук нашинковать как можно мельче, добавить майонез. Готовую куриную грудку нарезать маленьким кубиком. Салат перемешать. Приятного аппетита!!!"
Цветные пельмешки,"['Мука пшеничная', 'Сок', 'Сок морковный', 'Яйцо куриное', 'Фарш мясной', 'Соль', 'Чеснок', 'Лук репчатый']","Готовим два вида теста - одно из свекольного сока, яйца и муки, другое - из морковного сока, яйца и муки. Фарш - свинина, говядина, куриннный фарш, лук, чеснок, соль. Лепим из теста пельмени. Вот такие они получаются. Варим как обычно в подсоленной воде, с добавлением лаврового листа. Приятного аппетита! Дочка уплетала за обе щеки :-)"
Фриттата с рисом и овощами,"['Яйцо куриное', 'Рис', 'Помидоры черри', 'Сосиска', 'Молоко', 'Шафран', 'Зелень', 'Приправа', 'Морковь', 'Фасоль стручковая', 'Кукуруза', 'Горошек зеленый', 'Масло оливковое']","Готовим омлетную заливку: взбить яйца с молоком в блендере и добавить зелень и специи. Отварим рис по инструкции. В немного остывший рис добавим шафран, половину омлетной заливки и перемешаем. Обжариваем на оливковом масле порезанные овощи; морковь, зеленую фасоль, добавляем к ним кукурузу с горошком и специи. Шинкуем зелень и нарезаем тонкими кружочками сосиски. Разогреваем духовку до t 190 С. Достаем формочки для выпечки, у меня силиконовые, их не надо смазывать маслом. В каждую ячейку выкладываем рис. На рис кладем овощную начинку. Заливаем начинку взбитыми яйцами. Сверху раскладываем кружочки сосисек и отправляем формочки в духовку на 20-30 мин., выпекаем до золотистой корочки. Достаем из духовки формочки, немного остывают и выкладываем фриттату на блюдо. Украшаем фриттату половинками черри и подаем холодной или горячей, можно со сметаной с зеленым салатом и хрустящим хлебом. Можно завернуть в листик зеленого салата, на верх положить ложечку сметанки и наслаждаться. Приятного аппетита!"
Пасхальный кулич с творогом,"['Молоко', 'Дрожжи', 'Сахар', 'Мука пшеничная', 'Яйцо куриное', 'Желток яичный', 'Ванильный сахар', 'Творог', 'Йогурт', 'Маргарин', 'Соль', 'Масло растительное', 'Крахмал кукурузный', 'Белок яичный', 'Сахарная пудра', 'Сок лимонный', 'Посыпка кондитерская', 'Изюм', 'Ром', 'Цедра апельсина']","Готовим опару. Дрожжи размять на небольшие кусочки. Влить теплое молоко, добавить сахар, перемешать. Добавить муку. Замесить жидкое тесто и оставить в тепле, чтобы опара поднялась. Изюм залить ромом. Добавить цедру апельсина, перемешать. В миску для замеса теста выложить творог, йогурт, добавить соль, влить растопленный маргарин и все перемешать. Через 45мин. опара готова, добавить ее в миску для замеса. Яйца взбить вилкой и добавить в миску. Добавить немного муки, всыпать сахар, начать замес теста с помощью лопатки. Муку (278г) вводить частями, тесто липкое, с лопатки не должно падать. Ром от изюма слить в тесто. В изюм добавить муку и крахмал, перемешать и добавить в тесто. Изюм перемешать с тестом, на край теста добавить растительное масло и хорошо вымесить тесто лопаткой. Миску закрыть крышкой и убрать в теплое место на 1-1,5часа. Через 80 мин. тесто подошло. Рабочую поверхность обильно присыпать мукой, тесто брать частями и нежно обвалять в муке, помогая скребком, сформировать шар, по размеру как вам нужно для вашей формы. Формы смазать маслом. Тесто должно занимать примерно треть формы, закрыть пленкой и убрать в теплое место для подъема. Если брать теста больше, структура готового изделия будет плотнее. Я провела эксперимент и взяла теста 1/4 большой формы. Из остального теста я решила сделать мини-куличи в силиконых формах для маффинов. Здесь теста взяла правильно- треть формы. Накрыть их пленкой (ее обильно припылить мукой) и убрать в теплое место. Подошеднее тесто можно смазать взбитым яйцом (это не обязательно), делать очень аккуратно, чтобы не потревожить тесто. Печь в разогретой духовки до 180С большие формы 30-40 мин., маленькие 15-20мин., готовность проверить деревяной спицей. Следите за своей духовкой. Если тесто начнет пригорать, закройте форму фольгой и продолжить выпечку. Остудить в формах. Большие формы повернуть на бок. Готовим глазурь-мокрое безе. Белки взбить в небольшую пену, добавить лимонный сок и частями сахарную пудру, продолжаем взбивать. Миску с белками выставить на кипящую воду, следите, чтобы миска не касалась воды. Взбить до пиков 2-3мин. Глазурь, приготовленная таким способом, не превращается в сухую корку, остается влажной. Остывшие куличи вынуть из форм, покрыть белковой глазурью. Светлой Пасхи!!! Гармонии, любви, семейного уюта и счастья!!! Этот рецепт - участник акции ""Готовим вместе - кулинарная неделя"". Обсуждение приготовления на форуме - http://forum.povarenok.ru/viewtopic.php?f=34&t=6828"
Салат с морской капустой,"['Перец болгарский', 'Тыква', 'Капуста морская', 'Зелень', 'Хлебцы']","Перец нарезать на полосочки. Тыкву натереть на крупной тёрке. Залить рассолом от морской капусты. Я всегда беру такую, где рассол состоит из воды, растительного масла, сахара и соли. Оставить минимум на 2 часа. Поставить в холодильник. Я это делаю в основном утром, а вечером ( или днём) у меня уже вкусный салат. Слить лишнюю жидкость. Добавить морскую капусту. Добавить нарезанную зелень. Подавать с хлебцами. Приятного аппетита."
Бисквитик к чайку,"['Яйцо куриное', 'Сахар', 'Мука пшеничная', 'Разрыхлитель теста', 'Молоко', 'Орех мускатный', 'Ванильный сахар', 'Масло сливочное', 'Орехи грецкие']","Яйца взбиваем с сахаром, чтобы масса увеличилась в 3 -4 раза, затем добавить разрыхлитель и дать постоять 5 мин., а затем взбиваем еще минут 5 -10 и вводим пpосеянную муку, медленно помешивая деревянной ложкой в одном направлении. Тесто готово. Форму для выпечки смазать маслом сливочным и вылить тесто в форму, выпекать до готовности. Готовность проверять спичкой. Готовый корж остудить и разрезать на два. Смазываем кремом, а сверху посыпать орешками и еще смазать кремом, сверху кладем второй корж и смазываем кремом верх и бока, верх тоже посыпала орешками. Крем: яйца и сахар перемешать, добавить муку и, постоянно помешивая, влить молоко, а затем ставим на медленный огонь и варим до загустения, добавляя ванильный сахар и мускатный орех. Готовый крем остудить, а затем добавить масло и все взбить."
Суп вермишелевый,"['Лук репчатый', 'Морковь', 'Картофель', 'Вермишель', 'Масло растительное', 'Бульон', 'Соль', 'Перец черный', 'Лист лавровый']","Нарезать кубиками овощи: лук, морковь, картофель. В кастрюлю, в которой будет вариться суп, налить растительное масло и обжарить нарезанные овощи в течение 5 минут. Добавить 2 литра бульона. Если хотите приготовить постный суп, можно просто добавить воду. Результат будет не хуже. Добавить специи: соль, перец, лавровый лист. Все тщательно перемешать и варить около 15 минут после закипания на среднем огне. Добавить вермишель и варить еще около 10 минут. Суп готов! Приятного аппетита!"
Ирландский крекер,"['Бекон', 'Лук репчатый', 'Чеснок', 'Орехи грецкие', 'Сметана', 'Масло оливковое', 'Грибы', 'Соль', 'Перец белый', 'Крекер', 'Чечевица']","Приготовлю все продукты. Чечевицу ставлю варить на 30 минут. Отваренную чечевицу оставить остывать, а пока займусь грибами. Из грибов удалим ножку и ВНИМАНИЕ! сделаем врез на шляпке, чтобы она устойчиво стояла на крекере. Налью 3 ст. ложки масла на сковороду, положу давленый чеснок, как только он отдаст аромат, его вынимаем и выкидываем. Кладем лук, его сразу посыпаем черным перцем для аромата, обжариваем. Добавляем бекон, немного обжариваем и кладем чечевицу. Перемешиваем. Добавляю сметану, солю. Кладу орешки. Немного орехов оставьте на украшение готовой закуски. Немного укропа, и готовой начинкой фарширую шляпки грибов. Грибы запекаются в духовке при 200 градусах 12- 15 минут. Для приготовления грибного соуса налить на сковороду немного оливкового масла, положить мелко порезанный лук (оставшуюся половинку от луковицы). Немного обжарить и добавить порезанные ножки грибов, обжарить, добавить сметану и соль, как только соус загустеет - снять. Измельчить в блендере. Соус готов. Теперь можно собирать закуску. Беру тарелку, на которой буду подавать, и присыпаю её укропом, можно положить орешки. На крекеры кладу немного грибного соуса. Выкладываю шляпки шампиньонов. На них еще немного соуса. Положить орешки и присыпать зеленью. Приятного аппетита!"
Курица с рулетиками в духовке,"['Курица', 'Майонез', 'Чеснок', 'Соль', 'Перец черный', 'Мука пшеничная', 'Вода', 'Лук репчатый', 'Масло сливочное']","Подготовим продукты. Включим духовку на 200-220 градусов, разогреваться. Курицу разделаем на куски, посолим, поперчим, добавим майонез. Чеснок натрем на терке или выдавим через пресс туда же. Перемешаем и отставим мариноваться. Обычно хватает 20 мин. Из воды, соли и муки замесим тугое тесто. Девочки, в раскладке даю примерное кол-во ингредиентов, потому что сама все давно делаю на глаз. Готовое тесто отправим отдохнуть. Пока тесто отдыхает, чистим и мелко режем лук. Я в этот раз попробовала измельчить лук блендером, не понравилось. Весь сок стек. Лучше ножом. Наше тесто отдохнуло, делим его на несколько частей, у меня получилось 4. Правда, использовала только 2. Часть теста тонко раскатываем, смазываем сл. маслом, выкладываем часть лука, солим, перчим и сворачиваем рулет. Режем рулет на части. На противень выкладываем курицу, перемежая рулетиками. Сверху рулетики смазываем оставшимся от курицы майонезом. Они не должны лежать очень плотно друг к другу. Но и не редко. Чтобы не осталось лишних рулетиков, не поместившихся на противень, я сначала выкладываю курицу, а потом по мере скручивания, и разрезания, рулетики. Ставим в разогретую духовку на 45-50 мин. Когда курица готова, выкладываем на блюдо и зовем семью к столу. Приятного аппетита!!!"
Картофельный салат по-американски,"['Картофель', 'Яблоко', 'Сельдерей черешковый', 'Тунец', 'Майонез', 'Лук красный']","Все составляющие салата режем кубиком, тунца разминаем вилочкой Перемешать, заправить майонезом и выложить в салатник. По желанию украсить зеленью."
"Пельмени в горшочке ""Амур""","['Пельмени', 'Печень говяжья', 'Морковь', 'Лук белый', 'Соль', 'Приправа', 'Майонез', 'Масло растительное']","Печень моем, очищаем от пленки и режем тоненькой соломкой (лучше всего брать слегка подмороженную, тогда легче режется) Лук режем кубиками Морковь трем на средней терке На хорошо разогретой сковороде на растительном масле обжариваем печень Добавляем лук Добавляем морковь, все обжариваем, перемешиваем Отвариваем пельмени Готовые пельмени раскладываем по горшочкам В горшочки добавляем обжарку Заливаем в горшочки бульон, в котором варились пельмени. Добавляем по вкусу соль, приправу и майонез Закрываем горшочки крышкой и ставим в духовку на 15-20 минут при температуре 180 градусов. Приятного аппетита!"
Ложная жареная рыба,"['Курица', 'Капуста белокочанная', 'Яйцо куриное', 'Сухари панировочные', 'Соль', 'Перец черный', 'Чеснок', 'Масло подсолнечное']","Курицу (можно заменить куриными окорочками) отварить, при этом посолив. Мясо разделать, отделить от костей и разделить на небольшие кусочки. Поперчить, добавить выдавленный через чеснокодавку чеснок и хорошо перемешать. Разобрать капусту на листья обычным способом. Утолщённые места срезать или отбить молоточком. В подсоленную кипящую воду опустить листья и на среднем огне довести до готовности. Вытаскивать листья нужно осторожно, чтобы не порвать (лучше шумовкой). Два яйца взбить, подготовить панировочные сухари. В серединку каждого листа капусты положить мясо, завернуть конвертиком. Обмакнуть сначала в яйце, потом в сухарях. Обжарить на подсолнечном масле с обоих сторон до золотистого цвета. На жареное филе рыбки похоже, не правда ли? Приятного аппетита! В разрезе..."
Любимые баклажаны по рецепту мамули,"['Баклажан', 'Помидор', 'Морковь', 'Лук репчатый', 'Перец сладкий', 'Чеснок', 'Соль', 'Масло растительное']","Подготовить овощи. Баклажаны нарезать полосками, пересыпать солью и оставить на 15 минут (для удаления горечи кожицы). Промыть баклажаны водой и обсушить полотенцем. .. Нарезать баклажаны кубиками и обжарить на растительном масле. Лук и морковь нарезать кубиками и обжарить. Сладкий перец освободить от плодоножки, очистить от семян, нарезать маленькими полосками и пассеровать с луком и морковью. Пассерованные овощи соединить с баклажанами, убавить огонь и продолжать тушить. Надрезать ""попки"" помидор крест-накрест, обдать кипятком, снять кожицу, нарезать кубиками и обжарить вместе с нарезанными вдоль на полоски зубчиками чеснока. Добавить томатно-чесночную смесь в баклажаны, перемешать, посолить и продолжать тушить под крышкой еще около 5-10 минут. Такое рагу подойдет как на гарнир так и на закуску. Подается как в холодном так и в горячем виде. Очень вкусно со сметанкой и зеленью. Приятного аппетита!"
Мусс из ягод,"['Ягода', 'Сахар', 'Желатин']","СВЕЖИЕ ИЛИ ЗАМОРОЖЕННЫЕ ЯГОДЫ ПЕРЕБРАТЬ И ПРОМЫТЬ В ХОЛОДНОЙ ВОДЕ. РАЗМЯТЬ ЛОЖКОЙ И ПРОТЕРЕТЬ СКВОЗЬ СИТО. ВЫЖИМКИ ОТ ЯГОД ЗАЛИТЬ 2 СТАКАНАМИ ВОДЫ ГОРЯЧЕЙ, ВСКИПЯТИТЬ И ПРОЦЕДИТЬ. В ПОЛУЧЕННЫЙ СОК ПОЛОЖИТЬ САХАР И ПРЕДВАРИТЕЛЬНО РАЗВЕДЕННЫЙ ЖЕЛАТИН. ПОМЕШИВАЯ ДОВЕСТИ СИРОП ДО КИПЕНИЯ. В ОХЛАЖДЕННЫЙ СИРОП ВЫЛОЖИТЬ ЯГОДНОЕ ПЮРЕ И ВЗБИТЬ ДО ОБРАЗОВАНИЯ ОДНОРОДНОЙ МАССЫ. КАК ТОЛЬКО МАССА ЗАГУСТЕЕТ ВЫЛОЖИТЬ ЕЕ В ФОРМЫ И ОХЛАДИТЬ. НА 1 СТАКАН ЯГОД 3 /4 СТАКАНА САХАРА. 15 Г ЖЕЛАТИНА."
Голубцы с айвой по-Бакински,"['Фарш мясной', 'Рис', 'Айва', 'Лук репчатый', 'Зелень', 'Капуста белокочанная', 'Бульон', 'Перец черный', 'Соль', 'Сахар']","Подготовить продукты. Рис отварить, остудить. Зелень мелко нарезать. Лук репчатый нарезать мелко или измельчить в блендере. Добавить в фарш специи и подготовленные ингредиенты. Хорошо размешать. Айву разрезать на дольки. Капусту разделить на листья (кому как удобно). Я немного отвариваю в воде и потом снимаю с кочана. Мясо укладываем на капустный лист и сворачиваем конвертом. Укладываем в глубокую кастрюлю поочередно с дольками айвы. Добавляем немного мясного бульона и на средний огонь на 30-40 мин. (Если готовите в посуде Цептер или IGOOK, бульон добавлять не надо, через 5 минут сок образуется сам). Готовое блюдо имеет приятный аромат айвы. Блюдо подается со сметаной. Очень вкусно! Приятного аппетита!"
Тушенка из птиц,"['Утка', 'Соль', 'Перец черный', 'Лист лавровый', 'Вода']","Ошпаренную тушку утки (курицы) тщательно очистить от перьев, колодок. Разделить на небольшие куски (внутренний жир выложить отдельно). Вымыть кусочки, просушить бумажным полотенцем. В стерильные литровые баночки на дно выкладываем 2 средних (или 1 большой) лавровый листочек, 5-8 горошин чёрного перца. Мясо солим из расчета 1 ч. ложка соли на 1 кг мяса. Наполняю банки кусками, в одну - мясные кусочки, в другую - крылья, желудки, лапки, голова. В тушенку идёт всё, кроме печени. Жир измельчаю и докладываю им баночки до ""плечей"". Долить на 3/4 кипяченой водой. Горлышко банки плотно укупорить фольгой, сложенной в несколько раз. Банки поставить в небольшую сковородку или кастрюлю (на случай аварии). Сковородку с банками поставить в холодную духовку на нижний уровень. Температуру выставить на 180°С и тушить 3 часа. Банки закрыть герметически машинкой для закатывания и поставить крышкой вниз до полного охлаждения (крышки должны быть простерилизованы). Из тушенки можно быстро приготовить как первые, так и вторые блюда."
Панкейки с яблочно-коричным гарниром,"['Мука пшеничная', 'Мука овсяная', 'Мука цельнозерновая', 'Сок яблочный', 'Яйцо куриное', 'Масло сливочное', 'Сахар коричневый', 'Разрыхлитель теста', 'Корица', 'Орех мускатный', 'Соль', 'Сок лимонный', 'Яблоко', 'Масло растительное', 'Сироп кленовый']","Продукты, которые нам необходимы Приготовим яблочно-коричный гарнир. Яблоки очищаем от кожуры и семечек и нарезаем на ломтики. Выкладываем яблочные ломтики в кастрюлю, добавляем яблочный и лимонный соки и перемешиваем. Ставим кастрюлю на небольшой огонь и готовим под крышкой на среднем огне около 7 минут. Далее добавляем сахар, огонь уменьшаем и готовим до тех пор, пока сок не загустеет и яблоки не станут мягкими, приблизительно 10 минут (без крышки). В конце добавляем корицу. Пока готовится гарнир, мы приготовим тесто для наших блинчиков. В миску просеиваем три вида муки и разрыхлитель, затем добавляем сахар, корицу, мускатный орех и соль. Все перемешиваем. В центре делаем углубление и добавляем яйцо и яблочный сок, затем добавляем растопленное сливочное масло. Хорошенько перемешиваем. Готовое тесто должно быть как сметана. Сковороду хорошо разогреваем и чуть смазываем растительным маслом. Столовой ложкой наливаем тесто и жарим блинчики с каждой стороны до румяного цвета. Готовые блинчики подаем теплыми с яблочно-коричным гарниром и кленовым сиропом. Приятного аппетита!"
"Торт-желе ""ассорти""","['Кефир', 'Желатин', 'Желе', 'Изюм', 'Курага', 'Вишня']","Развести все 3 вида желе, каждое в отдельной посуде, дать им застыть. Отдельно развести желатин, смешать его с кефиром, запарить изюм с курагой, курагу порезать мелкими кусочками. Застывшее желе вынуть из посуды и нарезать крупными кубиками, перемешать. Все это выложить в глубокую посуду, залить приготовленным заранее кефиром с желатином. Дать постоять в холодильнике 45 минут. Затем посуду с желе опустить в горячую воду на 2 сек. и перевернуть, выложив на красивое блюдо, украсить вишенкой."
Бананово-финиковый кекс,"['Мука рисовая', 'Масло сливочное', 'Яйцо куриное', 'Финик', 'Банан', 'Орехи грецкие', 'Шоколад белый', 'Сливки', 'Разрыхлитель теста', 'Масло растительное']","Банан очистить и пюрировать любым удобным способом – вилкой, блендером, пестиком. Ядра грецкого ореха порубить ножом. Не мельчить! Из фиников удалить косточки и нарезать не крупными кусочками. В миску просеять рисовую муку, это может быть и пшеничная мука, не критично. Добавить разрыхлитель теста, всё перемешать. В мучную смесь выложить орехи и финики, ещё раз хорошенько всё перемешать. Добавить яйца, банановое пюре, размягчённое сливочное масло кусочками или растительное без запаха. Перемешать лопаткой до получения однородной массы. Формочки смазать растительным маслом, выложить в них тесто, без горки. У меня получилось наполнить одну форму на шесть посадочных мест и дополнительно три формочки. Выпекать в разогретой до 180*С духовке, до сухой лучинки. Мне понадобилось 25 минут. Пока кекс выпекается, приготовить соус, для чего в кастрюле нагревать на медленном огне сливки и поломанный на кусочки белый шоколад, до полного растворения последнего. Остывшие кексы вынуть из формочек, подавать на порционных тарелках, полив соусом и украсив по своему усмотрению. Я усмотрела необходимость украсить прозрачными дольками лайма и его же цедрой. Кстати, агрессивный вкус и аромат этого цитруса как нельзя лучше подчеркнули вкус самого кекса. Достойная альтернатива соусу - глазурь. 50 г сахарной пудры растереть со столовой ложкой сока лимона или лайма (сок лучше добавить в 2-3 приёма) до консистенции густой сметаны. Этот рецепт - участник акции ""Готовим вместе - кулинарная неделя"". Обсуждение приготовления на форуме: http://forum.povarenok.ru/viewtopic.php?t=4516"
"Торт ""Золушка""","['Мука пшеничная', 'Маргарин', 'Сахарная пудра', 'Яйцо куриное', 'Ванилин', 'Масло сливочное', 'Молоко сгущенное', 'Коньяк', 'Желатин', 'Варенье', 'Вода', 'Шоколад молочный']","Готовим тесто для коржей: Охлажденный маргарин порубите, добавьте сахарную пудру (200граммов) и перетрите. Постепенно добавьте 2 яйца, ванилин и муку, затем перемешайте. Изготовление коржей: Разложите тесто равномерным слоем в смазанную маргарином форму. Должно получиться 2коржа. Выпекайте 15минут при 240 градусах. Далее необходимо подготовить крем: В сливочное масло добавьте сахарную пудру (300 граммов), перемешайте и постепенно добавьте сгущенное молоко, ванилин, коньяк. Получившуюся массу поставьте в холодильник. Готовим желатин (им мы далее будем смазывать коржи): 20 граммов желатина делим на 2 (по 10граммов). В одну часть добавляем вишневое варенье (без ягод), во вторую абрикосовое варенье (также без ягод). В каждую доливаем воду и оставляем загустеть. Приготовленные коржи (2шт.) разрезаем вдоль напополам (получаем 4шт). Равномерно смазываем полученные коржи кремом и двумя видами желе (на свое усмотрение). Ровным слоем накладываем смазанные коржи друг на друга, как на фото. Растопленным шоколадом украшаем верхушку торта. Мы украшали нашу ""Золушку"" оставшимся кремом. Конечно, можно использовать и свое воображение. Таков результат наших усилий"
Меренговый рулет с клубничным заварным кремом,"['Белок яичный', 'Сахар', 'Ванильный сахар', 'Кислота лимонная', 'Желток яичный', 'Крахмал', 'Сметана', 'Клубника']","Подготовить все ингредиенты. Включаем любимую музыку и начинаем творить! Особенно хорошо нужно промыть яйца - так как нам нужно будет разделять белки от желтков и при этом в готовое блюдо со скорлупы ничего не должно попасть. Разделить яйца на белки и желтки. Белки нужно поместить в сухую! емкость, желательно охлажденную. В идеале нужно охладить предварительно и венчики миксера, но это не обязательно. Взбивать белки на низкой скорости миксера, до легкой пены, около 1 минуты. Увеличить скорость до максимальной и взбивать до образования мягких пиков т. е. белки уже хорошо взбиты, но при наклоне миски, эти пики меняют форму съезжая. Не прекращая взбивания, тонкой струйкой, всыпать сахар вместе с ванильным сахаром и лимон. к-той в 3 приема, по 50 гр. сахара за один раз. Каждый раз хорошо взбивая до образования густой плотной массы. При переворачивании миски, взбитые белки не должны из нее выливаться. Этот процесс занял у меня от силы 10 мин. На противень, застеленный пергаментом, выложить взбитые белки и равномерно распределить, формируя прямоугольник толщиной минимум 1,5 см т. к. тонкий слой быстро просушится в духовке и будет ломаться в дальнейшей работе. Выпекать меренгу 15-20 минут, до светло-золотистого цвета, в заранее разогретой до 180°C духовке. Внутри она должна получиться мягкой, как суфле. Готовую меренгу вынуть из духовки. Я снимаю таким способом на разделочную доску одеваю полиэтиленовый пакет, кладу эту досточку на меренгу, и переворачиваю (меренговый корж окажется между пергаментом и доской) и уже на доске снимаю пергамент. После этого необходимо остудить меренгу. В сезон клубники рекомендую приготовить крем из свежих ягод. Но если вам захочется полакомится в холодную зиму, то скажу, что с успехом можно воспользоваться и замороженной ягодой. Клубнику, моем, перебираем, удаляем хвостики. И превращаем в пюре с помощью погружного блендера 4 желтка смешиваем с сахаром (100г) и крахмалом (1ст. л.). Все смешиваем венчиком до однородности. Ставим на медленный огонь и варим, непрерывно помешивая. Когда масса начнет густеть добавляем клубничное пюре и продолжаем варить до сгущения. В процессе варки клубничный цвет может смениться на коричневый, но Вы не пугайтесь вкус остается летний и свежий! Остывшую меренгу смазываем остывшим кремом и сворачиваем в рулет. Ставим в холодильник настояться. Украшаем по желанию. Готовим свои любимые летние напитки. Всем приятного аппетита. На самом деле все может казаться сложным на первый взгляд, но поверьте это не так! минимум ингредиентов и усилий - но какой вкусный десерт Вы получите в результате!"
"А-ля ""Люля"" из курицы","['Соль', 'Масло растительное', 'Соевый соус', 'Сахар', 'Мука пшеничная', 'Лук репчатый', 'Белок яичный', 'Филе куриное', 'Перец красный жгучий', 'Кунжут']","Филе курицы промываем, обсушиваем и режем небольшими кусочками. Лук чистим и режем мелко. Курицу с луком помещаем в блендер (мне было лень его доставать, я использовала измельчитель, несколько закладок делала) и измельчаем до состояния фарша-кашицы. Яичный белок взбиваем с сахаром. Я не переусердствовала, взбила вилкой, не до пены. Добавляем к смеси муку, растительное масло (1 ст. л.), соевый соус. Перемешиваем. В таких случаях всегда жаль желток. Но на счастье, я пекла пирожки - пригодился для смазывания поверхности. )) Выливаем смесь к фаршу, хорошо вымешиваем до однообразного состояния. Приправляем молотым красным перцем и досаливаем по вкусу. Из получившегося фаршу формуем котлетки-колбаски и нанизываем каждую на деревянные шпажки (предварительно замоченные в воде). И обваливаем в кунжуте. На большой тефлоновой сковородке разогрела немного растительного масла и обжарила со всех сторон до золотистого цвета, на среднем огне. Примерно 13-15 минут это заняло. Можно жарить на мангале на решетке. Подавала с гарниром из овощей и острым соусом http://www.povarenok .ru/recipes/show/445 28/. Ужин получился замечательный! Источник рецепта - журнал ""Лиза"", там предлагалось делать блюдо из индейки, я заменила на курицу, жарила на сковороде вместо мангала и подавала с другим соусом. Больше ничего не меняла. Этот рецепт - участник акции ""Готовим вместе - кулинарная неделя"". Обсуждение приготовления на форуме - http://forum.povarenok.ru/viewtopic.php?f=34&t=5158"
Заливной пирог с печеночной начинкой,"['Сметана', 'Сливки', 'Яйцо куриное', 'Мука пшеничная', 'Разрыхлитель теста', 'Печень куриная', 'Лук репчатый', 'Морковь', 'Специи', 'Зелень', 'Масло растительное']","Продукты Готовим начинку: Обжариваем печень в течении нескольких минут (режем ее небольшими кусочками) Обжариваем лук с морковкой (морковь на терке, лук мелко режем) Добавляем лук с морковкой к печени, все перемешиваем ( не забываем про специи) Отвариваем яйца, мелко режем, добавляем к начинке и перемешиваем Для теста: Яйца хорошо взбить с щепоткой соли Добавить к ним сметану и сливки, еще раз хорошо перемешать Далее добавляем муку с разрыхлителем Все очень хорошо перемешиваем ( тесто должно быть консистенции густой сметаны), проверяем на специи Форму смазываем маслом. выкладываем половину теста Далее кладем начинку ровно Заливаем второй половиной теста Ставим в разогретую духовку 180% на 40-50минут, смотреть по готовности, не пересушить. Пирог готов. Угощайтесь дорогие! Приятного аппетита! Пирог готов! Приятного аппетита!"
Десерт за 5 минут «Сладкая жизнь»,"['Печенье', 'Сметана', 'Молоко сгущенное', 'Сахар', 'Чернослив']","Слоеное печенье ушки измелтчить с помощью скалки. Мелко режем чернослив. Взбиваем крем сметану смешиваем с сахаром, взбиваем и добавляем вареное сгущеное молоко, также немного взбиваем и крем готов. Далее укладываем слои :печенье, крем, чернослив и чередуем до верха креманки. Украшаем или посыпкой или измельченным печеньем. (Подробнее в видео). Это очень вкусно."
"Суп ""Грибное лукошко""","['Масло растительное', 'Грибы', 'Шампиньоны', 'Картофель', 'Морковь', 'Лук репчатый', 'Макаронные изделия', 'Соль', 'Перец черный', 'Зелень']","Налить в кастрюлю небольшое количество воды и добавить белые сухие грибы. Поставить кастрюлю на огонь и дать закипеть, проварить грибы 10-15 минут, накрыть крышкой и дать бульону настояться 30 минут. Между тем, промыть замороженные грибы и свежие шампиньоны. Шампиньоны мелко нарезать. Достать из готового бульона сухие грибы, процедить бульон, чтобы не допустить наличия песка в супе, и выложить в кастрюлю замороженные грибы. Отварить их минут 10-15. После этого достать их из бульона, и долить в кастрюлю воды до нужного вам количества. Картофель очистить, нарезать кубиками и добавить в бульон... Пока варится картофель займемся всеми грибами. Для обжаривания овощей используем классическое масло ""Олейна"". В глубокой сковороде разогреть 2-3 ст. л. растительного масла и обжарить нарезанные кубиками лук и натертую на крупной тёрке морковь до полуготовности. Следом в зажарку добавить нарезанные сырые шампиньоны и обжарить их с овощами несколько минут. Вареные опята и сухие грибы измельчить большим ножом. Теперь добавить в сковороду отваренные сухие грибы и опята, всё хорошо перемешать и тушить эту овощно-грибную смесь еще 3-5 минут. Посолить по вкусу и добавить измельченную зелень петрушки. В кастрюлю с почти готовым картофелем выложить со сковороды зажарку и варить всё еще 5 минут до полной готовности картофеля. За две минуты до готовности супа всыпать в него мелкие макаронные изделия (""соломку"", например... У меня паста ""орзо""). Хорошо всё перемешать, проверить суп на соль и практически сразу снять с огня, чтобы вермишель не разварилась. Дать супу настояться минут 20 и подавать горячим! Приятного аппетита! За рецепт вкуснейшего супа благодарю свою мамочку! )))) Этот рецепт - участник акции ""Готовим вместе - кулинарная неделя"". Обсуждение приготовления на форуме - http://forum.povarenok.ru/viewtopic.php?f=34&t=6447"
Пшенично-ржаной хлеб,"['Мука пшеничная', 'Мука ржаная', 'Дрожжи', 'Молоко', 'Вода', 'Масло подсолнечное', 'Сахар', 'Соль']","Подогреваем молоко и воду, добавляем в тёплое молоко с водой дрожжи, сахар, соль, перемешиваем. Просеиваем сюда ржаную муку, перемешиваем, добавляем подсолнечное масло, перемешиваем. Теперь понемногу просеиваем пшеничную муку и вымешиваем (муки может пойти немного меньше или больше). Когда тесто будет становиться густым выкладываем его на стол и начинаем вымешивать понемногу добавляя пшеничную муку. Тесто получается немного необычным, слегка липким и напоминает мягкий пластилин!) Тесто должно получится нежным, не жостким, не забитым мукой. Ложим его в миску, плотно накрываем крышкой или пленкой и отправляем его в тёплое место на 1час (я ставлю в электропечку и включаю на 40-50°) Вот наше тесто спустя час! Обминаем тесто и раскатываем в прямоугольный пласт. Я посыпала тесто семенами льна и кунжутом, можно посымать тмином, на вашу фантазию)) Скручиваем рулетом. Защипываем качественно края, укладываем хлеб швом вниз на противень и ставим в теплое место на минут 15. Натираем сверху мукой. Отправляем в духовку при 170 градусах на 20-30 минут. Достаем и ждем, когда остынет! Горячий хлебушек не режем! Приятного аппетита!!!"
Маринованные кабачки мгновенного приготовления,"['Кабачок', 'Соль', 'Масло растительное', 'Мед', 'Чеснок', 'Уксус', 'Вода', 'Перец черный', 'Зелень']","Зелень - укроп, петрушку, сельдерей, базилик - разобрать и замочить в воде на то время, пока готовите все другие овощи по этому рецепту. Это мой домашний базилик. Он растёт на балконе. С него возьму только листочки и верхнюю частей стеблей, т. к. они нежнее и ароматнее. Кабачки помыть и очистить. Если кабачки молодые, как у меня на фото, можно делать вместе с кожицей. Нашинковать тоненькими кружочками. Я использую овощечистку. Сложить в миску, посолить и оставить на 30 мин. Готовим маринад. Чеснок пропустить через пресс, смешать: - с растительным маслом, - мёдом (если мёд густой, растопить на водяной бане), - уксусом, - перцем и мелко порезанной зеленью. Отлично подойдут кинза, базилик, укроп, петрушка, эстрагон. Можно добавить ложку паприка-пасты или кетчупа - на любителя. Мне больше нравится, если чеснок мелко-мелко резать, так больше выделяется чесночного сока и эфирного масла. Маринад перемешать. Слить образовавшуюся жидкость от кабачков, отжать руками. Залить маринадом. Перемешать. Убрать в холодильник до утра. Пока кабачки маринуются, за это время перемешиваем их пару раз. За ночь кабачки замариновались. Ещё раз хорошо перемешать. Можно пробовать. ПРИЯТНОГО АППЕТИТА!!! Закуска украсит любой Ваш стол. Маринованными кабачками и картошечкой, сваренной в мундире (на фото она уже очищена), мы поужинали сегодня Начался Успенский пост. Для того, кто постится, эта закуска будет просто лакомством! Очень вкусно! Этот рецепт - участник акции ""Готовим вместе - кулинарная неделя"". Обсуждение приготовления на форуме - http://forum.povarenok.ru/viewtopic.php?f=34&t=6875"
Жареные пирожки с мясом,"['Вода', 'Мука пшеничная', 'Соль', 'Сахар', 'Масло растительное', 'Дрожжи', 'Фарш мясной', 'Масло сливочное', 'Перец черный', 'Лук репчатый']","Рецепт жареных пирожков с мясом: Для теста возьмите один стакан муки, добавьте 1 чайную ложку соли и одну столовую ложку сахара, перемешайте и залейте 1 стаканом горячей воды (около 80С). Тщательно перемешайте. В другой миске растворите живые дрожжи в одном стакане теплой воды (около 30С). Смешайте растворенные дрожжи с заваренной мукой. Добавьте 2 столовые ложки растительного масла и постепенно добавляя муку вымешайте мягкое эластичное тесто. Смажьте емкость растительным маслом и отправьте тесто подходить в теплом месте 1 час ( у меня тесто подходит в духовке включенной на 40С). Для начинки: В блендере перемешайте до однородности мясной фарш, лук, сливочное масло, соль, перец и холодную воду. Таким образом начинка будет сочной, мягкой и однородной. Спустя час тесто сильно увеличится в объеме. Смажте стол и руки растительным маслом. Разделите тесто на небольшие шарики и затем слепите пирожки. На сковороде с толстым дном обжарьте пирожки с двух сторон до золотистого цвета. Сначала хорошо нагрейте сковороду, а затем уменьшите огонь до среднего. Пирожки можно накрывать крышкой, чтобы мясо хорошо приготовилось. Приятного аппетита"
Экзотические брауни,"['Финик', 'Орехи кешью', 'Миндаль', 'Корица', 'Вода', 'Какао-порошок']","Ингредиенты: финики и кешью... ... миндаль, корица и какао. Финики и орехи необходимо хорошо промыть, замочить минут на 30 в тёплой воде, несколько раз меняя воду. Затем воду слить. Из фиников вынуть косточки. Размельчить орехи, финики, корицу и 42 г какао в процессоре в однородную массу. Если миксер ""не справляется"", добавить немного воды. Смачивая руки водой, слепить из массы квадратики. Выложить их на тарелку, посыпать какао и украсить орехами. Поставить в холодильник часа на 3 или, лучше всего, на ночь для подсушивания и застывания. Получаются конфеты-пирожные с насыщенным, я бы даже сказала, густым вкусом. По консистенции мне напоминают пирожное ""Картошка"". Приятного Вам аппетита!"
Слоеный капустный салат,"['Капуста пекинская', 'Лук красный', 'Помидор', 'Огурец', 'Орехи грецкие', 'Белок яичный', 'Горчица', 'Желток яичный', 'Масло оливковое', 'Уксус', 'Сахар', 'Соль', 'Перец душистый']","Подробить орешки. В мисочке перетереть желток в однородную массу с горчицей и 2 ст. л. оливкового масла. Добавить по вкусу соль, сахар и перец молотый, перемешать. Развести заправку яблочным уксусом. Влить 1 ст. л оливкового масла, все взбить венчиком. Капусту нашинковать тонкой соломкой. Порезать тонкими полукольцами «Ялтинский» лук. Порезать соломкой белок. Порезать помидоры кружочками. Выложить помидоры по кругу. Выложить слой капусты ½ часть, полить заправкой. Выложить слой лука ½ часть. Огурец натереть на крупной терке, слегка отжать сок. Выложить ½ часть на салат. Выложить весь белок, полить заправкой. Посыпать слой орешками. Выложить оставшуюся часть огурца. Выложить оставшийся лук, полить заправкой. Выложить всю оставшуюся капусту, обильно полить заправкой. Сделать из помидора розу, уложить на салат, разровнять. По краям выложить половинки огурца. Посыпать орешками. Салат готов, можно подавать на стол, приятного аппетита!"
Пирог творожный,"['Творог', 'Масло сливочное', 'Мука пшеничная', 'Яйцо куриное', 'Сыр твердый', 'Ветчина', 'Молоко', 'Чеснок', 'Укроп', 'Петрушка']","Тесто: размягченное сливочное масло смешать с творогом вилкой, добавить муку и замесить мягкое тесто. Творог у меня домашний, свежий и не кислый. Тесто распределить руками по форме. Начинка: яйца смешать с творогом, добавить сыр, натертый на терке, и мелко нарезанный чеснок. Далее добавить ветчину (нарезать кубиками), молоко и мелко нарезанную зелень. На тесто вылить начинку. Запекать в предварительно нагретой духовке 180 гр. 40 минут. Ориентируйтесь на свою духовку. Пирогу дать остыть и достать из формы. ПРИЯТНОГО АППЕТИТА!!! Этот рецепт - участник акции ""Готовим вместе - кулинарная неделя"". Обсуждение приготовления на форуме - http://forum.povarenok.ru/viewtopic.php?f=34&t=6813"
Пикантный салат из печеной капусты,"['Капуста цветная', 'Лук красный', 'Лук-порей', 'Сок лимонный', 'Яйцо куриное', 'Йогурт', 'Горчица', 'Соевый соус', 'Укроп', 'Мед', 'Соль', 'Масло оливковое', 'Масло кунжутное']","Сначала цветную капусту промойте и разберите на мелкие соцветия. Можно разрезать на небольшие кусочки. Переложите в форму, посолите и полейте оливковым маслом. Уберите в духовку на 20 минут. Капуста должна прогреться и немного подрумянится. Тем временем нужно приготовить соус. Возьмите греческий йогурт (вероятно и со сметаной будет прекрасно), добавьте мед. Добавьте дижонскую горчицу и кунжутное масло. Добавьте соевый соус, лимонный сок и мелко нарезанную зелень. Все перемешайте. Вот такой соус получился. Пока его можно отставить в сторону. В плошку нарежьте лук порей и красный лук. Выньте из духовки капусту и добавьте к двум видам лука. Вот так. Сварите заранее одно яйцо. Я не варю яйцо вкрутую, слегка оставляю жидким в центре. Мне так вкуснее в салате. Все перемешайте. Добавьте соус. Добавляйте понемногу. Может вам понадобится всего 3 столовых ложки, может, чуть больше. Пробуйте в процессе приготовления;) Вот такой получился салат. С очень яркой и пикантной заправкой. Нежный и сочный, полезный салат. Приятного Вам аппетита! Радуйте себя вкусностями и полезностями! Готовьте на здоровье!"
Хлеб деревенский с цельнозерновой мукой,"['Мука пшеничная', 'Мука цельнозерновая', 'Вода', 'Соль', 'Дрожжи']","С вечера подготовить опару. Развести в теплой воде (150 г) 1 г свежих дрожжей. (Сухих дрожжей нужно брать - 0,2 грамма). Муку пшеничную - 250 г просеять, добавить 4 г соли, воду с дрожжами. Смешать до однородного состояния. Накрыть миску пленкой и поставить на ночь подходить при комнатной температуре. Утром 3 г свежих дрожжей (0,8 грамма сухих) развести в теплой воде (195 г). Поместить в миску муку цельнозерновую ( пшеничную и ржаную), муку пшеничную 150 г, 5 г соли, воду с дрожжами. И смешать миксером со спиральными насадками на малой скорости 3 минуты. Когда тесто станет однородным, добавьте опару. Снова миксером, но на большей скорости смешать все составляющие. Это займет еще минуты три. При необходимости добавьте муки или воды. Тесто должно быть мягким и чуть липким. Я добавила еще немного муки, буквально столовую ложку. И домесила тесто вручную еще минут 5. Масло по рецепту не добавляется, но при замесе вручную я смачиваю руки маслом. На это уходит приблизительно столовая ложка растительного масла. Накройте миску пленкой и оставьте на 2,5 часа. Через 50 минут сделайте обминку теста. Еще через 50 минут обминку нужно повторить. Готовое тесто нужно предварительно округлить. Для этого я распластываю тесто в прямоугольник и сворачиваю его втрое... ... потом так же складываю втрое короткие стороны. И уже из этого «кирпичика» формирую шар. Оставить этот шар швом вверх минут на 15 отдохнуть, накрыв его пленкой. Кстати, обминку теста я провожу по той же технологии. Через указанное время с тестом снова проделать предыдущую процедуру складывания и сформировать булку – шар. Оставить булку подходить на противне 60 - 70 минут швом вниз. Не забудьте присыпать верх мукой и прикрыть булку пленкой. Через час сделать на булке надрезы и выпекать с паром при температуре 220*. Выпекать 10 минут, после этого температуру снизить до 200*, оставить еще на 10 минут. После этого пар убрать и допечь хлеб в сухой духовке 10 минут. Всего хлеб выпекается 30 минут. Пар я делаю просто. Смачиваю махровое натуральное полотенце кипятком, ставлю его в металлическую форму и помещаю на дно духовки. Готовый хлеб остудить на решетке. Хлеб получается очень ароматный, такой... настоящий! С хрустящей корочкой и очень мягким мякишем. Мне даже сложно было нарезать хлеб, настолько он мягкий. Для эксперимента часть булки оставила, не накрывая, на несколько дней. Даже на третий день хлеб оставался очень мягкий. Я уже использовала несколько рецептов из этой книги. В всех случаях тесто очень мягкое, сложно начинать месить вручную, но к окончанию подъема, после обминок становится мягким и приятным, практически не липнет. Вообще-то замес теста должен проводить миксер полностью, но мой древний миксер просто на это на способен. Все процедуры советую проводить на подпыленной мукой поверхности, чтобы тесто не прилипало, не нарушалась структура булки. И не забывать «окунать» в муку руки, чтобы тесто не липло к ним в процессе обминки и формовки."
Бахш-плов бухарских евреев,"['Баранина', 'Печень баранья', 'Сало', 'Масло оливковое', 'Зелень', 'Рис', 'Лук репчатый', 'Перец душистый']","Доброго всем! В день своего ДР, который нельзя было отмечать, решил порадовать себя и друзей.. Итак, готовим БАХШ - плов бухарских евреев! Существует 2 способа приготовления Бахша - традиционный, т. е. оригинальный (читай кошерный) - в полотняном мешке и, более приемлемый для нас, - без мешка. Главное в Бахше - это много зелени, т. к. 2-е название бахша - зелёный плов. Чёрный молотый перец.. по рецептуре положено 2-3 чайных ложки.. Это много, берите вполовину, т. е полторы. Готовиться лучше заранее - измельчаем сало, печень и мясо. Мясо и печень можно смешать, а сало нет, держим его отдельно. На огонь - мясо и печень, обжариваем не сильно. Так, слегка, чтобы жидкость вышла. Добавляем сало (курдючный жир), всё мешаем, чтобы не пригорело, постоянно и неустанно. После того, как увидели прозрачность сала, добавляем зелень. Забыл - она вся мелко порублена. Всю и сразу, и перемешиваем, и обжариваем. До смены цвета не ждём! Как только пришло понимание, что зелень смягчилась - добавляем 1,5 л кипятка! Пока закипает - готовим рис. Он уже промыт в семи водах, не ленитесь, именно так - промыт 7 раз! Нарезаем полукольцами лук, добавляем те самые 60 мл масла и перемешиваем руками. Кстати, забыл сказать - мясо любит нож и руки, никаких мясорубок для измельчения - нож и руки! Мясорубкой Вы может и не испортите, но... всё же не то. Так... готово - высыпаем рис с луком в казан и... правильно - мешаем! Кто сказал, что плов нельзя мешать?! Это узбекский нельзя, бахш - можно и нужно! Тщательно перемешиваем! Шумовку берите нормальную СССР-вскую, а не как я, за 15 грн красивую. Закипел - перемешиваем, соль по вкусу (около 1 ст. л), накрываем крышкой, убавляем огонь до минимума и... Спокойно идёт употреблять напитки, у нас впереди 2-3 часа отдыха. Не забываем иногда поглядывать, как он там. И вот, жидкость ушла - бахш готов! Нужно бы на одно большое блюдо вывалить, но не было! Приятного аппетита, друзья! Про бахш правду говорят, что съесть его можно больше, чем думаете, поэтому - осторожно! )))"
Сырные яблоки,"['Яблоко', 'Творог', 'Сыр твердый', 'Сахар', 'Ванилин', 'Масло сливочное', 'Масло растительное', 'Сметана']","Берём средненькие яблочки. Разрезаем пополам и удаляем серединку. Творожок мешаем с сахарком. Если суховатый, нежирный, можно добавить 1 ст. л. сметаны или сливок. Если не мелкозернистый, то неплохо предварительно протереть его через сито. Наполняем яблочные половинки. Сверху кладем маленький кусочек сливочного масла. Завершает композицию кусочек твёрдого сыра. Выкладываем на сбрызнутый раст. маслом противень. Запекаем 25 минут при температуре 200 градусов. По золотистому цвету и нежному яблочному аромату будет легко догадаться, что всё готово!"
Сладкое лечо,"['Помидор', 'Соль', 'Сахар', 'Масло растительное', 'Морковь', 'Уксус', 'Перец черный']","Помидоры пропустить через мясорубку. Добавить соль, сахар и раст. масло. Прокипятить 20 минут. Морковь накрошить на крупной терке (чем крупнее получится, тем вкуснее), добавить в кипящую томатную смесь. Прокипятить 25 мин. Затем добавить уксус и прокипятить еще 5 мин. Спустить нарезанный перец и прокипятить 5 -10 мин. Затем уложить в стерилизованные банки, закатать крышками и укутать теплым одеялом до полного остывания. Перец можете нарезать по желанию, у меня кружочками."
Салат с клубникой,"['Филе куриное', 'Огурец', 'Клубника', 'Кунжут', 'Соевый соус', 'Мед', 'Листья салата', 'Сыр творожный', 'Чеснок', 'Масло растительное', 'Петрушка']","Филе разрезаем на пластины, добавляем измельченный чеснок, соевый соус, у меня ТМ Киккоман. Маринуем 30 мин. Обжариваем с 2-х сторон Обваливаем в кунжутных семечках, они у меня черные Нарезаем огурцы Огурцы прокалываем и вдеваем стебель петрушки Получаются такие пальмочки Н а тарелку укладываем листья салата По середине нарезанное куриное филе Кладем огурцы Из клубники вырезаем цветок, посередине отсаживаем творожный сыр из кондитерского мешка Кладем на тарелку клубнику Готовим заправку для салата. Измельчаем в блендере клубнику, творожный сыр, растительное масло, соевый соус, мед. Получается густая, ароматная, нежно-розовая заправка Заправляем салат"
Лимонный курд,"['Масло сливочное', 'Яйцо куриное', 'Сахар', 'Сок лимонный']","Для приготовления используйте кастрюльку с толстым дном. У меня маленькая сковородка с утолщенным дном. Растопить масло на среднем огне. Когда масло растает наполовину, снять с огня, оно само растает до конца. Оставить остывать. Выжать лимонный сок - 50-100 мл. 100 мл дадут хорошую, яркую кислинку. 50 мл дадут нежный сладко-кислый вкус. Отделить желтки от белков. Белки хорошо смешать с сахаром, слегка взбить. Добавить лимонный сок к белкам с сахаром и размешать. Желтки выложить к остывшему маслу... ... и растереть до образования однородной эмульсии. Влить белковую смесь и все размешать. Поставить на небольшой огонь и нагревать при постоянном помешивании до загустения - 3-5 минут. Не кипятить! Как только появились первые ""бульки"", снять с огня. Перелить в другую емкость (лучше металлическую - выше теплопроводность!) и поставить ее в миску с холодной водой, остудить курд при помешивании, он станет еще гуще. Я использую старый ковшик для этого. Переложить курд в емкость для хранения и поставить в холодильник. Через день он загустеет окончательно. Хранить можно 2 недели. Из указанного количества ингредиентов выходит почти полная 500-мл баночка, курда где-то 450 мл. А теперь можно и в торт, и на капкейк, а можно просто с блинами, домашним хлебушком или... ... с булочкой к чаю. Это изумительно вкусно! Приятного аппетита!"
"Блины ""Сытные"" для зятя","['Картофель', 'Грудка куриная', 'Морковь', 'Лук зеленый', 'Масло подсолнечное']","Отварную куриную грудку нарезать кусочками и обжарить на подсолнечном масле, у меня масло ТМ Олейна. Такая начинка готовится довольно-таки быстро, если есть в наличии готовый картофель. У меня остался после ужина печёный картофель, вот я и решила сделать с ним какую-нибудь начинку. Хочу сказать, что получилась она очень вкусная и в то же время сытная - то, что надо для мужчин! Итак, печеный картофель очистить и нарезать соломкой. На сковороде разогреть подсолнечное масло. На сковороду высыпаем картофель, обжариваем его до золотистой корочки и убираем его со сковороды. Морковь очистить и нарезать соломкой или кусочками другой формы, но крупными. Морковь также обжариваем на подсолнечном масле до готовности. Морковь высыпаем к картофелю и добавляем обжаренную куриную грудку. Зеленый лук мелко нарезать и добавить в начинку. Перемешать. На одну половину блина выкладываем 2-3 ст. л. начинки и накрываем другой частью блина начинку. Кладем блины на тарелку и подаем к столу. Ждем зятя на блины"
"Закуска ""Малосольные баклажаны""","['Баклажан', 'Морковь', 'Чеснок', 'Кинза', 'Укроп', 'Масло оливковое', 'Вода', 'Соль', 'Сахар', 'Уксусная эссенция']","Баклажаны помыть, запустить в кипящую воду и отварить в течение 7 минут. Затем слить воду и дать немного остыть. А пока можно приготовить начинку. Морковь потереть на крупной тёрке. Зелень кинзы и укропа мелко порубить. Чеснок почистить. Порезать баклажаны вдоль. Они должны быть ещё тёплыми. Теперь начинаем всё укладывать для засолки в небольшую ёмкость. Лучше взять кастрюлю, в неё удобно будет ставть гнёт. Итак, укладываем баклажанчики и каждый слегка полить оливковым маслом. Примерно 1/2 столовой ложки на половинку баклажана. Теперь на каждую половинку выдавить через пресс чеснок. Примерно ползубчика на половинку баклажана. Немного вдавить его внутрь баклажана. Затем на каждую половинку положить морковь, также немного вдавливая. И в завершение, на каждую половинку уложить рубленую зелень. Далее - снова слой баклажанов, чеснок, морковь и зелень - до тех пор. пока не закончатся ингредиенты. Теперь приготовим маринад: в 1 литре кипячёной и тёплой воды (около 70 градусов) растворить соль и сахар, затем добавить уксусную эссенцию. Этим маринадом залить баклажаны, накрыть плоской тарелкой и поставить гнёт. Оставить при комнатной температуре на 3-4 часа, а затем поставить на сутки в холодильник. Обычно я делаю это днём, до вечера оставляю при комнатной температуре, а в ночь убираю в холодильник. К вечеру следующего дня у вас на столе оказывается готовая закуска. Сочные, остренькие малосольные баклажанчики с приятной сладостью моркови и прикантным вкусом кинзы. Приятного аппетита!!!"
Пирог чайный,"['Мука пшеничная', 'Сахар', 'Ванилин', 'Варенье', 'Сухофрукты', 'Чай черный', 'Разрыхлитель теста', 'Масло растительное', 'Орехи грецкие']","Муку сахар и разрыхлитель перемешаем, добавим растительное масло, начинку-сухофрукты, варенье, еще раз все перемешаем и заливаем чаем, тщательно перемешиваем. Вылаживаем в смазанную маслом фрму и выпекаем мин. 30"
Острый томатный коктейль,"['Помидор', 'Имбирь', 'Соль', 'Чеснок', 'Перец черный', 'Креветки', 'Лед', 'Укроп', 'Масло оливковое']","Помидоры надрезать и обдать кипятком. Снять шкурку. Имбирь натереть на мелкой тeрке. Укроп мелко порезать. Всe положить в блендер, добавить по вкусу морскую соль, молотый чeрный перчик, хлопья чеснока, пару капель Оливк. масла, можно ещe добавить Чили перчик . Всe взбить, в конце добавить кубики льда и ещe раз взбить. Вылить в бокал, украсить веточкой укропа и на ободок стакана надеть креветку. попробуйте вкус потрясающий"
Запечённые ранетки с рисовыми хлопьями и сливочной начинкой,"['Яблоко', 'Хлопья рисовые', 'Молоко', 'Слива', 'Сыр сливочный', 'Молоко сгущенное', 'Миндаль', 'Масло растительное', 'Сахарная пудра']","В пиалу насыпать рисовые хлопья ТМ""Мистраль"". Залить горячим молоком (я грела 30 секунд в микроволновке), накрыть блюдцем и ставить на 3 минуты для набухания. Включить духовку на 180 градусов-пусть греется. Пока хлопья набухают-яблоки разрезать на половинки, очистить от семян и вырезать серединку для будущей начинки. Уложить их в форму для запекания, смазанную растительным маслом. Серединки яблок, сливу и миндаль нарезать маленькими кусочками Рисовые хлопья за это время набухли Положить их в другую миску побольше, добавить нарезанные фрукты, орехи, сливочный сыр и варёную сгущёнку. Хорошо перемешать до однородности Заполнить половинку яблок полученной начинкой. Выпекать при 180 градусах-15 минут (ориентируйтесь по своей духовке) Готовые яблоки достать и переложить на блюдо Можно есть так А можно посыпать сахарной пудрой. Приятного завтрака!"
"Блинчики шоколадные ""Восхитительные""","['Яйцо куриное', 'Сахар', 'Соль', 'Сода гашеная уксусом', 'Какао-порошок', 'Молоко', 'Мука пшеничная', 'Масло оливковое', 'Маргарин', 'Сливки', 'Варенье']","Взбить яйца с сахаром и щепоткой соли. Добавить какао, гашёную соду, молоко, перемешать. Постепенно добавлять муку и перемешивать до состояния ""как на блины"" :) Добавить оливковое масло (или другое растительное), перемешать. У меня нет специальной сковороды для блинов, но в моей получилось неплохо. Перед первым блином я смазала её маргарином, этого было достаточно, блины не прилипали. Блинчики выпекать с двух сторон. Вот такие ажурные получаются. Приходилось и себя сдерживать, и едока отгонять, спасать блинчики)) Вот такая стопочка получается (+ 2 блина в процессе приготовления съели). Подавать со сливками и вареньем. Приятного чаепития!"
Овсяные оладьи с луково-гороховой начинкой,"['Мука овсяная', 'Молоко', 'Мука пшеничная', 'Сода', 'Соль', 'Сахар', 'Лук-шалот', 'Горошек зеленый', 'Масло растительное', 'Фарш мясной', 'Перец черный']","Овсяную муку нужно просеять. Я делала ее сама в кофемолке. поэтому просеяля пару раз. Влить молоко комнатной температуры, добавить соду, соль и сахар и взбитьхорошо, до однородности. Затем добавить пшеничную муку и размешать до однородности. Тесто должно быть по консистенции как на оладьи, не сильно крутое, но и не жидкое как на блины. Смазываем щедро маслом горячую сковороду и по одной столовой ложке выкладываем тесто. Как появятся пузырьки, переворачиваем. Жарим на медленном огне. Разморозим горошек и почистим лук. Поставим разогревать сковороду. Наливаем масло в сковороду и отправляем туда порезанный мелко лук. Доводим до прозрачности, периодически помешивая. Затем отправляем фарш и немного обжариваем, солим и перчим. Затем горошек, тушим пару минут и выкладываем на тарелку. Каждый оладушек перекладываем начинкой в стопочку. Подаем к столу горячими. Приятного аппетита!"
"Чимчи из дайкона ""Кактуги""","['Дайкон', 'Перец красный жгучий', 'Чеснок', 'Соль', 'Анчоусы', 'Имбирь', 'Кунжут', 'Соус']","Готовим яннем (это самый важный этап - от него зависит вкус получившегося блюда). Яннем - это корейская ""аджика"", используется для заправки многих корейских закусок и салатов. Именно яннем придает блюдам специфический «корейский» вкус. 2 - 4 столовых ложки красного перца запариваем горячей водой (ни в коем случае не кипятком!!!) до консистенции густой сметаны. Добавляем 1-2 столовых ложки молотого чеснока, 1 столовую ложку рыбного соуса, 1 - 2 столовых ложки сухих анчоусов. Всё хорошо перемешиваем, кладём в банку, и даём настояться сутки. Если нет рыбного соуса... Камчатские корейцы вместо него используют бульон из солёных голов горбуши или кеты. Бульон из креветок тоже пойдёт. В крайнем случае, вместо рыбного соуса и анчоусов, можно положить чайную ложку соли, чайную ложку сахара и чайную ложку аджинамото. На самый самый крайний случай пойдёт и соевый соус. Дайкон моем, чистим, и нарезаем кубиками по 2-2,5 см. Солим, перемешиваем, и оставляем на час. Хорошо промываем и даем стечь воде. В дайкон добавляем яннем, имбирь, кунжут, и всё перемешиваем. Лучше это делать в резиновых перчатках. Перекладываем в подходящую ёмкость под гнёт, и оставляем на 1-3 дня при комнатной температуре, что бы катуги заквасилось. В процессе закваски выделится сок, который практически закроет дайкон. После начала брожения (через 1-3 дня) закрываем ёмкость крышкой и убираем в холодильник. Через 5-7 дней можно начинать употреблять. Кактуги можно хранить в холодильнике 2-4 месяца. По мере хранения вкус меняется. Дайкон становится менее острым и более кислым. И если это блюдо вам не понравилось, не спешите выбрасывать - попробуйте через 1, 2, 3 недели... Лучшей закуски под крепкие напитки не придумаешь!!!"
Маринованная утиная грудка,"['Грудка утиная', 'Горчица', 'Соевый соус', 'Орегано', 'Мед']","Утиную грудку выложить в мешок, мед, горчицу, соевый соус и орегано добавить в мешок к утке, хорошо руками натереть грудку, закрыть мешок хорошенько и дать грудке помариноваться часика 2 -3. Готовую, промаринованную грудку достать из мешка, ножом сделать косые надрезы со стороны кожи. Нагреть духовку до 200 *С. Противень выстелить фольгой(потом проще его будет помыть), на фольгу поставить решетку. Я под мясо положила еще картошку - от утки много жира стекает, картошку хорошо жарить. Только резать надо потоньше, т. к. грудка быстро жарится. В сковороде нагреть чуть масла, обжарить грудку с обеих сторон по 1 минуте с каждой, до золотистого цвета. Выложить грудку на решетку и запекать еще минут 40 -45. Готовую утку нарезать на порционные кусочки и подавать со свежим салатом. В моем случае это был салат типа греческого. В следующий раз я буду делать сразу несколько грудок, остывшую грудку можно смело пустить на бутерброды."
"Торт миндальный ""Поварeнок""","['Миндаль', 'Яйцо куриное', 'Цедра лимона', 'Джем', 'Сахар', 'Ванильный сахар', 'Молоко', 'Крахмал', 'Масло сливочное']","Яичные желтки отделить, 4 желтка выложить в миску, добавить измельченную цедру, взбить миксером до однородной массы. Миндаль измельчить, всыпать в желтковую массу вместе с ванильным сахаром. Белки (7 шт.) взбить, добавляя 4ст.л. сахара. Соединить белковую и желтковую саммы, добавить миндаль (оставив немного для украшения). Тесто выложить в форму и выпекать в духовке 25 мин. при 200 градусах. Для кремя вскипятить молоко с сахаром. Крахмал смешать с 3 желтками, влить горячее молоко и взбить миксером. Затем довести до кипения и охладить. В остывший крем добавить масло и перемешать. Готовый корж разрезать вдоль пополам, смазать абрисоковым джемом или вареньем. Корж смазать кремом и положить другой, смазать торт оставшимся кремом, украсить орехами. Готовый торт поставить в холодильник на 1-2 часа. Приятного аппетита! Сегодня - полный стол десертов! Веселье, шутки, звонкий смех! Волшебный, яркий, интересный - Твой День рождения - лучше всех!!!"
"Пирог ""Рыбка с золотой чешуёй""","['Мука пшеничная', 'Лосось', 'Масло сливочное', 'Сметана', 'Соль', 'Ананас', 'Разрыхлитель теста', 'Яйцо куриное', 'Морковь', 'Лук репчатый', 'Масло растительное', 'Соевый соус']","Тесто будем делать в комбайне. Просеянную муку соединяем с разрыхлителем, солью, и размягченным сливочным маслом, добавляем сметану. Замешиваем мягкое тесто, заворачиваем в пищевую пленку и отправляем на 30 минут в xoлодильник. Нарезаем мелко лук, морковь натираем на крупной терке. В сковороде разогреваем растительное масло и обжариваем в нем до прозрачности лук. Добавляем морковь и обжариваем до золотистого цвета. Остужаем. Добавляем в поджарку соевый соус Кикоман 1 ст. л. Свежий лосось, нарезаем кусочками. Тесто раскатываем в овальный пласт по размеру противня. Перекладываем тесто на пергамент и вместе с пергаментом снова кладем на рабочую поверхность. Выкладываем на тесто по центру, полпорции поджарки. Сверху на начинку, выкладываем рыбу. Поливаем соусом Кикоман 2 ст. л. Боковые края теста надрезаем размером 1.5 см, как на фото. Сверху выкладываем оставшуюся морковную поджарку. У основания рыбы формируем губу, как на фото Смазываем белком начинку пирога. Соединяем полоски теста по периметру начинки, оставляя небольшой зазор, для чешуи. Формируем хвостик. Смазываем поверхность пирога яичным желтком. Нарезаем ананасы на чешуйки, как на фото. В отверстия между полосками вставляем пластинки ананаса, имитируя рыбную чешую. Перекладываем пирог на противень вместе с пергаментом. Помещаем пирог в разогретую до 180гр. духовку и выпекаем 40 минут. Если хвост и голова будут подгорать, закройте фольгой эти места и продолжайте выпекать. Из клюквы или красной смородины, сделайте рыбке глаза. Пирог готов! Приятного аппетита!"
"Кулич ""Весенний""","['Молоко', 'Дрожжи', 'Сахар', 'Масло сливочное', 'Яйцо куриное', 'Мука пшеничная', 'Изюм', 'Ванильный сахар', 'Соль']","В теплом молоке растворить дрожжи. Оставить на 15 мин. Добавить растопленное сливочное масло, яйца и сахар, взбить до однородности. Миску затянуть пищевой пленкой и оставить в теплом месте на 8-10 ч. или на ночь. Затем добавить муку, смешанную с солью и ванильным сахаром. Тщательно вымесить. Всыпать изюм, обвалянный в муке и еще раз хорошо вымесить. Оставить под полотенцем на 1 ч. Формы наполнить тестом на 1/3, дать расстояться 30 мин. Выпекать куличи при t=190*С 40-45 мин. Готовые куличи украсить глазурью. Приятного аппетита! Этот рецепт - участник акции ""Готовим вместе - кулинарная неделя"". Обсуждение приготовления на форуме http://forum.povarenok.ru/viewtopic.php?f=34&t=6989"
Творoжный кекс с грушами,"['Сахар', 'Творог', 'Груша', 'Ванильный сахар', 'Масло сливочное', 'Яйцо куриное', 'Разрыхлитель теста', 'Мука пшеничная']","Итак приготовим продукты. Сахар, муку, яйца, масло, творог протертый нам нужен, или как я можете заменить на Филадельфию. Взбиваем мягкое масло с сахаром и сахаром ванильным. Добавляем по одному яйца и продолжаем взбивать. Теперь добавим протертый, пастообразный творог. Я взяла Филадельфию. Так тоже можно как оказалось. И взбиваем еще раз. Добавляем затем муку с разрыхлителем. Все перемешиваем и выкладываем в форму. Я ее застелила бумагой. Форма 30 на 9 см. Груши порежем на пластинки. И воткнем их в кекс. Ставим в духовку на 1 час при 170 гр. Вот такой у нас получился. Даем ему остыть в форме. Затем достаем и можно верх посыпать сахарной пудрой. Но это на ваше усмотрение. Очень вкусно!"
Закуска из форели с соевым соусом,"['Форель', 'Креветки', 'Авокадо', 'Апельсин', 'Руккола', 'Сок лимонный', 'Мед', 'Горчица', 'Масло оливковое', 'Соевый соус']","Все очень просто. Формовочное кольцо кладем на тарелку. Выкладываем в формовочное кольцо тонко нарезанную форель по бортикам кольца. Нарезаем форель, авокадо, апельсин на кубики, добавляем креветки и рукколу. Готовим заправку. Соевый соус смешать с медом, горчицей и лимонным соком, тщательно перемешать. Добавить оливковое масло. Заправка готова. В начинку добавляем 1-2 ст. ложки заправки и перемешиваем. Выкладываем в кольцо начинку. Оставляем в холодильнике на 30 минут, снимаем кольцо и украшаем рукколой. Сверху поливаем заправкой. Приятного Аппетита!"
Перцовка,"['Перец чили', 'Водка', 'Перец черный', 'Цедра лимона', 'Корица', 'Ванильный сахар', 'Мед']","Лезвием сделать надрезы по перцу, раздавить перец горошек. Все ингредиенты всыпать в банку и залить водкой. Хорошо смешать и поставить на 7 дней в темное теплое место, каждый день помешивать. Потом дать отстояться пару дней и декантировать. Перцовка получается мега-вкусная и ароматная! Согревает хорошо."
Салат со шпротами,"['Шпроты', 'Кукуруза', 'Фасоль', 'Сыр твердый', 'Чеснок', 'Майонез']","Все ингредиенты смешиваем, заправляем майонезом."
"Цыплёнок, запечённый в хлебном тесте","['Тесто дрожжевое', 'Цыпленок', 'Перец болгарский', 'Оливки черные', 'Чеснок', 'Розмарин']","Тесто для пиццы готовится за 24 часа до приготовления конечного продукта. Я делаю такое тесто только по рецепту Габриэля Бончи, это признанный итальянский мэтр в кулинарии. Для теста: мука 1 кг,700-800 гр воды, 10 гр сухих дрожжей, 40 гр оливк. масла, 20 гр соли. Бончи рекомендует добавлять по крайней мере 10% цельнозерновой муки. В большой миске смешать горсть муки с дрожжами, ложку сахара, развести водой из общих 700-800 воды, оставить в тепле для активации дрожжей. Как появились пузырьки - добавить оставшуюся муку, воду, соль, масло, всё вымесить и убрать на нижнюю полку холодильника на 24 часа. Тесто достать из холодильника за 1 час до выпечки. Пока тесто расстаивается, подготовить цыплёнка: вымыть, обсушить, сбрызнуть лимонным соком слегка и нарезать на куски. Перцы нарезать полосками. В небольшом количестве оливкового масла прогреть раздавленный зубчик чеснока и веточку розмарина для пропитывания масла ароматами. Куски цыплёнка как следует промассировать этим маслом, посолить и поперчить по вкусу, добавить перцы, оливки, накрыть и оставить на 1 час для маринования. Духовку разогреть до 160 градусов. Тесто разделить на 2 части: одна чуть больше другой. Большая - для основы, меньшая - для верха. Доску посыпать манкой. Тесто растягивать только пальцами. Растягивать на манке так, чтобы в манке была только одна сторона теста. Форму смазать растительным маслом. Выложить большую часть теста манкой вниз в форму. Выложить туда цыпленка и овощи. Сбрызнуть маслом. Накрыть меньшей частью теста цыплёнка. Покрывать цыплёнка той частью, что не контактировала с манной крупой. Тщательно соединить края. Выпекать при 160 градусах минимум 1,5 часа. Правило: на каждый килограмм веса - 1 час. Если корочка слишком начнёт румяниться, то прикрыть её фольгой. Срезать крышечку, на тарелку кусочки цыплёнка, овощи и часть корочки. Самое вкусное - это пропитанная соками нижняя корочка. По желанию можно запечь и в виде каравая, без формы для запекания."
"Булочки ""Медовые зайки""","['Молоко', 'Мед', 'Дрожжи', 'Масло сливочное', 'Желток яичный', 'Мука пшеничная', 'Соль', 'Сахар']","Смешать муку с дрожжами, и солью. Растопить масло и добавить к муке вместе с тёплым молоком, желтком и мёдом. Замесить тесто и оставить его в тёплом месте на 2,5 часа. Разделить поднявшееся тесто на 6 частей, сформировать в виде яйца. Ножницами сделать сверху два надреза - это будущие ушки. Старайтесь держать ножницы как можно параллельнее столешнице, так ушки выйдут длинными и толстенькими. Для рельефности можно надавить в середине каждого ушка палочкой. Аналогичным, но менее размашистым, разрезом сделать хвостик. Сделать углубление глазки и ротик. В глазки также можно вставить изюм или другую сушеную ягоду. Таким образом сформировать всех заек. Оставить зайчиков на расстойку (10-15 минут), прикрыв полотенцем. Нагреть духовку до 200 градусов. И отправить их загорать внутрь на 20 минут. Когда дома запахнет сдобной крольчатиной, вынуть и остудить, разгоряченных зайчиков. Смешав мед и сахар, приготовить глазурь, нагрев данную смесь до растворения сахара. Покрыть каждого зайчика медовой глазурью и дать обсохнуть. Пора приглашать всех на чай! Зайки очаровательные и очень вкусные. Особенно такую формовку булочек оценят детки, которые, впрочем, не откажутся и помочь полепить этих заек. Всем приятных чаепитий!"
Чисто английский завтрак из овсянки,"['Хлопья овсяные', 'Молоко', 'Вода', 'Абрикос', 'Изюм', 'Мед', 'Орехи', 'Соль']","Изюм (у меня смесь изюма с корочками цитрусовых) и абрикос кладем к тарелку, которую можно использовать в микроволновой печи. Насыпаем овсяные хлопья. Наливаем пол-стакана холодного молока (можно и без молока!). Затем пол-стакана крутого кипятка, перемешиваем и в микроволновку на 2 мин. Опять мешаем закипевшую смесь и еще на 1 мин в печь. Добавляем соль и ложечку меда. Посыпаем молотыми орехами. Вкусно и полезно! ПРИЯТНОГО АППЕТИТА! Этот рецепт - участник акции ""Готовим вместе - кулинарная неделя"" Обсуждение приготовления на форуме: http://forum.povarenok.ru/viewtopic.php?t=3220"
Утка с маслинами,"['Утка', 'Лук репчатый', 'Маслины', 'Томатная паста']","Утку нарубить на куски, посолить и обжарить. Сложить в утятницу, влить немного воды и тушить в закрытой посуде до полуготовности. Лук нарезать кольцами, обжарить слегка, прибавить немного муки (развести водой), добавить томат-пасту и довести до кипения. Этой смесью залить куски утки и тушить до готовности. За 5-10 минут до готовности положить маслины. Этот рецепт - участник акции ""Готовим вместе - кулинарная неделя"". Обсуждение приготовления на форуме - http://forum.povarenok.ru/viewtopic.php?f=34&t=6925"
"Салат ""Амрита""","['Говядина', 'Огурец маринованный', 'Лук репчатый', 'Оливки черные', 'Майонез', 'Соль', 'Перец черный']","Все ингредиенты нарезать не большим кубиком Добавить майонез, соль, перец и перемешать. Выложить в салатник и подавать на стол! Приятного аппетита! Этот рецепт - участник акции ""Готовим вместе - кулинарная неделя"". Обсуждение приготовления на форуме - http://forum.povarenok.ru/viewtopic.php?f=34&t=6732"
"Овощи, маринованные в лимонном соке","['Шампиньоны', 'Цуккини', 'Перец болгарский', 'Масло подсолнечное', 'Лимон', 'Чеснок', 'Соевый соус', 'Зелень', 'Соль']","Мелкие шампиньоны обтереть салфеткой, цуккини нарезать кружочками, болгарский перец ломтиками. Обжарить овощи на подсолнечном масле по отдельности. Цуккини по 1.5 минуты с каждой стороны. Перец, а затем грибы обжаривать, помешивая, 4-5 минут. Для маринада смешать сок и цедру лимонов, соевый соус от Kikkoman (я использую легкий), измельченный чеснок и зелень, соль. Соли не бойтесь, в процессе маринования овощи пустят сок, кому-то ее даже мало будет. На этом этапе можно добавить любые специи. Я не стала, хотелось по максимуму сохранить вкус самих овощей. Слоями выложить овощи в емкость, подходящую для маринования. Каждый слой поливаем маринадом. Ставим под гнет на ночь в холодильник. На следующий день наше ассорти готово. Оно не содержит уксуса, поэтому подойдет детям и взрослым, которые не очень любят резкий уксусный привкус. Этот рецепт - участник акции ""Готовим вместе - кулинарная неделя"". Обсуждение приготовления на форуме - https://www.povarenok.ru/forum/13/~20/?page=20#com5348"
"Салат  ""Бешеная курица""","['Картофель', 'Яйцо куриное', 'Грибы', 'Перец болгарский', 'Бедро куриное', 'Майонез', 'Ананас', 'Масло сливочное']","Грибочки режем и обжариваем на сливочном масле, минут 10 - до золотистой корочки. Отварной картофель и яички трем на крупной терке, окорочка отделяем от кости и меленько нарезаем. На блюдо выкладываем слоями: Первый слой - картофель, немного солим и промазываем майонезом. Второй слой - жареные грибочки. Третий слой - меленько нарезанный болгарский перец. Четвертый слой - нарезаные ананасы (я купила уже резаные маленькими дольками). Пятый слой - выкладываем курочку, посыпаем сверху тертыми яйцами. Бока хорошенько смазываем майонезом. Даем настояться 15 -20 минут и... приятного аппетита!!!"
"Капуста фаршированная ""Постная""","['Капуста белокочанная', 'Помидор', 'Лук репчатый', 'Морковь', 'Баклажан', 'Кабачок', 'Перец болгарский', 'Сок томатный', 'Специи', 'Соль', 'Масло растительное']","Верхние листы у капусты удалить, вырезать сердцевину (кочерыжку) и в глубокой кастрюле, залив горячей водой, посолить и варить до полуготовности, так чтоб листы свободно отходили. Помидоры надрезать крест на крест, ошпарить кипятком и очистить от кожицы. Репчатый лук нарезать мелким кубиком. Морковь натереть на терке. Помидоры нарезать кубиком. Баклажан и кабачок нарезать кубиком и обжарить на сковороде с добавлением растительного масла. Затем добавить лук с морковью и слегка обжарить. У сладкого перца удалить плодоножку с семенами и нарезать небольшим кубиком. Добавить к овощам. Следом добавить нарезанные помидоры, посолить. Накрыть крышкой, потушить на медленном огне минут 5-10. Овощной фарш готов. Капусту разобрать на отдельные листья и срезать грубые черешки. В глубокую миску выстелить крест-накрест пищевую алюминиевую фольгу. На нее, укладывая внахлест, выложить крупные капустные листья черешками наружу, сверху на дно выложить немного начинки и разровнять. Затем сверху фарша опять выложить листья чуть меньшего размера - и так повторить раз 5, последний слой - фарш. Затем середину закрыть концами листьев последнего ряда, накрыть одним листом и смазать фаршем, потом процедуру повторить до последнего ряда. Когда капуста будет нафарширована, то края фольги соединить, закрепить и, слегка придавливая, придать форму капусты. Аккуратно освобождая капусту из фольги, выложить на противень, смазанный растительным маслом. Запечь в духовке при 200-220 градусах 20 минут. Тем временем приготовить соус: на сковороде разогреть 1 ст. л. растительного масла, добавить томатный сок, специи, соль и немного выпарить. По истечении времени достать капусту из духовки и смазать всю поверхность соусом. И вновь запечь в духовке до образования корочки, примерно 30 минут. Если хотите хрустящую капусту, то хватит 20 минут. Надеюсь, кому-нибудь рецепт пригодится!!!"
Буженина домашняя в духовке,"['Корейка', 'Орех мускатный', 'Паприка сладкая', 'Приправа', 'Соль', 'Масло подсолнечное']","Подготовить все ингредиенты. В большой миске смешиваем приправы, соль с маслом. Это будет маринад. Затем приготовленный маринад втираем со всех сторон в мясо. Накрываем миску пленкой и на сутки убираем в холодильник мариноваться. Через сутки достаем мясо, кладем в рукав для запекания и отправляем на противне в духовку, разогретую до 190 градусов на 20 минут. После уменьшаем температуру до 60 градусов и выпекаем до готовности 40 мину. Когда мясо готово, мы достаем его из духовки и оставляем остывать до комнатной температуры. Что бы оно лучше резалось и не ломалось мясо лучше убрать в холодильник и полностью охладить. Домашняя буженина готова. Ее можно подавать к столу. Приятного аппетита. Этот рецепт - участник акции ""Готовим вместе - кулинарная неделя"". Обсуждение приготовления на форуме - http://forum.povarenok.ru/viewtopic.php?f=34&t=6953"
"Салат  ""Комплимент""","['Рис', 'Филе куриное', 'Листья салата', 'Сыр твердый', 'Орехи грецкие', 'Майонез', 'Масло растительное', 'Соевый соус', 'Мед', 'Чернослив']","Это набор необходимых продуктов. Сразу хочу предупредить, что сегодня решила поэкспериментировать с макросъёмкой и потерпела неудачу, многие фото оказались нечёткими. Нарезаем филе тонкими полосками. Обжариваем в течение 5 минут на растительном масле, затем добавляем соевый соус, мёд и протушиваем ещё 5 минут. Отвариваем рис. Выкладываем на блюдо листья салата. Сверху рис в форме ""сердца"", я использовала силиконовую форму. На рис выкладываем курицу. Тонко режем чернослив, у меня ""готовый"", запаривать не надо. Выкладываем чернослив. Намазываем майонезом, думаю, много не надо. Сверху посыпаем тёртым сыром и толчёными грецкими орехами. [size=18]Приятного аппетита![/size]"
Кокосовые оладьи,"['Сыворотка', 'Мука пшеничная', 'Сахар', 'Стружка кокосовая', 'Дрожжи']","Сахар, кокосовую стружку добавить к сыворотке и немного подогреть. Всыпать дрожжи и перемешать. Добавить муку, размешать. Накрыть и оставить в теплое место на час. Вот, что должно получится по истечении времени. Не перемешивая тесто, выкладывать его, на разогретую сковородку. Жарить на не большом огне. Приятного аппетита! Мы любим их есть со сметаной. Для любителей сладкого - вкусно со сгущенкой."
Смузи «Свежесть дня»,"['Йогурт', 'Дыня', 'Малина']","Приготовить йогурт из закваски Oursson очень легко: 1. Вечером перед сном, я обдала кипятком из чайника стакан из термоса (1 литровый) в котором буду готовить йогурт. 2. Открыла упаковку молока (пастеризованного) и вылила его в кастрюльку (которую тоже обдала кипятком). Поставила всё на огонь и слежу по термометру, температура должна подняться до 24 градусов, не больше! 3. Переливаю молоко в стакан для сквашивания, всыпаю один пакетик закваски и мешаю чистой сухой ложкой 3 минуты! ёмкость завинчиваю крышкой. 4. В термос-йогуртницу наливаю кипяток из чайника до верхней границы подставки (на которую ставится стакан), помещаю в йогуртницу молоко и оставлю на ночь для сквашивания в тёплое место. Утром великолепный йогурт готов, никаких заморочек! Чтобы приготовить две порции чудесного напитка необходимо: Дыню вымыть, очистить от семян, порезать на небольшие кусочки. Выложить в блендер и взбить на высоких оборотах до однородной консистенции. Добавить в чашу йогурт и ягоды. Взбить пару секунд и разлить по высоким бокалам. Украсить ягодами, мятой или кокосовой стружкой. Результат потрясающий! Лучше учесть нюансы: 1. Нам понадобится блендер и весы. 2. Дыня должна быть слегка перезрелая, это важно! Тогда напиток получится ароматным. 3. Взбиваем в блендере на самой высокой скорости. 4. Все продукты должны быть охлаждёнными. Обалденный коктейль! Вкус йогурта Oursson - это вкус жизни!"
Тушеная фасоль с говядиной из мультиварки,"['Масло растительное', 'Тимьян', 'Чеснок', 'Томатная паста', 'Сок томатный', 'Морковь', 'Лук репчатый', 'Говядина', 'Фасоль', 'Соль', 'Перец черный']","Говядину нарезать небольшими кубиками, зачистить от сухожилий, если такие есть. Обжарить в мультиварке - режим ""Жарка"" Выложить нарезанную наискосок морковь, добавить лук, нарезанный четвертинками. Добавить томатный сок, пасту, отрегулировать вкус солью и перцем, тушить 40-50 минут. Отмерить стакан фасоли, вымыть ее, заложить к мясу, добавить тимьян, продолжить тушение до готовности продуктов еще минут 30-50. На этом этапе смотрим на густоту блюда, по необходимости можно добавить жидкость: бульон, воду, либо томатный сок сверх нормы, если любите понасыщеннее вкус. Пробуем на вкус и добавляем недостающие специи. В конце приготовления добавляем чеснок, включаем режим ""Подогрев"" на 10 минут, чтобы чеснок подружился с остальными продуктами! Приятного аппетита!"
"Пирожное ""Вивьен""","['Мука пшеничная', 'Чернослив', 'Яйцо куриное', 'Сахар', 'Кофе растворимый', 'Шоколад молочный', 'Разрыхлитель теста', 'Сахарная пудра', 'Сливки', 'Желатин', 'Маргарин', 'Вода', 'Сок лимонный', 'Масло сливочное', 'Соль', 'Мед', 'Белок яичный']","Чернослив замочить в кофе на 30 минут, затем измельчить в блендере. Яйца (4 шт.) разделяем на желтки и белки, размягченное сливочное масло взбить с сахаром и солью в пышную массу, добавить желтки. Муку просеять с разрыхлителем и постепенно ввести в желтковую массу. Ввести измельченный чернослив. Шоколад растопить с двумя столовыми ложками сливок. Белки с щепоткой соли взбить в крепкую пену. Порционно ввести белки в основную массу. Выпекать при температуре 180 °С 30 минут. Глубокой чашкой вырезать 6 кружочков. Сливки взбить с тремя ст.л. сахарной пудры, промазать кремом бисквитные кружочки внутри и снаружи. Отправляем пирожные в холодильник и приступаем к мастике. Желатин замочить в воде на 30-40 минут. Когда желатин хорошо набухнет, нагреть его на водяной бане до растворения и охладить. В емкости размешать мед, растопленный маргарин и охлажденный растворенный желатин. К смеси понемногу начать добавлять сахарную пудру(250 г), аккуратно перемешивая деревянной лопаткой. Когда масса станет густой, и ее можно будет вымешивать, выложить ее на присыпанный сахарной пудрой стол и вымесить эластичное тесто. Разделить на несколько кусочков и окрасить соком свеклы (1 ч.л.). Далее раскатываем мастику на присыпанном сахарной пудрой или крахмалом столе, достаем из холодильника пирожные и покрываем мастикой, диаметр раскатанной мастики должен быть больше, чем торт или пирожное. Рюши тоже делаем из мастики. С помощью рельефной салфетки из поливинилхлорида, которые наверняка завалялись у вас в чулане. Раскатываем тоненько мастику, чуть припудриваем крахмалом или сахарной пудрой, накладываем узор и хорошо перекатываем скалкой. Аккуратно вырезаем по краю. Далее делаем белковый крем ""айсинг"". Один яичный белок взбить с сахарной пудрой и лимонным соком (1 ч.л.) в плотную пену. Наполняем кремом бумажный корнетик и рисуем узор. Цветочки тоже сделаны из сахарной мастики, но они покупные. А это моя любимая Вивьен которая и вдохновила меня на эти замечательные пирожные... Пусть сбудется добрая детская сказка, Где гномы и эльфы вдруг в полночь придут, Смеясь и танцуя, и прячась под маски, С собой в Зазеркалье тебя позовут! И пусть распахнутся волшебные дверцы В страну любви, счастья и вечной весны, Где море и солнце, цветы и Жар-птицы, Где сбудутся самые светлые сны!"
"Салат из печени и горошка ""На пробу""","['Печень говяжья', 'Горошек зеленый', 'Яйцо куриное', 'Грибы', 'Майонез']","Печень отварную порезать кубиками, порезать варенные яйца, шампиньоны. Добавить горошек, заправить майонезом. Соль, перец по вкусу. Приятного аппетита!"
"Салат ""Ламинария""","['Капуста морская', 'Крабовые палочки', 'Перец сладкий красный', 'Яйцо куриное', 'Чеснок', 'Лимон', 'Масло оливковое']","Яйцо сварить вкрутую, остудить под холодной водой, мелко нарезать. Крабовые палочки нарезать как можно мельче. Перец нарезать маленькими кубиками. Маринованный чеснок мелко нарезать. Морскую капусту и нарезанные овощи соединить. Заправить оливковым маслом, смешанным с соком 1 /2 лимона. Дать настояться 3 -5 минут."
"Заварные блины ""Безалкогольный глинтвейн""","['Кефир', 'Яйцо куриное', 'Сахар', 'Соль', 'Масло растительное', 'Мука пшеничная', 'Сода', 'Вода', 'Груша', 'Изюм', 'Миндаль', 'Курага', 'Имбирь', 'Гвоздика', 'Сахарная пудра']","Подготовим ингредиенты. Кефир подогреем до комнатной температуры. Яйца также должны быть не холодными. Просеем муку. Просушим орехи в духовке, если они влажные. В глубокую ёмкость налить кефир, добавить сахар, соль, соду. Взбить. Добавить яйца и растительное масло. Постепенно добавляем просеянную муку. Не переставая взбивать тесто влить кипяток. Взбивать до однородности теста. Приступаем к обжарке блинов. Сковородку разогреваем и смазываем маслом. P.S. Для смазывания сковородки я использую смесь растительного и оливкового масла (в пропорции 3/1). Не усердствуйте с маслом, т. к. в тесто мы уже его добавили. Наливаем тесто на сковороду. Блинчик должен покрыться слоем пузыриков (они сделают наши блины пористыми). Вот такая красота украшает наш блинчик. Дожидаемся пока блинчик приобретет матовую верхнюю поверхность и исчезнут пузырики. Переворачиваем! P.S. Перед тем как перевернуть свои блинчики я их смазываю небольшим количеством масла. Вот такой золотистый красавчик! Переходим к соусу ""Глинтвейн"". Нарезаем грушу небольшими кубиками. Промываем изюм и курагу. Заливаем кипятком. P.S. Для лечебного варианта грушу можно измельчить до состояния пюре блендером. Измельчаем миндаль с гвоздикой. В отдельную ёмкость выдавливаем сок имбиря и его мякоть. P.S. Во время болезни можно добавить чуть больше имбиря. Он хорошо успокаивает, воздействует положительно на иммунитет, сокращает рост бактерий. В кастрюле смешиваем воду, сахар и ставим на огонь. Мешаем до полного растворения сахара. Как только сироп начнет закипать, добавляем грушу. Перемешиваем и даём провариться 2 минуты. Добавляем имбирь. Перемешиваем. Добавляем изюм и курагу. P.S. Курагу я разделяю на небольшие кусочки. Добавляем измельчённый с гвоздикой миндаль. Перемешиваем. Готово! Для лечебного варианта можно добавить 2 ложки мёда. P.S. Я люблю добавлять не только измельчённый, но и цельный орех. Приступаем к сбору блинных рулетиков с начинкой ""Глинтвейн"". Выкладываем необходимое количество начинки на блин. И сворачиваем рулетиком. Даём блинам пропитаться начинкой. Выкладываем на тарелку. Подаём соус к блинчикам. Балуйте себя и своих близких! Приятного аппетита!"
Медово-горчичный соус,"['Мед', 'Горчица', 'Соевый соус', 'Желток яичный', 'Сок лимонный', 'Перец черный', 'Куркума', 'Масло растительное']","Мед нужно брать жидкий, желательно с ярко-выраженнным ароматом, чтобы он чувствовался в соусе. Итак, смешайте сырой яичный желток, горчицу, мёд, лимонный сок и соус Терияки Киккоман. Добавьте свежемолотый перец Важный момент - цвет соуса во многом зависит от цвета мёда. У меня мёд таёжный, янтарного цвета. Если берете мёд боле тёмный - то соус будет слегка коричневатый. Если берёте мёд светлый, то можно кинуть для цвета щепотку куркумы. Острота соуса зависит от выбранной горчицы. Я брала русскую. Если возьмёте дижонскую - вкус будет менее острый. В стакан от блендера поместите все указанные ингредиенты, влейте половину масла Погружным блендером взбивайте до однородности, затем влейте вторую половину масла и взбивайте до однородности соуса. Всё. Соус готов! Вначале он имеет слегка льющуюся текстуру. Дайте ему постоять ночь в холодильнике и он загустеет Соус прекрасно хранится в холодильнике до двух недель. Этот соус универсальный. Он прекрасно подходит к рыбе и морепродуктам на гриле. Он может служить дипом для макания в него свежих овощей на пикнике или овощей-гриль. Он подойдет прекрасно к блюдам из индейки, курицы и свинины на гриле. А еще такой соус - прекрасная глазурь для блюд на гриле. Если при помощи кисточки вы будете смазывать этим соусом готовящийся на гриле стейк, шашлык или рыбу - то румяная корочка вам обеспечена!"
Куриные окорочка сметанно-кунжутные,"['Окорочок куриный', 'Сметана', 'Хмели-сунели', 'Базилик', 'Орех мускатный', 'Соль', 'Соевый соус', 'Кунжут', 'Масло растительное']","Для маринада смешиваем сметану, соевый соус, соль, хмели-сунели, мускатный орех, базилик. Я брала 2 окорочка и 2 крылышка. Обмазываем все это дело маринадом. Укладываем в форму, убираем на пару часов (в идеале на сутки) в холодильник. Обильно обсыпаем кунжутом. Запекаем в предварительно разогретой до 200-220 градусов духовке до готовности. Приятного аппетита!!!"
Манная каша с бананом,"['Крупа манная', 'Молоко', 'Вода', 'Сливки', 'Сахар', 'Банан', 'Какао-порошок', 'Ягода']","В кастрюле смешать молоко и воду, закипятить. Насыпать манку и, помешивая, сварить довольно густую кашу. Процесс займет примерно 5 минут. Спелый банан очистить и нарезать кусочками (у меня два банана, так как я готовила двойную порцию) В блендере измельчить банан, в банановое пюре добавить, сливки, сахар и все еще раз взбить. Добавить банановую смесь в кашу. Все хорошенько размешать, попробовать на сахар, довести до кипения и выключить огонь. Каша готова. В кашу по желанию можно добавлять немного лимонного сока, орехи, растопленный шоколад, изюм и т. д. Я посыпала ее растворимым какао и добавила клубнику. Ягоды можно использовать какие угодно, по вкусу. Детям такая кашка точно понравится! Приятного аппетита!"
Удивительный фасолевый торт,"['Фасоль', 'Яйцо куриное', 'Мед', 'Какао-порошок', 'Кардамон', 'Ванилин', 'Масло сливочное', 'Молоко сгущенное', 'Соль']","Я заплакала и вышла на крыльцо кафе, присела, не зная, что делать. Но тут ко мне подлетела пчела и села на коленку, я взглянула на неё и увидела, что пчела тоже плачет. Достала из кармана конфетку, развернула и положила рядом. Пчела лизнула и вдруг заговорила... - Не плачь, я помогу тебе. Пошли на кухню, и мы приготовим с тобой Удивительный торт. Дальше я делала всё, что говорила мне пчела, сидя у меня на плече. Взяла стакан фасоли и замочила её. Потом пошла спать, так как было уже совсем поздно. Утром я отварила фасоль 1 час. Слила воду, дала немного остыть и переложила в блендер. Пюрировала фасоль в блендере, добавила 3 яйца, ванилин и взбивала ещё 2-3 минуты. Добавила мёд. Соль и кардамон. Всё ещё раз смешала. 2 яйца взбила вилкой с 6 ложками какао и добавила к фасолевой массе. В столовой ложке лимонного сока погасила пол-чайной ложки соды и добавила в фасолевое тесто. Вымешала. Пока я готовила, духовка разогрелась до 180*. Форму для выпечки смазала и слегка присыпала манкой, боялась, чтобы корж не пристал. Выкладывала в форму диаметром 20см, по 7 ст. л., и выпекла 4 коржа. Коржи выкладывала на решётку до полного остывания. Из 2/3 банки варёной сгущёнки, сливочного масла и какао взбила крем. Промазала каждый корж кремом и поставила на холод. К вечеру торт пропитался, и я украсила его стружкой из белого шоколада. Когда пришла ведьма, я принесла торт и отрезала кусочек. Та без всякого удивления начала есть, и вдруг расцвела в улыбке и говорит: - Какой удивительный торт! Из чего ты его приготовила, девочка?!!! Не успела я ответить, как всё колдовство и пропало. Забежала я в кафе, а там мирно сидели мои родители и чему-то смеялись. - Может, поедем домой! - сказал мой папа - Поехали. - ответила я. Вот такая случилась история со мной в детстве, и на всю жизнь у меня остался рецепт Удивительного торта от волшебной пчелы. Которая, кстати, была заколдованной хозяйкой этого кафе. На прощанье мы с ней обнялись, и она мне шепнула, чтобы я никогда не забывала этот рецепт, которым я смогу удивить."
"Гарнир ""Роза Востока""","['Яйцо куриное', 'Помидор', 'Помидоры черри', 'Лук красный', 'Фасоль стручковая', 'Специи', 'Сок лимонный']","В блендере до однородной массы прокрутить помидоры, разбить в полученную основу 5 яиц и добавить специи. Аккуратно размельчить фасоль (лучше всего молодую) и добавить в смесь. Тщательно всe перемешать до массы, чем-то напоминающей тесто. На предварительно разогретую сковородку вылить немного подсолнечного масла, сверху вылить готовую овощную смесь. Закрыть крышкой и на среднем огне держать эту смесь до тех пор, пока она не станет внешне похожа на омлет (примерно 15 минут), далее, сложившуюся в своеобразный корж массу нужно перемешать ложкой, чтобы она была ""зернистой"". Добавить лимонный сок. Так, перемешивая, держать на маленьком огне данную массу примерно 20 минут, можно и меньше, главное, под крышкой. Если Вы любите лук, то, когда блюдо будет готово, измельченную луковицу можно отдельно обжарить, чтобы позже перемешать с готовым блюдом. Будет очень вкусно. Украшение: На тарелку горкой выкладывается смесь, по краям петрушка и помидорчики черри и немного мяса, на подъeмы тоже черри. Получается, как роза с листиками. Получается отличная замена надоевшим макаронам, картошке и. т. д. А главное - просто и вкусно! Некоторым это блюдо нравится холодным, но лучше всего оно идeт горячее (только что сделанное) или, например, разогретое в микроволновой печи."
"Тарталетка ""Сороконожка – светофор""","['Вода', 'Масло сливочное', 'Мука пшеничная', 'Яйцо куриное', 'Куркума', 'Печень говяжья', 'Лук репчатый', 'Перец черный', 'Морковь', 'Перец болгарский', 'Горбуша', 'Яблоко', 'Пармезан', 'Сыр твердый', 'Творог', 'Укроп', 'Лук зеленый']","Для начала готовим заварное тесто, это будет основа для тарталеток. Воду доводим до кипения, растворяем в кипятке сливочное масло, добавляем куркуму, засыпаем тонкой струйкой муку и мешаем, мешаем, мешаем. Нельзя взбивать. Убираем с огня, добавляем 2 отборных куриных яйца или 3 яйца второй категории. Если тесто получилось жидким, то пока оно не остыло, можно добавить муки, можно-можно, я проверила. Выкладываем тесто на противень полушариками, надо постараться сделать их одинакового размера. Одну булочку побольше - голова. И одну продолговатую – хвост. Выпекаем в духовке при 250 град. Через 3о минут вынимаем. Охлаждаем и разрезаем пополам, кроме ""головы"" и ""хвоста"" Начинаем готовить мясную начинку. Печень отвариваем с морковкой, лавровым листом, перцем и луком. Печень с отборной морковкой измельчаем (я - в блендере, но любители старины )) могут и в мясорубке) Добавляем 50 г масла. В отдельной миске измельчаем 2 желтка. 1/3 булочек заполняем печёночным паштетом. Сверху посыпаем желтком. Всё, жёлтый цвет готов. Яблоко трём на терке. Болгарский перец режем пополам, половинку откладываем. Другую половинку измельчаем вместе с сыром и горбушей, смешиваем с яблоком. Получаем однородную пасту розового цвета. Лучше использовать сыр пармезан, но понятно, что любой подойдёт. Другую половинку болгарского перца измельчаем с белком, получаем ярко-красную пасту, которую положим поверх рыбной начинки - для яркости. Дальше поступаем так же, как с мясной начинкой. На одну треть булочек кладем рыбную начинку. Сверху кладем пасту из болгарского перца и яйца. Вот и красный цвет готов. Ну, вот и осталась последняя творожная начинка. Творог мешаем с зеленью и сыром. Добавляем карри (не обязательно, для любителей) Отдельно зелень смешиваем с одним белком. Ну, а дальше мы уже всё хорошо умеем. На оставшиеся булочки выкладываем творожную начинку. Сверху кладём зелень с яйцом – вот и зелёный цвет готов. Теперь собираем сороконожку, делаем ножки из крабовых палочек. Я не нашла под неё тарелки и расположила на столе. Сэкономила на посуде, а детям очень понравилось и мужу тоже."
Шахматный бутербродный торт,"['Хлеб', 'Консервы рыбные', 'Сыр мягкий', 'Икра рыбная', 'Лук зеленый', 'Масло сливочное', 'Специи']","Тостерный хлеб подсушила в тостере, натёрла немного чесноком (но это необязательно). Положила нужное количество хлеба, сверху выложила начинку и опять ломтики хлеба. Я положила 3 ряда хлеба. Начинка: филадельфия + консервы + соль, перец по вкусу, немного сока лимона. На последний слой начинку класть не надо. Бока и верх смазать сливочным маслом. Бока обсыпала мелко резанным зелёным луком, а сверху в шахматном порядке положила икру. Шахматы белые - из сливок и желатина. Красные - клюквенный сок с желатином. Залила в формочку. У меня есть специальная формочка. Икру можно заменить мелко нарезанными помидорами и чёрными оливками. Пошаговых у меня, к сожалению, нет."
"Запеченное мясо в фольге, с картофелем","['Мед', 'Соевый соус', 'Масло растительное', 'Картофель', 'Соль', 'Перец черный', 'Перец сладкий красный', 'Укроп', 'Свинина', 'Приправа']","1) Сначала приготовим маринад. В глубокой тарелке смешиваем мёд 2 ч. л, соевый соус 4 ч. л и растительное масло 4 ч. л Как только перемешали убираем в сторону. 2) Далее нужно сделать небольшую подготовку мяса. Его нужно промыть, просушить бумажным полотенцем и избавится от сухожилий, жилок и тд. 3) Далее мясо нарезаем на порционные кусочки, поперёк волокон. Уже потом на каждом кусочке делаем надрезы, с каждой стороны, это нужно для того что бы специи и маринад хорошо впитались в мясо.. Далее солим, перчим и добавляем смесь приправ для мясо по вкусу. Все это хорошо втираем в мясо, с каждой стороны. 4) Уже после этого можно замариновать мясо, лично я его покрывал мясо маринадом при помощи кондитерской кисти. С каждой стороны мясо, нужно помазать маринадом. Оставляем мариноваться на 20 минут. 5) В это время картофель нарезаем на дольки и перекладываем в миску. Далее солим, перчим, добавляем сушеный укроп, и красный перец, а так же растительное масло. Все хорошо перемешиваем. 6) На протвинь расстилаем фольгу блестящей стороной во внутрь ( к себе), на эту фольгу укладываем мясо, и все хорошо заворачиваем. Далее ещё раз отрываем фольгу, в неё укладываем картофель, все хорошо заворачиваем. 7) Все это отправляем в духовку при 200 с. Лично у меня все приготовилось почти за 2 часа."
Бастурма из баранины,"['Баранина', 'Соль', 'Специи', 'Перец чили', 'Лист лавровый']","Смешиваем все игридиенты. Помещаем мясо в эту смесь на 2-е суток. Через каждые 12 часов мясо переворачивать. По прошествию 48 часов, мясо промыть под проточной водой, и замочить на час - полтора. Затем уложить на бумажные полотенца, и поставить, сверху, не большой гнёт, что бы вышла лишняя влага. Для обмазки использовал приправу, купленную на рынке, ""для бастурмы"". Залил её кипятком на 10-15 минут. Затем нанёс ""обмазку"" на мясо, и завернул в марлию. В общей сложности мясо сохло около 14 дней. Половина времени мясо было в сушилке с включенным вентилятором, на температуру +35 Приятного аппетита"
Домашний чизбургер с пикантным соусом,"['Майонез', 'Томатная паста', 'Горчица', 'Уксус', 'Чеснок', 'Паприка сладкая', 'Фарш мясной', 'Сухари панировочные', 'Яйцо куриное', 'Соль', 'Перец черный', 'Масло растительное', 'Сыр сливочный', 'Булка', 'Листья салата', 'Помидор', 'Огурец маринованный', 'Лук красный']","Делаем соус. С посуде соединяем все ингредиенты: майонез; пасту томатную; уксус винный; горчицу. Чеснок выдавливаем, добавляем сладкую паприку и тщательно перемешиваем. Пробуем. Если чего-то не хватает, то добавляем по вкусу. Например: горчицу или уксуса. Булки я взяла готовые из супермаркета. Разрезала пополам и на сухой сковороде подсушила срезы до румяности. Фарш у меня говяжий. Добавила сухарей белых, соль и свежемолотый перец чёрный, разбила яйцо и хорошо вымесила. Сформировала котлеты, используя кольцо. Котлеты получились ровненькие. Обжарила котлеты с обеих сторон в небольшом количестве масла до готовности. Когда котлеты были уже готовы, положила на них по кусочку сыра Hochland Чизбургер, накрыла крышкой и сняла с огня. Сыр на котлетах подплавится. Собираем чизбургеры. Щедро намазываем булку соусом. На соус кладём салатный лист. На салатный лист-горячую котлету с сыром. Режем помидор на дольки, огурец и тонкими полу-кольцами красный лук. Аккуратно выкладываем на сыр. Намазываем вторую половинку булки соусом и накрываем. Закрепляем шпажкой и подаём. Вот такой чизбургер получился. Едим с удовольствием! Можно сделать двойной чизбургер. В него идёт 2 котлеты накрытые сыром. Большое сооружение, но дома это есть очень удобно!"
Творожные колобки с вишней,"['Вишня', 'Сахар', 'Творог', 'Яйцо куриное', 'Мука пшеничная', 'Сметана', 'Масло сливочное']","Подготавливаем продукты. В чашку выкладываем творог, 1 ст. л. сахара (у меня ""ДЕМЕРАРА"" ТМ ""Мистраль""). Добавляем 1 яйцо и муку. Хорошо перемешиваем. Тесто готово. Тесто делим на 2-3 части. Из каждой части раскатываем ""колбаску"", немного прижимаем пальцем и выкладываем на нее ягоды вишни на небольшом расстоянии друг от друга. Нарезаем на квадратики таким образом, чтобы в центре квадратика оказалась вишенка. (Если вишня слишком кислая, можно пересыпать ее сахаром, потом использовать для начинки). Соединяем углы квадратика. Придаем форму шарика - ""колобка"". Опускаем в кипящую чуть соленую воду. Варим после всплытия 2 минуты. Вынимаем из воды, выкладываем на блюдо и поливаем растопленным сливочным маслом. Хорошо перемешиваем. Подаем наши ""колобки"", добавив сметаны и посыпав сахаром. Приятного аппетита!"
Постное яблочно-ржаное печенье,"['Яблоко', 'Масло растительное', 'Сахар', 'Мука ржаная', 'Разрыхлитель теста', 'Ванилин', 'Соевый соус', 'Мак', 'Кунжут']","Берем два средних яблочка. Они сейчас уже не очень-то красивые, так что, самое время пустить их на выпечку. Очищаем и натираем на мелкой терке. Получится примерно 200 г тертого яблока. Добавляем любое растительное масло без запаха. Затем сахар – на ваш вкус. Теперь – ванилин, разрыхлитель и муку. Здесь можно поэкспериментировать – попробовать разные виды муки или их смесь. Мне, например, больше всего нравится ржаная или смесь ржаной с кукурузной (кукурузная дает бОльшую рассыпчатость). Но можно взять и пшеничную, и овсяную (я как-то и льняную добавляла, но это на любителя:)). Главное, не забить тесто мукой – оно должно быть не липким, но и не тугим. Раскатываем тесто толщиной 0,5-0,7 см, вырезаем фигурки. С недавних пор я стала смазывать постную выпечку соевым соусом (может, и не открою Америку, но для меня такая возможность его использования была открытием). Он дает не только аппетитный цвет, но и интересную контрастную нотку в сладкой выпечке (особенно, если кушать печенья по совету кота Матроскина, в перевернутом виде – «колбасой на язык»:)). Кроме того, к нему отлично прилипает различная посыпка. Я использовала «Киккоман». А посыпка – ассорти: кунжут, мак и коричневый сахар (жаль, не было гранулированного). Противень, если нет силиконового коврика, смазать маслом. Печем при 200 градусах около 15 минут. Главное, не перепечь, а то будет жестким. Вот такое печенье получилось. Хранить его лучше в закрытой емкости, тогда оно на следующий день станет только мягче и ароматнее. Поближе... Приятного аппетита!"
Дынное варенье,"['Дыня', 'Сахар', 'Кардамон', 'Бадьян', 'Лимон']","Мякоть дыни очистить от кожуры, нарезать кубиками. В эмалированную чашку положить мякоть дыни, сахар, семена кардамона, очищенные от коробочек, звёздочку бадьяна, цедру и сок одного лимона. На медленном огне довести варенье до кипения, постоянно помешивая, проварить до полного растворения сахара, убрать чашку с огня и оставить остывать. На следующий день довести варенье до кипения на медленном огне и проварить 5-8 минут. Через день ещё раз довести варенье до кипения и проварить 5-8 минут. Всё, варенье готово! Я его не закрываю впрок, долго оно не застаивается у нас и поэтому храню просто в холодильнике. Да и выход из этой порции небольшой - две маленькие баночки из-под конфитюра. Но если кто хочет закрыть на зиму, то в горячем виде нужно разложить варенье в простерилизованные баночки, герметично закрыть и хранить в темном месте."
"Картофель ""Золотистый""","['Картофель', 'Лук репчатый', 'Чеснок', 'Масло растительное']","Сначала нужно отобрать мелкую картошку. Хорошо, если она будет одного размера. Затем хорошо моем со щеткой. Затем ставим кастрюльку с водой на огонь и как закипит, добавляем картошку. Варим 5-7 минут. Лук нарезаем крупно. Чеснок пропускаем через пресс. С картофеля сливаем воду. На огонь ставим кастрюлю с толстыми стенками и нагреваем в ней масло. В раскаленное масло высыпаем картофель и очень осторожно перемешиваем. Хорошо взять такую кастрюлю, где картошка равномерно поместится. Через 10 минут добавляем лук, чеснок и перемешиваем. Аромат получается чудесный! Наша ароматная картошечка готова! Необходимо ее выложить в другую посуду, чтобы не впитывала в себя масло. Получается довольно калорийное блюдо, но иногда можно. ) Можно есть как самостоятельное блюдо. Я подавала с курицей в винном соусе."
Свиные медальоны с бастурмой и сулугуни,"['Свинина', 'Сыр сулугуни', 'Бастурма', 'Мята', 'Соль', 'Перец черный']","Вырезку порезать на 12 кусочков (как на отбивные), отбить через пленку, слегка (не сильно!) присолить и поперчить. Сулугуни и бастурму порезать тонкими кусочками. По 12 штук. Возьмите в руки кусочек бастурмы и оберните вокруг него листик мяты. Сверху оберните кусочком сулугуни. Эту конструкцию оберните кусочком отбитого мяса и заколите зубочистками. Получается мешочек или конвертик. Так проделываем со всеми 12 кусками мяса, сыра, листиков мяты и бастурмы. Выложите их на лист фольги, смазанный маслом. Сверху накрыть еще одним листом фольги, края завернуть, чтобы получился плотный конверт из фольги. Запекать в разогретой духовке минут 20-25. Вот такие симпатяги получаются. Только не забудьте перед подачей вынуть зубочистки. Подавать обязательно с соусом. Я в этот раз подавала с [url=https://www.povarenok.ru/recipes/show/9323/] беарнским соусом[/url], ну очень вкусно. А на гарнир лучше всего подать отваренный рис или картошку. У меня сегодня в качестве гарнира была [url=https://www.povarenok.ru/recipes/show/9325/]картошка-гармошка[/url] Приятного аппетита!"
Пшенная запеканка с малиной,"['Пшено', 'Пюре фруктовое', 'Малина', 'Яйцо куриное', 'Масло сливочное', 'Ванилин', 'Сахар']","Пшено отварить в воде до готовности как указано на упаковке. Готовое пшено достать из воды и дать ей стечь. Яблочное пюре смешать с 25 г растопленного сливочного масла. Добавить немного остывшее пшено, яйца, ванилин и сахар, перемешать Затем добавить малину и аккуратно перемешать. Форму для выпечки смазать сливочным масло и выложить в нее всю массу, разровнять. Выпекать при 180 гр около 25 минут. Перед подачей немного остудить и украсить ягодами. Приятного аппетита!"
Булочки с двумя видами начинки,"['Мука пшеничная', 'Молоко', 'Яйцо куриное', 'Масло сливочное', 'Соль', 'Сахар', 'Дрожжи', 'Клюква', 'Крахмал кукурузный', 'Сыр творожный']","1. Готовим тесто. Я готовила тесто в хлебопечке. В ёмкость от хлебопечки добавляем сначала растопленное сливочное масло, яйца ( 1 яйцо оставьте для смазки булочек), соль, сахар, молоко, а затем муку и дрожжи ставим на режим ""дрожжевое тесто на 1 час."" 2. Для приготовления начинки клюкву и сахар измельчите в блендере и добавьте 1 ст. л. крахмала перемешайте. 3. Творожный сыр я использовала с зеленью. 4. Когда тесто подойдет возьмите половину теста и раскатайте в пласт 30 на 45 см и смажьте клюквенной начинкой. Заверните один край на треть и сверху - второй. 5. Прижмите тесто при помощи скалки и разрежьте тесто на полоски толщиной примерно 2 - 3 см. Каждую полоску скрутите спиралькой, заверните в бублик и защипните. Противень застелите пергаментной бумагой и переложите булочки. 6. Булочкам дайте расстояться около 20 минут в тепле, смажьте яйцом и поставьте выпекаться в разогретую духовку до 180 гр. на 20-25 мин. в зависимости от духовки. 7. Булочки с творожной начинкой готовятся также как и с клюквой. Теста и раскатайте в пласт 30 на 45 см и смажьте творожной начинкой. Прижмите тесто при помощи скалки и разрежьте тесто на полоски толщиной примерно 2 - 3 см. Каждую полоску скрутите спиралькой, заверните в бублик и защипните. Противень застелите пергаментной бумагой и переложите булочки. Булочкам дайте расстояться около 20 минут в тепле, смажьте яйцом по желанию можно посыпать паприкой и поставьте выпекаться в разогретую духовку до 180 гр. на 20-25 мин. в зависимости от духовки. Готовые булочки переложите на блюдо и подавайте к столу."
Котлеты овощные в вафельной оболочке,"['Корж', 'Картофель', 'Морковь', 'Лук репчатый', 'Масло растительное', 'Соль', 'Яйцо куриное', 'Перец черный']","Отварить ""в мундире"" картофель и морковь. Очистить и натереть на терке. Мелко нарезать лук и обжарить до золотистого цвета. Добавить в отварные овощи обжаренный лук. Перемешать. Соль и перец по вкусу. Начинка готова. Вот так выглядит упаковка с вафлями. Мне понадобилась половина такой упаковки. На вафлю выложить начинку слоем в 1 см, накрыть второй вафлей. Яйца взбиваем, немного солим. Котлеты обмакиваем в яйцо и обжариваем на среднем огне с двух сторон до румяной корочки. Я приготовила к котлетам грибной соус по рецепту: https://www.povarenok.ru/recipes/show/18187/ от Эллиса. Всё!!! Наши котлеты готовы!!! Приятного аппетита!!!"
Моцарелла фаршированная,"['Моцарелла', 'Томаты вяленые', 'Руккола', 'Лосось', 'Соевый соус', 'Масло оливковое', 'Чеснок']","Моцареллу выложить на бумажное полотенце. Сделать при помощи чайной ложки сверху углубления. Нарезать то, что выскребли ложечкой. Вяленые томаты нарезать. Рукколу помыть, обсушить, нарезать. Рыбу нарезать мелкими кубиками. Смешать нарезанные ингредиенты. Для заправки смешать масло, слитое с вяленых томатов, и соевый соус. Я использую лёгкий соевый соус ТМ Kikkоmаn. Добавить пропущенный через пресс чеснок, перемешать и заправить полученный салат. Выкладываем начинку в углубления на сыре. Для мини-моцареллы я пюрировала начинку с помощью блендера. Приятного аппетита!"
Быстрые закусочные помидоры,"['Помидор', 'Чеснок', 'Укроп', 'Петрушка', 'Соль', 'Смесь перцев']","Помидоры и зелень вымыть и хорошо просушить. Чеснок очистить и нарезать брусочками. У помидор срезать крышечки и нашпиговать их брусочками чеснока, предварительно слегка обмакнув их в мелкую соль. Укроп и петрушку мелко нашинковать. Присолить, посыпать по вкусу перцем, слегка перемешать и немного нафаршировать зеленью помидоры. Уложить в неокисляемую посуду с крышкой и посыпать остатками соленой зелени. Накрыть крышкой и дать постоять на столе 3-4 часа. Затем убрать в холодильник на ночь. Подавать холодными под рюмочку –бесподобно! Можно дополнительно сбрызнуть при еде уксусом или оливковым маслом на любителя."
Ленивая пицца,"['Хлеб', 'Яйцо куриное', 'Сливки', 'Зелень', 'Соль', 'Перец черный', 'Соус', 'Ветчина', 'Грибы', 'Лук репчатый', 'Помидор', 'Моцарелла', 'Сыр твердый']","Лук мелко нарезать и слегка обжарить на растительном масле. Вбросить к луку грибы и обжарить. В это время взбить яйца, добавить сливки, посолить, поперчить, добавить зелень. Хлеб разрезать пополам на треугольнички. обмакиваем каждый кусочек в яичной смеси и выкладываем на сковородку так, чтобы полностью закрыть дно. Оставшуюся смесь не выливайте-она ещё понадобится Намазать хлеб соусом или кетчупом набросать сверху порезанную квадратиками ветчину сверху обжаренные грибочки с луком сверху кладём помидорку сверху нарезанную кубиками моцареллу я ещё набросала остатки салатика из фасоли :) посыпать тёртым сыром и под крышкой жарить на среднем огне около 10 минут - пока сыр полностью не расплавится. Наслаждаемся! Вот и всё!!! ПРИЯТHОГО АППЕТИТА!!!"
Рис с яйцом-пашот с томатным соусом,"['Рис', 'Яйцо куриное', 'Вода', 'Уксус', 'Помидор', 'Лук репчатый', 'Перец болгарский', 'Чеснок', 'Сметана', 'Томатная паста', 'Сыр голландский', 'Зелень', 'Соль', 'Перец черный']","Отварить рис в подсоленной воде до готовности. И выложить ровным слоем в форму для запекания. Рис может быть любым я использовала круглозернистый. Для приготовления соуса мелко нарежем чеснок и лук. На разогретой сковороде обжарим на растительном масле. Добавляем к луку мелко нарезанный перец и жарим, помешивая, 4-5 минут. Нарезаем помидор маленькими кубиками и добавляем к другим овощам, все постоянно помешиваем и через 6-8 минут заправляем томатной пастой и сметаной, все хорошо перемешиваем. Сковородку снимаем с плиты, солим и перчим по вкусу. Готовым соусом смазываем равномерно рис. Теперь приготовим яйцо-пашот. В кастрюлю наливаем воду, солим вливаем уксус и доводим до кипения. Аккуратно вливаем яйцо и варим 2-4 минуты, в зависимости от желаемой консистенции желтка. Готовое яйцо выкладываем на рис. Количество яиц определяем сами. Посыпаем все сыром, натертым на мелкой терке, и запекаем 15 минут в нагретой духовке до 180 градусов. Для быстроты можно отправить наше блюдо и в микроволновку, там сыр тоже расплавится. Перед подачей посыпаем мелко нарезанной зеленью. Можно посолить и поперчить яйца. Приятного аппетита! Этот рецепт - участник акции ""Готовим вместе - кулинарная неделя"". Обсуждение приготовления на форуме - http://forum.povarenok.ru/viewtopic.php?f=34&t=6579"
Тыквенный венок с корицей,"['Тыква', 'Сахар', 'Молоко', 'Цедра лайма', 'Яйцо куриное', 'Желток яичный', 'Дрожжи', 'Соль', 'Масло сливочное', 'Мука пшеничная', 'Корица']","Тыкву очистить, нарезать на маленькие кусочки, добавить сахар 50 грамм и 100 мл молока. Проварить до мягкости тыквы. Тыкву пюрировать блендером, добавить цедру лайма (апельсина или лимона) и оставить до полного остывания. В теплое молоко (100 мл), добавить дрожжи, соль и оставшиеся 50 грамм сахара. Растворить все в молоке. Масло сливочное растопить. В чашу миксера сложить яйца, желтки, молоко с дрожжами и размешать. Добавить муку, тыквенное пюре. В конце замеса добавить растопленное сливочное масло. Вымесить тесто до состояния мягкого шара, который не липнет к рукам. Поставить в теплое место. Сделать три обминки. Т. е как только тесто поднимется, обмять его, поставить опять в теплое место, и так сделать еще два раза. Тесто раскатать ровным пластом, посыпать сахаром и корицей и свернуть в рулет. Затем отступив от верхнего края совсем немного, разрезать рулет вдоль до конца. Заплести косичку. Свернуть венком, и поставить в теплое место, пока венок не увеличится в размере в два раза. Выпекать в духовке при температуре 170 градусах, около 30 минут. Дать немного остыть на противне и можно наслаждаться веночком за чашечкой чая или молока. Приятного аппетита!"
"Рулет ""Венский""","['Фарш мясной', 'Печень свиная', 'Булка', 'Лук репчатый', 'Чеснок', 'Яйцо куриное', 'Соль', 'Перец черный', 'Паприка сладкая', 'Горчица', 'Сало', 'Бульон', 'Крахмал', 'Сметана']","Не буду долго вас утомлять, как делать фарш, у каждого свой ""секрет"". Готовый фарш, мелко нарубленную печень, чеснок, лук, предватительно замоченную в холодной воде булочку, яйца смешать. Добавить специи, посолить. Выкладываем форму половиной кусочков сала. У меня ушло граммов 300 свежего бекона, уж очень тонко нарезан был. Выкладываем на бекон фарш, формируем рулет. Фарш накрываем сверху оставшимся беконом. Фарш в ""коконе""! Полить мясным бульоном. Разогреваем духовку до 220*, ставим рулет в середину духовки и готовим в течение 45 минут. Получился румяный рулет и много-много бульона, из которого приготовьте соус, добавив сметаны и крахмал. Подавать рулет, полив соусом. Приятного аппетита!"
Гюдон,"['Рис', 'Мясо', 'Лук репчатый', 'Соевый соус', 'Яйцо куриное', 'Сахар']","В основе гюдона - рис. У каждого есть свой рецепт, потому я пишу в рецепте, что нужен рис готовый. Для тех, кто готовит японское блюдо впервые (а, может, вам просто интересно?), я готовлю рис так: 250г риса промываю. После заливаю холодной водой и оставляю отстаиваться 20 минут. Затем сливаю эту воду и заливаю 500мл воды (т. е. в пропорции 1:2). Варю 10 минут после кипения. Затем добавляю 2 ст. л рисового уксуса, перемешиваю и настаиваю 10 минут. Мясо нарезаем небольшими полосками. Чем меньше кусочки, тем проще будет его есть (особенно, если вы едите палочками =)) Вообще брать можно любое мясо. Я использовала свинину. В кипящую НЕ подсоленную воду бросаем мясо и варим ровно 10 минут. Достаем мясо, а воду не выливаем, она нам еще пригодится. На раскаленную сковороду выливаем соевый соус, растворяем в нем сахар. Затем выкладываем туда нарезанную полукольцами луковицу. Обжариваем до полуготовности. Рекомендую лук нарезать как можно тоньше. В лук наливаем воду, в которой варилось мясо. Воды должно быть в два раза больше, чем мы брали соевого соуса. Выкладываем в сковороду мясо, перемешиваем. Тушим мясо с луком до полного выкипания воды (примерно 10 минут). Одновременно подготавливаем яйца. Необходимо залить их кипящей водой и оставить на 20 минут. Варить их НЕ надо. Выкладываем рис в глубокую тарелку, сверху мясо. Т. к. яйца мы не варили, они остаются жидкими. Для удобства их выливания в гюдон лучше сделать отверстие так, как показано на фото =) Выливаем яйцо в тарелку так, чтобы получилось красиво =) Перед употреблением рекомендую все перемешать. Приятного аппетита! =)"
"Суп  ""Цветик-семицветик""","['Овощи', 'Картофель', 'Морковь', 'Лук репчатый', 'Рис', 'Ветчина', 'Специи', 'Соль', 'Зелень']","Рис промыть, картофель порезать кубиками, опустить в подсоленную кипящую воду, варить до полуготовности. Лук обжарить на растительном масле, добавить морковь, тертую на мелкой терке (но можно без нее, она уже есть в заморозке). Всыпать овощную смесь (без размораживания) и тушить до полуготовности овощей, минут 7. Ветчину порезать кубиками (вкуснее, если обжарить ее отдельно, а еще вкуснее с копченой колбасой, но это все дело вкуса, можно вообще без колбасы)... Но я немного потушила ветчину вместе с овощами. Добавляем всю зажарку с овощами в кастрюлю, кладем лавровый лист, специи и варим до готовности (недолго, 3-5 минут). Выключаем плиту, посыпаем зеленью (у меня замороженные укроп и петрушка). Приятного аппетита!!! Как жаль, что у меня не было в тот момент свежей зелени, веточка петрушки так и просится в тарелочку. Кого интересует состав заморозки: морковь, сладкий перец, стручковая фасоль, зеленый горошек, кукуруза, сельдерей, красная фасоль, лук."
"Салат ""Цезарь"" от Джейми Оливера","['Перец черный', 'Соль', 'Чеснок', 'Сок лимонный', 'Масло оливковое', 'Сметана', 'Анчоусы', 'Листья салата', 'Курица', 'Хлеб', 'Пармезан']","Для начала нужно натереть кусочки курицы солью, перцем, прованскими травами, оливковым маслом. Запечь минут 40, чтобы мясо хорошо отделялось от костей. Приготовить крутоны (они же гренки). Белый хлеб поставить в духовку чуть подсушиться. Достать. Натереть чесноком, поломать на кусочки среднего размера (можно красиво порезать). Сбрызнуть оливковым маслом и посыпать смесью прованских трав. Поставить в духовку. Подсушить по вашему вкусу (до состояния сухариков или оставить хрустящую корочку и чуть мягкие внутри). Приготовить заправку. В ступку кладем филе консервированного анчоуса, вливаем немного масла из консервы, 1 зубчик чеснока и немного соли. (Если чеснок старый, нужно удалить сердцевину). Растереть в однородную массу. Добавить сметану и продолжить растирать. Влить по чуть-чуть оливковое масло и сок лимона. Продолжать взбивать до однородной массы. Поперчить и, если необходимо, досолить. Зелень помыть под проточной водой. Обсушить бумажным полотенцем. Выложить на блюдо. Большие салатные листья порвать руками. Готовые запеченные куриные окорочка очистить от костей и кожи. Разделить на одинаковые кусочки. Выложить на зелень. Посыпать крутонами. Перемешать аккуратно. Полить соусом. Посыпать пармезаном. Подавать немедленно. Этот салат удивил своей неординарностью и необычностью. Впрочем, как все у Джейми. Казалось бы, привычный салат, но вкус ""звучит"" совсем по-другому. Салатные листья подойдут любые по сезону (для меня самый вкусный ""айсберг"", но с другими тоже очень вкусно). Приятного! Этот рецепт - участник акции ""Готовим вместе - кулинарная неделя"". Обсуждение приготовления на форуме - http://forum.povarenok.ru/viewtopic.php?f=34&t=5934"
Новогодний салат-торт,"['Свекла', 'Морковь', 'Картофель', 'Лук репчатый', 'Горошек зеленый', 'Яблоко', 'Яйцо куриное', 'Майонез', 'Сыр твердый', 'Зелень']","Измельчить яйца. Положить на дно салатника. Смазать небольшим количеством майонеза. На терке натереть отварной картофель равномерным слоем в один см. Далее морковь. Смазать майонезом. Выложить тонким слоем порезанный репчатый лук, далее горошек слоем в один см, желательно без воды из банки. Натереть яблоко. Смазать майонезом. На терке натереть отварной картофель равномерным слоем в один см. Смазать майонезом. На терке натереть отварную свеклу равномерным слоем в один см. Смазать майонезом. Украсить слоем тертого сыра и веточками зелени. Накрыть полиэтиленом. Убрать в холод на 10 -12 часов. Можно использовать зеленый лук вместо репчатого. Можно украсить рубленным яйцом, если нет кусочка сыра. Майонез не стоит жалеть при смазывании, от этого зависит вкус салата. Эффектно смотрится данное блюдо в прозрачном салатнике."
"Маффины ""Гурман"" с соусом kikkoman","['Сыр мягкий', 'Перец чили', 'Укроп', 'Креветки', 'Сыр твердый', 'Соевый соус', 'Разрыхлитель теста', 'Сахар', 'Яйцо куриное', 'Кефир', 'Масло сливочное', 'Сливки', 'Чеснок', 'Зелень', 'Мука пшеничная', 'Лук репчатый']","Включите духовку на 175 град. В формочки для маффинов выложите манжетки или бумагу. Смешайте венчиком муку, разрыхлитель, сахар. Масло слегка взбейте с яйцами, кефиром. Всыпьте сухие ингредиенты. Перемешайте. Добавьте мелкорубленный перец чили и укроп. На сковородке с растительным маслом обжарьте мелкорубленный лук до прозрачности. Добавьте креветки, если мелкие, то целиком, а если крупные, то порежьте их на небольшие части. Немножко обжарьте все вместе. Важно, чтоб лук не был коричневым. Добавьте креветки в тесто. Сыр натрите на крупной терке и вместе с соевым соусом тоже. Все хорошо размешайте. Разложите тесто по манжеткам и выпекайте минут 20-25 до румяности и сухой лучины. Приготовьте самый простой (и калорийный) сырный соус. Доведите сливки до кипения. Всыпьте тертый сыр и мешайте до полного растворения. Охладите, добавьте чеснок и зелень."
"Торт ""Сникерс"" от Ивашки","['Яйцо куриное', 'Сахар', 'Мука пшеничная', 'Ванильный сахар', 'Масло сливочное', 'Молоко сгущенное', 'Арахис', 'Крекер', 'Молоко', 'Какао-порошок']","Начинаем приготовление бисквита: 1. Берем яйца и отделяем белки от желтков 2. В желтки добавляем половину сахара и ванильный сахар 3. Перетираем желтки с сахаром 4. Взбиваем белки и разогреваем печь до 170 градусов 5. К взбитым желткам добавляем постепенно сахар и продолжаем взбивать 6. К желтковой массе добавляем третью часть взбитых белков и аккуратно перемешиваем сверху вниз. 7. В желтковую массу добавляем муку и тщательно перемешиваем 8. Добавляем оставшуюся часть белков и снова тщательно перемешиваем сверху вниз 9. Форму для выпечки застилаем пергаментом, а боковые стенки притрушиваем мукой 10. Выкладываем тесто и ставим в духовку Делаем начинку: 1. Смешиваем сливочное масло с вареным сгущенным молоком и перемешиваем до однородности 2. Добавляем в полученную смесь арахис и крекер и тщательно перемешиваем Достаем бисквит, переворачиваем вверх дном на решетку и даем остыть в форме После того как форма остыла, извлекаем бисквит и даем полностью остыть Разрезаем бисквит обычной нитью пополам На нижнюю половину выкладываем начинку и накрываем второй половиной немного прижимая Делаем глазурь: 1. В молоко добавляем сахар и ставим на огонь помешивая, чтобы растворился сахар 2. Добавляем масло и размешиваем до однородности 3. Через сито добавляем какао, размешиваем и варим до желаемой густоты Заливаем торт глазурью и украшаем на свое усмотрение. Приятного аппетита! Этот рецепт - участник акции ""Готовим вместе - кулинарная неделя"". Обсуждение приготовления на форуме - http://forum.povarenok.ru/viewtopic.php?f=34&t=6954"
"""Королевская"" запеканка","['Яйцо куриное', 'Творог', 'Сахар', 'Какао-порошок', 'Мука пшеничная', 'Сода', 'Масло сливочное']","Смешиваем все сухие ингридиенты для штрейзеля. Со штрейзелем надо работать быстро, чтобы масло не растворилось в муке. Крошку делаем вилкой, разминая одновременно все компоненты. На штрейзель у меня уходит 5 мин. За это время постепенно штрейзель темнеет до шоколадного цвета, и это значит, что он готов. Тесто готовим обычным смешиванием продуктов миксером. Далее 1/2 штрейзеля выкладываем на дно формы, смазанной маслом. Затем всё тесто и сверху выкладываем остатками штрейзеля. Печём около 40 мин. при 180-200 градусах. Приятного аппетита!"
"Торт ""Темный Ларри""","['Мука пшеничная', 'Какао-порошок', 'Разрыхлитель теста', 'Сода', 'Сахар', 'Масло растительное', 'Яйцо куриное', 'Ванилин', 'Молоко', 'Ликер', 'Кофе растворимый', 'Вода']","Смешать в миске муку, какао, разрыхлитель и соду. Отставить в сторону. Отдельно смешать яйца, сахар, растительное масло и ванилин. В смесь с яйцом добавить половину мучной смеси. Перемешать. Добавить молоко и ликер, все перемешать. Всыпасть оставшуюся мучную смесь и смешать. Отдельно развести кофе в кипятке и влить все в тесто. Смешать. Залить в форму. Я использовала диаметром 24 см. Но мой совет: лучше выпекать в двух формах диаметром 21 см. Можно в 2 этапа (как я и делала раньше). Выпекать в духовке при температуре 180, 1 час. Крем можно использовать любой. Я пробовала с масляным кремом, получилось суховато. Очень понравился крем сметанный ( 400 мл сметаны взбить с вареной сгущенкой). В этот раз я делала заварной крем, а для кофейного цвета добавила несколько кусочков темного шоколада. Украсить по желанию и вкусу. Приятного аппетита!"
Шоколадно-кофейный флан,"['Сахар', 'Шоколад темный', 'Кофе натуральный', 'Яйцо куриное', 'Молоко концентрированное', 'Ликер', 'Соль', 'Ароматизатор', 'Вода']","Приготовить 4 керамических формы объемом 120-130 мл. У меня одна из форм достаточно большая, поэтому все поместилось в 3 формы. Из воды и половины нормы сахара (115 г) сварить карамель в посуде с толстым дном. Варить минут 5, сироп должен загустеть и стать янтарного цвета. Разлить по формам. Формы поставить в глубокий противень и наполнить его горячей водой на 1/2 высоту формочек. Сварить крепкий кофе (или приготовить растворимый), отмерить 5 ст. л. и всыпать к нему тертый шоколад, перемешать до растворения шоколада и влить кофейный ликер. Если готовите флан для детей, ликер можно заменить еще шестью столовыми ложками тертого шоколада + несколько капель ромового ароматизатора. Проследите, чтобы шоколад полностью разошелся в кофе, иначе получится, как у меня на итоговом фото - будут заметны крупинки шоколада в однородной структуре десерта. Взбить теплое концентрированное молоко с яйцами, ванильным ароматизатором, щепоткой соли и оставшимся сахаром (115 гр). Сахар должен полностью раствориться. Мне лень было искать концентрированное молоко по ближайшим магазинам, поэтому просто смешала в равных количествах обычное молоко и 20% сливки Добавить к яично-молочной смеси кофе с шоколадом. Перемешать. Разлить по формам, поставить в разогретую до 150 градусов духовку. Готовить 50-60 минут. Вот так выглядит готовый флан, он немного поднимется, но после полного остывания шапочка опадет и десерт снова будет идеально ровным. Если планируете есть флан прямо из формочек, посыпьте его тертым шоколадом, сбрызните сверху кофейным ликером. Флан можно есть теплым, не вынимая из порционных форм, его консистенция в этом случае напоминает нежный крем. Можно охладить десерт в холодильнике, аккуратно провести тонким ножом вдоль стенок и перевернуть на блюдо. Флан будет прекрасно держать форму, а карамель украсит его верхушку ярким золотым пятном. Рецепт с carina-forum"
Робиола,"['Молоко', 'Закваска', 'Сычужный фермент', 'Хлорид кальция', 'Вода', 'Соль']","Молоко нагреть до температуры 32 градуса. Добавить мезофильную закваску. Если у Вас нет специальной сырной закваски, используйте сметану, сыворотку или пахту. Количество закваски по инструкции, если заменяете сметаной и т. п., то 5 ст. л. Если используете пастеризованное молоко, то внесите хлористый кальций, растворенный в воде. Через полчаса внесите сычужный фермент. Оставьте молоко на 30-60 минут до достижения чистого излома. Нарежьте сгусток на кубики со стороной 10 мм. Оставьте на 10 минут. Осторожно перемешивать 10 минут. Выложить сырную массу в форму, выстеленную тканью. Лучше всего в качестве формы использовать корзинку. Тут я немного отступил от оригинального рецепта, чтобы сыр был классической толщины, надо было разложить по двум корзинкам, но я все впихнул в одну. Через 20 минут переодеть и и перевернуть сыр. Для этого выстелите тканью миску и в нее переверните сыр из корзинки. Соберите сыр в ткань и уложите обратно в корзинку. Через час сыр уже достаточно уплотнится. Теперь переверните его и уложите в корзинку уже без ткани Через 6-9 часов переверните сыр. Еще через 6-9 часов вынуть сыр из корзинки. Заранее приготовьте рассол: доведите воду до кипения, растворите в ней соль и остудите. Солить сыр 2 часа (если раскладывали по двум корзинкам, то 1 час). В середине процесса перевернуть. Корзинка придает сырной голове красивую фактуру. Сыр относится к категории свежих мягких сыров, поэтому его можно есть уже через 3 дня. А можно и выдержать с месяц. Чем больше выдержка, тем более богатый вкус у сыра. Свежий сыр имеет вкус, напоминающий сметану."
Фаршированная тыква,"['Тыква', 'Грудка куриная', 'Лук репчатый', 'Цуккини', 'Рис', 'Вода', 'Масло оливковое', 'Масло сливочное', 'Соль', 'Перец черный', 'Сок лимонный']","Вот такая мне тыковка попалась! Как раз на три килограмма. Ровная и очень подходящая для фаршировки. Куриное филе нарезать небольшими кусочками. Выложить в глубокую тарелку, сбрызнуть соком лимона, посолить, поперчить и слегка сбрызнуть оливковым маслом. Как следует все перемешать и отставить в сторону мариноваться. Лук нарезать полукольцами и обжарить с 2-мя ст. л. оливкового масла до легкого золотистого цвета. Отставить в сторону. Тем временем кабачок цуккини нарезать на небольшие кубики (вместо цукини можно использовать другие овощи по Вашему желанию, в рецепте-оригинале был красный сладкий перец). Рис отварить до полуготовности в слегка подсоленой воде. Готовый рис слить и обдать холодной водой, чтобы остановить процесс приготовления. Он должен получиться рассыпчатым. Тыкву тщательно вымыть. Наметить линию среза и отрезать верхушку тыквы острым ножом. Действовать аккуратно, чтобы не порезаться! С помощью столовой ложки удалить семена и часть мякоти. Нарезать удаленную мякоть небольшими кубиками. В миску с остывшим рисом положить нарезанные цуккини и лук. Добавить куриное филе и кусочки тыквы. Все как следует перемешать. Посолить и поперчить по вкусу. Начинка готова! Подготовленную тыкву смазать внутри оливковым маслом и слегка посолить изнутри. Выложить в тыкву начинку, слегка утрамбовывая. Сверху выложить сливочное масло кусочками. Накрыть все ""крышкой"" - верхушкой от тыквы, и поставить запекаться в разогретую до 180°C духовку примерно на 2 часа! Следите по своей духовке, чтобы верх сильно не пригорел. Противень застелить пекарской бумагой, я запекала тыкву в глиняной сковороде. Готовность можно проверить деревянной шпажкой, тыква должна легко протыкаться. Вот такая у нас получилась аппетитная, пропитанная всеми ароматами начинки тыква! Дать готовой тыкве немного постоять и можно подавать на стол! ПРИЯТНОГО АППЕТИТА! НЕОБЫКНОВЕННО ВКУСНО!"
Краковская колбаса с овощами в фольге,"['Колбаса', 'Морковь', 'Лук красный', 'Кабачок', 'Чеснок', 'Масло сливочное', 'Соевый соус', 'Приправа', 'Соль', 'Перец черный', 'Масло растительное', 'Перец болгарский']","Подготовить необходимые ингредиенты. Форму, пригодную для запекания на гриле, выстелить фольгой. При её отсутствии можно поступить следующим образом. Сложить пополам большой лист фольги и загнуть края так, чтобы получились бортики. Для надежности можно дополнительно закрепить канцелярскими скрепками. Смазать растительным маслом. Морковь очистить и нарезать брусочками. Выложить в форму. Лук очистить и нарезать крупными дольками. Выложить поверх моркови. Затем добавить очищенный и крупно нарезанный сладкий перец. Чеснок очистить и нарезать тонкими лепестками. Отправить к подготовленным овощам. Кабачок вымыть и крупно нарезать. У меня кабачок молодой с тонкой кожицей, поэтому я её оставила. У старых и переросших кабачков кожуру лучше срезать. Выложить в форму. Краковскую колбасу очистить и нарезать тостыми кружками. Выложить поверх овощей. Приправить по вкусу (я использовала свои любимые итальянские травы и чёрный свежемолотый перец), вы можете добавить свои любимые приправы. Добавить нарезанное на кусочки сливочное масло. Полить соевым соусом. Солить сразу я не рекомендую, чтобы овощи не пустили много сока. Лучше это сделать за 5...10 минут до готовности. Накрыть форму с овощами листом фольги, края подогнуть. Тонкой спицей сделать несколько проколов для выхода пара. Поместить овощи на решётку барбекю. Закрыть барбекю крышкой. Запекать в течение часа. За 10 минут до готовности, осторожно приоткрыть верхний лист фольги и посолить по вкусу. Я не солила, так как мне было достаточно соли от колбасы и соевого соуса. Готовые овощи подаём к столу и наслаждаемся вкуснейшим блюдом в кругу дружной компании. Приятного аппетита! . . Этот рецепт - участник акции ""Готовим вместе - кулинарная неделя"". Обсуждение приготовления на форуме - http://forum.povarenok.ru/viewtopic.php?f=34&t=6673"
Кекс с шоколадом на сметане,"['Мука пшеничная', 'Сметана', 'Разрыхлитель теста', 'Яйцо куриное', 'Сахар', 'Масло сливочное', 'Шоколад молочный', 'Ванилин', 'Коньяк']","Смешиваем все ингредиенты, кроме шоколада, в однородную массу (по консистенции она получается как густая сметана) Шоколад измельчаем в крошку. Лучше брать молочный, потому что кекс будет ароматнее. Смешиваем шоколад с тестом, выливаем в форму, смазанную маслом, ставим в разогретую духовку и печем при 180 град. около 1 часа (у меня получилось побольше), проверяем деревянной палочкой, она должна быть сухой. Кекс хорошо поднимается, поэтому форма должна быть заполнена не больше чем на половину высоты. Вот такой получается кекс, очень пористый, легкий и ароматный. Приятного аппетита!"
Мгновенная жареная картошка,"['Картофель', 'Лук репчатый', 'Соль', 'Масло оливковое', 'Масло подсолнечное']","Очистить картошку Нарезать ее соломкой Хорошо промыть холодной водой на сите. Это предотвратит слипание картошки Выложить на кусок пекарской бумаги Полить подсолнечным маслом и посолить. Перемешать. Завернуть конфеткой и поставить в микроволновку на 3 минуты. Если картофелина больше или готовите больше чем одну картошку - время в микроволновке увеличивается. Например на две картофелины (как у меня) я бы дал 5 минут в микроволновке. Начать разогревать сковородку с добавлением оливкового масла. Выложить картошку на сковородку с луком, порезанным четверть кольцами. Обжарить на сильном огне минуты 2 - чтобы появилась румяная корочка. Выложить на тарелку и подавать. Приятного аппетита!"
"Салат ""Виноград""","['Грудка куриная', 'Яйцо куриное', 'Сыр твердый', 'Орехи грецкие', 'Виноград', 'Майонез', 'Соль', 'Масло растительное']","1. Куриную грудку нарезаем кубиками примерно 1см на 1см., обжариваем на разогретом растительном масле до золотистого цвета, добавляем соль, перец по вкусу. 2. Грецкие орехи обжариваем и измельчаем любым удобным для вас способом. 3. Твердый сыр, яйца натираем на крупной тёрке. 4. Виноград разрезаем пополам и если есть косточки то удаляем. Виноград для салата можно использовать любой. 5. Формируем салат. первый слой - обжаренная куриная грудка, смазываем майонезом. второй слой - обжаренные и измельчённые грецкие орехи. третий слой - натёртый сыр, смазываем майонезом. четвертый слой - натёртые яйца, солим и смазываем майонезом пятый слой - виноград Готовый салат ставим в холодильник для того чтобы он пропитался, а затем подаём к столу."
Постный лимонный пирог,"['Мука пшеничная', 'Масло растительное', 'Лимон', 'Орехи', 'Курага', 'Сода', 'Вода']","1. Натрем цедру лимона на мелкой терке. По желанию обжарим орехи. Курагу мелко нарежем. 2. Выдавим сок из лимона, добавим, воду, сахар, цедру, растительное масло и перемешаем. 3. Добавим частями пшеничную муку и соду, перемешаем. 4. Выкладываем тесто в форму для выпечки посыпаем с верху орехами и курагой, вминаем их ложкой в тесто. Ставим выпекаться в разогретую духовку на 30-40 минут при 180С."
Быстрое мясо,"['Свинина', 'Горчица', 'Яйцо куриное', 'Сухари панировочные', 'Соль', 'Масло растительное']","Продукты Мясо нарезать, толщиной не более 1см. Яйца взбить, посолить, добавить горчицу и перемешать Окунуть кусочки в яично-горчичную смесь Затем хорошо запанировать в сухарях Разогреть в сковороде масло, и жарить мясо 7-9 минут с одной стороны, перевернуть, и также 7-9 минут с другой стороны. Кушать с любимым гарниром Мясо готово! Приятного аппетита! Этот рецепт - участник акции ""Готовим вместе - кулинарная неделя"". Обсуждение приготовления на форуме - http://forum.povarenok.ru/viewtopic.php?f=34&t=6205"
Гречневая каша с халвой и финиками,"['Хлопья гречневые', 'Вода', 'Соль', 'Халва', 'Финик', 'Мед']","Гречневые хлопья ""Мистраль"" залейте водой, добавьте щепотку соли и варите 5 минут. Затем выключите плиту и оставьте еще на 1-2 минутки, чтобы каша ""отдохнула"". А тем временем промойте и нарежьте финики. Халву натрите на тёрке. Смешайте готовую кашу с халвой и финиками. Попробуйте на вкус - халва и финики достаточно сладкие и я дополнительно не подслащивала кашу. Но если есть желание - добавьте дополнительно мёд по вкусу. Эта каша приятно разнообразит завтраки, готовится считанные минуты и прекрасно может использоваться в Пост! История про эту кашу мне как-то не придумалась и не вспомнилась, зато я вспомнила несколько интересных и довольно любопытных фактов о гречке. 1. Гречиха - одна из немногих культур, которая не требует при выращивании никаких удобрений и не поддается генной модификации, поэтому вы всегда можете быть уверены в её экологической чистоте. 2. В Китае считается, что гречка может воздействовать на биологически активные точки. Для этого нужно рассыпать гречку на коврик и походить по нему. Зерна гречки окажут массажное действие на биологически активные точки стопы. 3. Гречка содержит флавониды, которые оказывают противоопухолевое воздействие, тем самым снижая риск раковых заболеваний. 4. Гречка помогает справиться с бессонницей. Её аромат действует благотворно на нервную систему. Незря же подушки наполняют имнно гречневой шелухой. 5. На Руси просеянную гречневую муку применяли для ""припудривания"" кожи младенцев от опрелостей как детскую присыпку, потому как она успокаивающе действует на на раздраженную кожу."
Йогуртовый суп с нутом,"['Нут', 'Яйцо куриное', 'Йогурт', 'Мука пшеничная', 'Масло сливочное', 'Бульон', 'Соль', 'Перец чили', 'Мята']","Наши продукты. Нут я всегда варю заранее в больших количествах, а потом замораживаю. В кастрюле с толстым дном смешиваем йогурт и яйцо. Муку хорошо размешать с небольшим количеством воды, чтобы не было комков. Смешать с йогуртом. Всыпать нут, поставить на средний огонь. Постепенно вливаем бульон. Варим, помешивая. Смотрите по консистенции, суп не должен быть ни слишком жидким, ни слишком густым. Как только суп закипит, загустеет, проварить еще 5 минут, посолить, снять с огня. На сковороде растопить сливочное масло. Всыпать чили и мяту, прогреть секунд 30. Вылить масло в суп, перемешать. Или... ... добавить прямо перед подачей в тарелку. Приятного аппетита!"
Сахарно-ореховые слоёные розы,"['Сахар коричневый', 'Масло сливочное', 'Мука пшеничная', 'Вода', 'Яйцо куриное', 'Орехи', 'Соль']","Слоёное тесто готовлю по ""ленивому"" рецепту. Но такое тесто ничем не хуже, ведь выпечка из него получается такая же вкусная, ароматная, пышная и с золотистой корочкой. Просеянную муку и сливочное масло рубим ножом. В холодной кипячёной воде разводим сахар и соль, добавляем в муку с маслом и быстро замешиваем эластичное тесто. Мука бывает разная, поэтому смотрите по своему тесту, что вам добавить, муки или водички. Тесто не должно расплываться, когда вы его соберёте в шарик. Заворачиваем тесто в плёнку и кладём в холодильник на 1,5-2часа. Через 2часа достаём охлаждённое тесто, раскатываем его в пласт толщиной 0,5см, складываем конвертом и опять раскатываем. Процедуру с конвертом повторяем 3-4 раза. Всё, тесто готово. Но кому покажется и этот процесс трудоёмким, можно купить готовое. На раскатанном тесте вырезаем круги. Я вырезала обычным стаканом. Каждый круг разрезаем пополам. Отдельно насыпаем сахар и измельчённые орехи. Каждую половинку круга скатываем в розочку, как на фото. Выкладываем розочки на противень, плотно друг к другу. Яйцо взбиваем вилкой, смазываем заготовку, сверху добавляем ещё по три розочки, таким образом получается цветок. Затем наш полуфабрикат полностью смазываем яйцом, посыпаем сахаром и орехами и отправляем в разогретую до 180С духовку на 25-30 минут до золотистой корочки (смотрите по своей духовке). Свои сахарно-ореховые слоёные розы хочу подарить самой близкой моей подруге Аксинье АлексЮстас и её доченьке Танюшке! Мне кажется что мы знаем друг друга уже сто лет! Она такой замечательный, душевный и отзывчивый человечек! Например в прошлом году она мне помогла провернуть новогоднюю акцию на территории Украины! Без неё я бы не справилась)) А ещё расскажу вам по секрету, у нас с Акси есть мечта, мы вдвоём хотим побывать в Амстердаме! Думаю что когда-нибудь наша мечта сбудется! Акси, я тебя обожаю! Ароматные, воздушные, румяные булочки-розы никого не оставят равнодушными! Приятного аппетита! И вкусного настроения!"
Блинчики с тунцом,"['Тунец', 'Сыр твердый', 'Перец чили', 'Лук зеленый', 'Майонез', 'Молоко', 'Масло растительное', 'Соль', 'Сахар', 'Вода', 'Яйцо куриное', 'Мука пшеничная']","Делаем жидкое тесто из молока, воды, яиц, муки + немного растительного масла, сахара и щепотка соли. Печём тонкие-тонкие блины, 10 - 13 штук (это на большой сковороде). А вот ингредиенты для начинки. С тунца сливаем воду. Если потребуется, измельчаем вилкой. Режем перец (не переборщите ;)) и зелёный лук. Смешиваем все ингредиенты, заправляем майонезом. Выкладываем начинку на блины любым удобным вам образом. Можно так: И после этого шага сворачиваем в рулет. Очень вкусный и простой рецепт. Блюдо получилось экспромтом, готовить его пришлось ещё три дня подряд, уж очень нам понравилось Извиняюсь, что почти не указываю количество ингредиентов-всё привыкла делать на глаз."
Салат с кольраби,"['Капуста кольраби', 'Перец сладкий', 'Лук репчатый', 'Помидор', 'Майонез']","Отваренную кольраби до мягкости в подсоленной воде, остудить и нарезать кубиками или соломкой. Перец и помидоры нарезать тонкими ломтиками. Мелко нашинковать лук. Все продукты смешать. Салат украсить веточками укропа. Приятного Аппетита!"
Дрожжевые блины с оригинальной начинкой,"['Мука пшеничная', 'Молоко', 'Дрожжи', 'Сахар', 'Соль', 'Яйцо куриное', 'Печень трески', 'Морковь', 'Зелень', 'Масло растительное']","Необходимые ингредиенты Отделяем желтки (4 яиц) от белков, в просеянную муку добавляем дрожжи, соль и сахар. В теплое молоко добавляем постепенно подготовленную муку и желтки, тщательно перемешиваем. Хорошо смешав, ставим в теплое место для подхода теста Через час тесто должно увеличиться вдвое. Взбиваем белки до густой пены, перемешиваем, добавляем 3 ст. ложки растительного масла ""Олейна"" и приступаем к выпечке блинов. Перед каждым следующим блином тесто, перемешивая, поднимаем на высоту 30 см несколько раз, насыщая кислородом. Эту процедуру нужно проводить с любым тестом. На фото стоит сливочное масло, это если будет сладкая начинка, то можно (но не обязательно) смазать каждый блин. Блины готовы Теперь начинка: Печень трески полностью освобождаем от масла, разминаем вилкой или в блендере (измельчителе), добавляем тертую морковь и тертые яйца. Все смешиваем, начинка готова! Заворачиваем в блины, как кто хочет, я люблю конвертиком. Хотя вторые блины завернуты трубочкой (это с начинкой из моркови, творога и изюма)."
"Картофель ""Пальчики оближешь""","['Чеснок', 'Масло сливочное', 'Картофель', 'Соль', 'Укроп', 'Петрушка']","Картофель почистить, нарезать пополам (можно и не резать). Отварить в подсоленной воде до готовности, воду слить. Чеснок пропустить через пресс в картофель. Растопить сливочное масло (я топлю в микроволновке), влить в кастрюлю и хорошо (но аккуратно) перемешать. Сверху посыпать мелко нарезанной зеленью укропа и петрушки. Закрыть крышкой, завязать полотенцем и через 15 минут готово! А я сначала заворачиваю кастрюлю в газету (она хорошо держит тепло), потом в полотенце, а потом ставлю под подушку. Очень ароматный гарнир получается!"
Блинчики  с  острой  начинкой,"['Яйцо куриное', 'Молоко', 'Мука пшеничная', 'Соль', 'Фарш мясной', 'Перец болгарский', 'Лук репчатый', 'Сыр твердый', 'Сметана', 'Перец кайен', 'Сельдерей черешковый', 'Фасоль']","Вот такие продукты нам понадобятся... Из муки, молока и яиц с щепоткой соли замесим тесто для блинов и отставим в сторону на полчасика, чтоб набухла клейковина ... Пока тесто настаивается, не будем терять времени и займёмся начинкой... нарежем лук и болгарский перец кубиком... И обжарим до подрумянивания... Отдельно обжарить фарш, посолить и поперчить кайенским перцем, смешать обжаренный фарш с обжаренным луком и перчиком и поставить остывать... весь сыр натереть на тёрке, половину сыра смешать со сметаной и добавить в фарш... По рецепту нужно нарезать черешковый сельдерей и потушить его - тушеный сельдерей предлагается подавать в качестве гарнира... мне такой вариант не очень.... я нарезала кубиком корневой сельдерей и пожарила его на сковороде до хорошего зарумянивания... и затем добавила банку консервированной фасоли(фасоль долго тушить не надо - разваливается, только прогреть). Итак, гарнир готов! Ну, а нарезанный черешковый сельдерей я добавила к фаршу... Из теста выпекаем блинчики, начиняем их фаршем, укладываем в форму и посыпаем всё это великолепие оставшимся тёртым сыром... Ставим в разогретую до 200 градусов духовку и запекаем 15-20 минут... Зовём домашних ужинать.... фаршированные блинчики нарезаем, как запеканку, добавляем гарнир и угощаемся!!! Блюдо сытное, острое, но в меру, жареный сельдерей с фасолью - замечательное дополнение!!! ПРИЯТНОГО АППЕТИТА!"
"Мясной хлеб ""В горошек""","['Огурец маринованный', 'Свинина', 'Филе куриное', 'Соль', 'Перец черный', 'Специи', 'Крахмал', 'Вода', 'Колбаски', 'Сыр твердый']","Пропустить свинину и куриную грудку через мясорубку, добавить специи и соль по вкусу, добавить сыр. Развести крахмал в воде и вылить в фарш, Хорошо перемешать и выбить фарш не менее 20 раз мокрыми руками. Я использовала силиконовую форму объемом 875 мл. Выкладываем немного фарша на дно, ровняем. Делаем желобки с двух сторон и укладываем корнишоны. Прикрываем фаршем. Посередине укладываем колбаску, а по бокам корнишоны. Между корнишонами и стенками формы обязательно должен быть фарш. Закрываем остатками фарша. Постучим формой о стол, чтобы утрамбовать. Духовка разогрета до 180. Выпекала 40 минут. В горячем виде режем осторожно, не забывая, что сыр дает большую сочность. Я охладила ночь в холодильнике, слила образовавшийся сок и украсила кетчупом с майонезом. Подавала с горчичкой."
Кукси по-домашнему,"['Яйцо куриное', 'Лук репчатый', 'Капуста белокочанная', 'Помидор', 'Огурец', 'Мясо', 'Соя', 'Ароматизатор', 'Уксус', 'Соль', 'Сахар', 'Вода', 'Чеснок', 'Лапша', 'Кинза', 'Кунжут', 'Укроп']","Итак, начнем. Для начала нам нужно приготовить бульон. В охлаждённую кипячёную воду мы добавляем по очереди сахар (хорошо перемешиваем, чтобы он растворился), соль, уксус, янеми (корейская соль) - она придаёт нужный вкус кук-си, и сою. Огурец режем на 4 части и тонко-тонко шинкуем, помидор тоже шинкуем, насколько это возможно, тонко. Мелко режем кинзу и укроп. Всё это тоже добавляем в бульон и ставим в холодное место настаиваться. Лапшу замачиваем в воде. Есть специальная лапша для кук-си и на пачке написано либо мочёнка, либо варёнка. Мочёнку нужно просто залить холодной кипячёной водой на 40 минут, а варёнку нужно проварить в кипящей воде. 1 салат: мясо говядины НЕжирное обжариваем в глубокой сковороде, добавляем луковицу, обжариваем и добавляем помидор. Немного водички, накрываем крышкой и тушим до того, как мясо будет готово. Мясо не солим. В конце тушения жидкости остаться не должно. Капусту тонко шинкуем, солим, отжимаем и добавляем в мясо. Перемешиваем и сразу выключаем огонь. 2 салат: Огурец тонко-тонко шинкуем соломкой. Чеснок натираем на мелкой тёрке или давим в чеснокодавилке и добавляем к огурцам (количество зависит от предпочтения, я кладу 4 зубчика) Луковицу обжариваем на масле до прозрачности и половину добавляем в салат, заправляем 1 ч. л. сои. 3 салат: Половину обжаренного лука смешиваем с тонко нашинкованными огурцом и капустой (капусту как следует помять), добавить помидор, янеми и хорошо заправить красным горьким перцем (опять-таки по усмотрению, если не любите остроту, то немного перца). 4. На раскалённую сковороду вылить взболтанное с ложкой воды яйцо. Должен получиться тонкий омлет. Полученную смесь можно жарить в 2 приёма, тогда омлет будет тоньше. Когда он остынет, нарезать тонкой соломкой. 5. Кунжут промыть, посушить и обжарить на раскалённой сковороде, чтобы появился вкус и аромат. Растолочь. Итак, наступает долгожданная развязка. Для каждого едока берем отдельную глубокую посуду, выкладываем в неё лапшу, заливаем бульоном, только не до конца, иначе салатам не будет места, и неудобно будет перемешивать. Теперь по горсточке выкладываем сверху каждый из салатов, омлет, сверху посыпаем кунжутом. Ну как? Вкусно)))"
"Бисквитный рулет ""Киви""","['Яйцо куриное', 'Сахар', 'Мука пшеничная', 'Крахмал кукурузный', 'Сок лимонный', 'Творог', 'Сливки', 'Киви']","Для теста яйца разделяем на желтки и белки. Белки взбиваем с щепоткой соли до пены, добавляем лимонный сок и взбиваем до стойких пиков. Желтки взбиваем с сахаром. Пшеничную муку в\с смешиваем с крахмалом и разрыхлителем), просеиваем в миску с желтками. Перемешиваем лопаткой или миксером на самых маленьких оборотах. Частями добавляем взбитые белки. Первую порцию вмешиваем интенсивно. Остальные аккуратно снизу вверх. Противень (у меня 24*28 см) застилаем бумагой для выпечки. У меня проверенная бумага, и я её ничем не смазываю. Выливаем тесто на противень, разравниваем. Отправляем противень в разогретую до 180 С духовку на 12-15 минут. Ориентируйтесь на вашу духовку, не пересушите. Для крема творог перетираем. Добавляем сахар и сливки. Взбиваем до загустения. Горячий бисквит на бумаге снимаем с противня и сворачиваем в неплотный рулет вдоль длинного края. Примерно через 10 минут разворачиваем, снимаем бумагу. Смазываем кремом, не доходя до края. Часть крема оставляем для украшения и покрытия киви. Выкладываем киви. Киви для рулета такого размера лучше брать маленькие. Киви сверху покрываем кремом. Сворачиваем рулет, отправляем в холодильник на пару часов. Аккуратно обрезаем край, выкладываем на тарелку. Покрываем кремом из кондитерского мешка. С наступающим Новым годом!"
Испанский салат,"['Ананас', 'Оливки зеленые', 'Сыр голландский', 'Перец болгарский', 'Сок лимонный', 'Соль', 'Масло подсолнечное']","Кусочками нарезать ананасы, перец. Сыр натереть на крупной терке. Оливки разрезать пополам. Все смешать. Посолить, заправить соком лимона и подсолнечным маслом. Наш салатик готов. Приятного аппетита! P.s. На фото у меня только два перца (желтый и красный). Но для красоты надо перчики трёх цветов."
Салат «Сытик»,"['Картофель', 'Яйцо куриное', 'Горошек зеленый', 'Грибы', 'Сыр твердый', 'Лук репчатый', 'Майонез']","Отвариваем картофель и яйца. Режем мелкими кубиками в салатницу. Сливаем горошек, добавляем в салатник. Промываем маринованные грибы, если они крупные режем. Лук стараемся порезать совсем мелко. Перемешиваем все в салатнике. Трем сыр на мелкой терке и добавляем в салат. Заправить майонезом и перемешать. Дать настояться в холодильнике минут 30."
Мясные шарики с помидорами,"['Фарш мясной', 'Крошка хлебная', 'Лук репчатый', 'Яйцо куриное', 'Петрушка', 'Укроп', 'Помидор', 'Перец красный жгучий', 'Масло подсолнечное', 'Корица', 'Соль', 'Перец черный']","Смешать фарш,с хлебной крошкой, натертым на мелкой терке луком, яйцом,петрушкой, укропом,солью, черным перцем и корицей.Хорошо перемешать и оставить на минут 15. Далее, разделить фарш на шарики размером с грецкий орех и приплюснуть немного, чтобы получились, как медальки. Обжариваем наши медальки с двух сторон. Затем укладываем на сковороду, сверху нарезанные помидоры, зеленый перец, вливаем пол стакана воды и накрыв крышкой, потушить минут 20. Подавать с картошкой фри или рисом."
"Торт ""Черепаха в купальнике""","['Яйцо куриное', 'Мука пшеничная', 'Сахар', 'Сода гашеная уксусом', 'Сметана', 'Миндаль', 'Сахарная пудра', 'Алкоголь']","Яйца смешать с сахаром, добавить соду, муку и замесить тесто. Из теста выпечь лепешки. Затем укладывать их на блюдо, смазывая сметаной, смешанной с сахаром, придавая образ черепахи. С отделкой замучилась. Сделала марципановую массу, и что-то она в этот раз получилась крошковатая, пришлось не раскатывать, а лепить по поверхности. Белье окрасила пищевой красной краской, соски - шоколадом. Марципановая масса: делать просто, но здесь ТАК важна каждая мелочь! Я вот или орехи недосушила, или помолола недостаточно мелко - непластичная в этот раз. Соотношение - 200 грамм миндаля, 200 грамм сахарной пудры, пара ложек алкоголя - рома, ореховой настойки или чего-то подобного (у меня был медовый самогон). Миндаль запарить кипятком на несколько минут, снять шкурку (легко). Теперь хорошо просушить - дня 2. Как всегда, куда ж я без комбайна? Засыпаем 200 грамм очищенного миндаля и пару ложек сахарной пудры. Очень хорошо мелем, досыпаем остальную пудру и еще хорошенько мелем. Теперь, не выключая комбайн, вливаем потихоньку алкоголь и месим, пока смесь не начнет слипаться в комки. Теперь подкрасим. Если вы рассчитываете марципан хранить долго, подкрашивайте химическими красителями (если не нашли спец. краски, то как для яиц, на которой написано, что краска пищевая). Вымешиваем на столе хорошенько, если липнет, можно присыпать сахарной пудрой. Готовый марципан завернуть в пищевую пленку. Чисто теоретически марципан можно хранить долго, с ним ничего не делается. Говорят, до полугода - там ведь столько сахара. Для работы: Как и тесто, после выдержки он пластичнее. Надо перед раскаткой хорошо вымесить. Потом при раскатке придется подсыпать сахарную пудру (как муку для подпыла). Тонко раскатать и накрыть нужный объект. Или вылепить фигурки."
Гужер,"['Вода', 'Мука пшеничная', 'Масло сливочное', 'Яйцо куриное', 'Соль', 'Перец черный', 'Орех мускатный', 'Сыр твердый']","Вливаем в кастрюльку воду + масло (маргарин) + соль, перец, мускат. Доводим до кипения. Как только закипело высыпаем всю муку и хорошо вымешиваем до однородной массы (тесто гладкое должно быть). После снимаем с огня, даем пару минут постоять и вмешиваем по одному яйца. Снова вымешать до однородной массы. Теперь берем сыр (где-то 120гр, а 30 оставляем), режем его кубиками и вмешиваем аккуратно в тесто. Дать ему постоять около часа. Деко застелить бумагой и смазать маслом (маргарином). Берем тесто формируем из сначала подобие хлеба и кладем на деко. После в середине сделать ""дырку"" (только побольше). У меня маленькая, я это поняла потом, когда гужер испекся (на следующем фото будет видно). Теперь берем остальной сыр (30гр) режем кубиками и выкладываем поверх теста (как на фото). Включаем духовку на 180-200* и можно сразу ставить (а можно чуть прогреть). Я ставила в холодную духовку. Выпекать до готовности минут 30-40 (у меня заняло больше времени наверное 1 час, а может чуть больше). Готовые гужеры должны быть светло-жёлто-золотис того цвета (не коричневого, будут суховаты). Кубики сыра, что вы положили сверху, должны расплавиться, но не зажариваться. Гужер по окончании вынуть и дать немного остыть. И так. Если у кого-то есть свой рецепт заварного теста, пожалуйста можно пользоваться ним ( у меня нет, поэтому я взяла в нете). Много заварной выпечки (а соответственно и заварного теста) у Натули (xsenia), можно взять у нее. И еще, я вначале говорила, что меня угостили таким гужером в виде эклера, так вот это еще один вариант выпечки гужера. Все очень просто тесто на деко выкладывается небольшими кучками, ( а сверху на каждый кусочек так же кладется кусочек сыра). Вот и получаются в виде эклеров. Ну что еще сказать, конечно такой, как я пробывала у меня конечно не получился, да это и понятно. В пекарне люди их пекут днями и не один год, а я первый раз. Так что вдальнейшем будем усовершенствовать выпечку гужера."
Горячие бутерброды с консервированной рыбой,"['Консервы рыбные', 'Огурец', 'Лук репчатый', 'Сыр плавленый', 'Майонез', 'Масло растительное']","Из этих продуктов мы и будем готовить бутерброды, может кому-то на первый взгляд и покажется, что маринованные огурцы и рыба не совместимы. Лук мелко режем и обжариваем на масле до золотистого цвета. Огурцы режем мелкими кубиками и выкладываем в сковородку к луку, так же обжариваем. Из рыбы удаляем хребет, выкладываем на эту же сковородку, разминаем и прогреваем. Трем сыр и выкладываем в сковородку, газ выключаем, добавляем майонез. Можно поперчить. По рецепту плавленный сыр, но его тереть не очень удобно, я заменила твердым сыром. Готовую массу намазываем на ломтики хлеба (вкуснее с белым) и выкладываем на противень, обильно смазанный растительным маслом. Отправляем в духовку на 10 минут 250 градусов. На бутербродах сыр должен расплавиться, а низ зажариться. Вот и все! Бутерброды хороши как в теплом, так и холодном виде. Приятного аппетита! PS: если бутерброды будете использовать как походный вариант, рекомендую положить сыра побольше или плавленный, тогда масса будет более монолитной."
Горячие закрытые бутерброды,"['Окорочок куриный', 'Сыр твердый', 'Помидор', 'Хлеб', 'Зелень']","Окорочок готовим по рецепту http://www.povarenok .ru/recipes/show/394 41/ Охлаждаем, отделяем мясо от костей, перемалываем в блендере. Сыр натираем на терке. Помидоры очищаем от семян (жидкость нам ни к чему), по желанию можно избавиться и от кожицы. Нарезаем мелкими кубиками. Все соединяем, добавляем мелко порезанную зелень. Хлеб нарезаем квадратами, подходящими для бутербродницы. Выкладываем на кусок хлеба начинку, закрываем вторым куском и отправляем в разогретую и смазанную сливочным маслом бутербродницу на пару-тройку минут. Достаем бутерброд, ждем чтоб немного остыл, в это время готовим чашечку чая. Наслаждаемся ароматнейшим бутербродом. P. S. Данные бутерброды подходят для заморозки. Для этого их, еще не обжаренные, плотно заворачиваем в пищевую пленку и кладем в морозильник. При необходимости достаем, слегка размораживаем и готовим как будто мы их только что начинили. При отсутствии бутербродницы можно запечь в духовке, тогда желательно слегка смазать готовый бутерброд с обеих сторон сливочным маслом и запекать минут 5 -7 в духовке на среднем огне. Хлеб лучше всего использовать домашний, в крайнем случае тостерный. Приятного аппетита!"
Веррин с тунцом и креветками,"['Авокадо', 'Сметана', 'Сок лимонный', 'Тунец', 'Майонез', 'Помидор', 'Креветки', 'Соль', 'Перец черный']","1 слой. Консервированный тунец (1 банка = 250 гр) смешать с майонезом (2 ст. л.). 2 слой. Авокадо (2 шт.) размять вилкой, если останутся небольшие кусочки, ничего страшного. Добавить сметану, сок половины лимона, соль и перец по вкусу. Смешать. 3 слой. В помидорах (2шт.) сзади сделать надрез крестом. Положить их в ёмкость, залить полностью кипятком, извлечь через 10 минут. Помидоры не много остудить, снять кожуру и мелко нарезать. 4 слой. Отварные креветки (12 шт.) очистить. Я оставляю хвостики, чтобы можно было их взять рукой и вмакнуть в соус, но это необязательно. Собрать слои в веррины (4 шт. по 100 мл) в таком порядке - тунец, авокадо, помидоры, 3 креветки. Порционные веррины можно брать меньшего размера, например, по 60 мл. Тогда получится 6 маленьких порций. Готовьте с удовольствием!"
Картофельные кубики,"['Картофель', 'Яйцо куриное', 'Майонез', 'Масло оливковое', 'Перец душистый', 'Соль']","Нарезать кубиками картофель 1х1. Смешать майонез, яйцо, соль, перец, масло, картофель Выложить на противень. Запекать 50-60 минут при 190*С. Перемешивать через каждые 15 минут. Приятного аппетита! Этот рецепт - участник акции ""Готовим вместе - кулинарная неделя"". Обсуждение приготовления на форуме - http://forum.povarenok.ru/viewtopic.php?f=34&t=6906"
"Черёмуховый пирог ""Простушка""","['Мука пшеничная', 'Масло сливочное', 'Сахар', 'Черемуха', 'Вода', 'Яйцо куриное', 'Сметана', 'Крахмал картофельный']","Заварить горячей водой черёмуху до консистенции сметаны на 40-60 мин. В муку добавить сливочное масло или маргарин кусочками, сахар и перетереть кончиками пальцев в крошку. В распаренную черёмуху добавить яйца, сахар, сметану и крахмал, тщательно перемешать. Дно разъёмной формы диам. 26-28 см выстелить пергаментной бумагой и смазать маргарином или слив. маслом. Высыпать 2/3 крошки на дно, аккуратно выложить начинку и обсыпать оставшейся крошкой. Выпекать в предварительно разогретой духовке при 180-200 гр. 45-50 мин., до того момента, когда серединка пирога перестанет колыхаться. Оставить в выключенной духовке ещё на 5 мин. Полностью остудить в форме, пройтись по бортикам ножом и выложить на блюдо. И с гордостью зовём своих близких отведать ароматный, вкусный пирожок! Приятного аппетита! А вот лакомый кусочек!"
Пирог с грушей и шоколадом,"['Яйцо куриное', 'Сахар', 'Масло растительное', 'Сок яблочный', 'Шоколад темный', 'Мука пшеничная', 'Разрыхлитель теста', 'Груша', 'Черника', 'Ванильный сахар', 'Желе', 'Вода']","Разбиваем яйца. Взбиваем миксером со 125 граммами сахара в пышную пену. Не переставая взбивать наливаем растительное масло и яблочный сок. Затем добавляем просеянную муку, разрыхлитель и шоколадную стружку. Я натерла шоколад на мелкой терке. Замешиваем тесто. У меня получилось немного жидковато, я добавляла еще немного муки. Разъемную форму диаметром 22-26 см промасливаем и застилаем пергаментной бумагой. У меня форма диаметром 22 см. Распределяем тесто. Отправляем в разогретую духовку до 200 градусов примерно на 20-25 минут. Пирог вынимаем из формы и даем остыть. Груши нужно очистить от кожуры. Разрезаем их на четвертинки, очищаем от семян. Нарезаем груши тонкими пластинами. Выкладываем груши в сковороду. Высыпаем ванильный сахар. Добавляем 100 мл теплой воды. Тушим под закрытой крышкой примерно 4 минуты. Шумовкой перекладываем готовые груши в тарелку, даем немного остыть. Оставшийся сироп сливаем, он нам еще понадобится. На пирог выкладываем остывшие пластины груш в виде черепицы. Сверху украшаем черникой. Приготовим заливку для пирога. В сотейник выливаем грушевый сироп. Доливаем кипяченую воду до 250 мл. У меня получилось 80 мл сиропа и 170 мл - воды. Высыпаем пакетик прозрачного желе для торта и 25 грамм сахара. Доводим до кипения. После закипания варим 15 секунд. Выключаем огонь, даем заливке совсем немножко остыть. Смазываем груши и ягоды заливкой. Этот неприторный пирог прекрасно подойдёт к чашечке чая или кофе. Приятного аппетита!"
Язык отварной с яйцом,"['Язык говяжий', 'Лук репчатый', 'Масло растительное', 'Яйцо куриное', 'Перец черный', 'Соль']","Язык сварить в солeной воде с луком, специями, затем язык вынуть из воды, быстро опустить в холодную воду, ещe горячим отчистить от кожицы и нарезать наискось ломтиками. Нашинкованный лук слегка обжарить с маслом, уложить на лук слой подготовленного языка, залить яйцом, как при приготовлении яичницы-глазуньи, поперчить, посолить и запечь в духовке или на плите под крышкой."
Картофель в заливке,"['Картофель', 'Лук репчатый', 'Лук зеленый', 'Майонез', 'Сметана', 'Перец болгарский', 'Соль', 'Приправа', 'Вода', 'Сыр колбасный', 'Сыр твердый']","Очищаем картошку, моем, режем примерно на 4 части и ставим варить. В конце варки солим. Можно прямо в воду добавить бульонный кубик, это придаст картошке более пикантный вкус. Пока варится картошка, делаем заливочку! Трем колбасный сыр на мелкой терке, добавляем майонез, сметану, зеленый лучок и приправы на ваш вкус. Я брала приправу для картошки и для гриля. Добавляем воду, чтобы заливочка была густотой как сливки. Заливочка готова. Теперь режем лук и перец полукольцами, оставшийся зеленый лук дорезаем. Твердый сыр натираем на средней терке. Готовим противень, лучше с бортами. Как только картошка сварится, выкладываем ее в глубокий противень, сверху выливаем нашу заливочку, лук и перец болгарский и тщательно перемешиваем, чтобы вся картошка пропиталась заливочкой. Сверху посыпаем зеленым луком и тертым сыром. Ставим в духовку на средний огонь минут на 15-20, пока сыр не расплавится!!! ПРИЯТНОГО АППЕТИТА!!! КАРТОШЕЧКА ПОЛУЧАЕТСЯ ПРОСТО ИЗУМИТЕЛЬНАЯ! КОПЧЕНЫЙ ВКУС, СЫРНАЯ КОРОЧКА И ВЕЛИКОЛЕПНАЯ ЗАЛИВОЧКА - ЭТО ТРИ СОСТАВЛЯЮЩИХ ВАШЕГО УСПЕХА. И ВАШ ТРУД НЕ ОСТАНЕТСЯ НЕЗАМЕЧЕННЫМ!!! КУЛИНАРНЫХ УСПЕХОВ ВАМ!!! Этот рецепт - участник акции ""Готовим вместе - кулинарная неделя"". Обсуждение приготовления на форуме http://forum.povarenok.ru/viewtopic.php?f=34&t=6988"
"Печенье ""Грибочки овсяные""","['Масло сливочное', 'Сахар', 'Яйцо куриное', 'Хлопья овсяные', 'Шоколад молочный', 'Разрыхлитель теста']","Половину овсяных хлопьев выкладываем на сухой противень и обжариваем в духовке Получаются хлопья светло-коричневые, а ароматный запах распространяется по всей квартире Вторую половину, пропустила через кофемолку, получилась овсяная мука Готовим тесто для ножек гриба: Масло с сахаром взбиваем, добавляем яйцо Всыпаем овсяную муку с разрыхлителем Получается во такое сероватое тесто Формуем ножки для гриба в форме удлиненной капельки Выпекаем при 220-15 мин Растапливаем шоколад на водяной бане В тарелке с обжаренными хлопьями делаем углубления, в которые заливаем растопленный шоколад Получаются такие шляпки Вставляем в шляпки ножки гриба, даем застыть шоколаду Вытаскиваем, получается такой грибочек"
Котлеты по-французски,"['Фарш мясной', 'Соль', 'Хмели-сунели', 'Приправа', 'Яйцо куриное', 'Мука пшеничная', 'Масло растительное', 'Лук репчатый', 'Помидор', 'Майонез', 'Сыр твердый']","Коротко о приготовлении: 1. Смешиваем фарш, специи, соль, муку и яйцо 2. Смазываем руки масло, добавляем немного его к фаршу, формируем котлеты. 3. Выкладываем котлеты в горячее масло, обжариваем на сильном огне пару минут 4. Переворачиваем, накрываем крышкой и выключаем 5. Нарезаем лук и помидор 6. Выкладываем котлетки по-французски на противень 7. Сверху на котлеты выкладываем слоями майонез, лук, помидор и сыр 8. Ставим в духовку на 15 минут на 180°с"
"Ржаной пирог с рыбой ""Калакукко""","['Мука пшеничная', 'Мука ржаная', 'Масло сливочное', 'Вода', 'Рыба', 'Лук репчатый', 'Сало', 'Сливки', 'Перец черный', 'Соль']","Замесить тесто из двух видов муки, растопленного сливочного масла, воды и соли. Завернуть в пленку и положить в холодильник на 30 минут. Вот такую рыбу принес мой муж с рынка. Это сазан. Но вполне подойдет щука, судак, лещ или другая мясистая речная рыба. ... Рыбу разделать, отделить филе от костей. Луковицы почистить, нарезать не очень мелко. Сало нарезать кубиками, обжарить, добавить лук и слегка поджарить. Часть вытопившегося жира оставить. Приготовить фарш из рыбного филе, поджаренного лука и сала, сливок, перца и соли. Достать тесто, разделить на 2 равные части. Одну половинку раскатать толщиной около 2 мм. В оригинале рецепта пирог формируется в форме бруска. У меня круглая керамическая форма, поэтому тесто я раскатала в виде круга. Смазать форму маслом, выложить в нее тесто, обрезая свисающие поля. Выложить на тесто рыбный фарш. Оставшуюся половинку теста разделить на 2 части в пропорции один к двум. Большую часть раскатать по диаметру формы и накрыть сверху пирог, тщательно прижимая края и обрезая лишнее. Оставшееся тесто тонко раскатать, вырезать полоски и украсить пирог. В промежутках между полосками сделать несколько отверстий для выходящего пара. Верх пирога смазать оставшимся жиром. Выпекать пирог при температуре 150 градусов 2-3 часа, периодически смазывая его растопленным салом. В идеале, я думаю, этот пирог печется в печи. [url=http://www.pova renok.ru/images/user s/05_06_11/439231.jp g][img]http://www.po varenok.ru/images/us ers/05_06_11/small/4 39231.jpg[/img][/url ] [url=http://www.pova renok.ru/images/user s/05_06_11/439239.jp g][img]http://www.po varenok.ru/images/us ers/05_06_11/small/4 39239.jpg[/img][/url ] Если я буду еще раз готовить этот пирог, я возьму рыбу попроще. Очень хорошо здесь подойдет щука. Сало я жарить не буду, а добавлю его вместе с луком сырыми. Так будет сочнее. Пирог печется очень долго, и влага очень сильно испаряется. Начинка получается плотная. Пирог получился очень вкусным, с тонким тестом и большим количеством нежнейшей рыбной начинки. Приготовление очень простое. Рыбу можно брать, в принципе, любую, тщательно измельчив ее, прокручивая несколько раз. Советую всем приготовить этот пирог и познакомиться с финской кухней!"
Торт из вяленых помидоров и песто,"['Сыр сливочный', 'Брынза', 'Масло сливочное', 'Сыр твердый', 'Томаты вяленые', 'Орехи кедровые', 'Базилик', 'Петрушка', 'Укроп', 'Помидор', 'Лук репчатый', 'Чеснок', 'Сок лимонный', 'Масло растительное', 'Соль']","Время приготовления указано без учета времени на охлаждение. Итак, приступим. Брынзу, половину сливочного сыра и размягченное сливочное масло взбейте блендером в однородную, пышную массу. Накройте пленкой и уберите в холодильник до использования. Теперь готовим песто. В блендере измельчите очищенный чеснок, зелень, кедровые орехи. Посолите, добавьте 4 ст. л. оливкового масла, лимонный сок, тертый твердый сыр и 100 г. сливочного сыра. Лук очистите, нарежьте тонкими полукольцами. Свежие помидоры бланшировать 1 - 2 минуты в кипящей воде, снять кожицу, удалить семена. Мякоть нарезать кубиками. Разогреть в сковороде немного растительного масла, обжарить лук до золотистого цвета, добавить помидоры, готовить на медленном огне минут 7, пока не выпарится вся жидкость и масса не станет достаточно густой. Вяленые помидоры нарезать соломкой, добавить в сковороду и готовить еще 5 минут Томаты остудить, смешать с оставшимся сливочным сыром. Форму, в которой вы будете собирать торт, застелите пленкой так, чтобы ее края свисали наружу. Сырную массу достаньте из холодильника и разделите на три части. На дно формы выложите 1/3 сырной массы и разровняйте. Следующим слоем будет половина песто... ... затем половина томатно - сырной массы. Затем снова выкладываем 1/3 сырной массы, оставшиеся песто и томаты. Последним должен быть слой сыра. Накрываем наш торт пленкой и убираем в холодильник на 4 - 5 часов, а лучше на ночь. Готовый торт переверните на сервировочное блюдо, аккуратно снимите пленку и подавайте, украсив зеленью."
Стир-фрай из курицы с брокколи,"['Филе куриное', 'Брокколи', 'Лук репчатый', 'Чеснок', 'Имбирь', 'Соевый соус', 'Сахар', 'Крахмал кукурузный', 'Вино белое сухое', 'Масло растительное', 'Рис']","Пакетики с рисом отвариваем в подсоленной воде 25 минут. Куриное филе нарезаем небольшими кубиками. Нарезаем кубиками лук. Добавляем измельченный чеснок и имбирь. Добавляем соевый соус, вино, сахар, 1 ч. л. крахмала. Перемешиваем хорошенько и выдерживаем 15 минут. Капусту разделяем на стебли и соцветия. В сковороде разогреваем масло и обжариваем на нем сначала стебли капусты 1 минуту, затем добавляем соцветия брокколи, и еще 2 минуты. Выкладываем обжаренную капусту в другую посуду. Затем обжариваем курицу в маринаде 4 минуты. Далее добавляем к курице капусту, перемешиваем. Выливаем смесь воды и крахмала (1/3 стакана воды и 1 ч. л. крахмала) и доводим до кипения, чтобы соус загустел. Наше блюдо готово. Подаем с отваренным рисом. Приятного аппетита и будьте здоровы!"
Суп из овощей с рисом в горшочке,"['Картофель', 'Помидор', 'Перец болгарский', 'Лук репчатый', 'Морковь', 'Рис', 'Соль', 'Перец черный', 'Цедра лимона', 'Томатная паста']","Подготовить рис: отсыпать нужное количество, промыть и оставить в ситечке ""просохнуть"". Для супов я люблю использовать круглозерный рис ""Кубань"" от Мистраль. Помыть и почистить овощи. Морковь натереть на средней терке; картофель, перец и помидор нарезать кубиками, с помидора предварительно снять шкурку; лук нарезать полукольцами. С лимона надо будет снять цедру. Овощи разложить по горшочкам. К овощам добавить рис - по 2 ст. ложки (без верха) в каждый горшочек. Затем посолить, по желанию поперчить и добавить томатную пасту (я люблю добавлять ""смесь"": томатная паста + соус ""хреновина""). Теперь в каждый горшочек надо налить воду (кипяченую, горячую). Закрываем горшочки крышками и ставим в аэрогриль. У меня из-за ""хвостиков"" крышек приходится ставить расширительное кольцо, горшочки стоят на средней решетке. (Как правило, с расширительным кольцом время готовки в аэрогриле увеличивается.) Задала параметры: температура 260 градусов, скорость вентилятора высокая, время 50 минут. Приблизительно через 30 минут в горшочки надо ДОБАВИТЬ ЦЕДРУ ЛИМОНА. Готовить до сигнала. Ну вот, наш суп и готов! По желанию добавить зелень."
Коричные кексы,"['Масло сливочное', 'Яйцо куриное', 'Сметана', 'Сахар', 'Мука пшеничная', 'Соль', 'Разрыхлитель теста', 'Корица']","В миске соединить растопленное и остывшее сливочное масло, яйца, сметану и сахар. Тщательно перемешать венчиком. Добавить просеянную муку, щепотку соли, разрыхлитель теста и 1 ч. л. молотой корицы. Тщательно перемешать тесто до гладкого однородного состояния. Разложить тесто по формам для кексов ( у меня получилось 8 шт.). Для посыпки смешать 8 ч. л. сахара и 1 ч. л. корицы. Присыпать верх кексов коричным сахаром и отправить выпекаться в разогретую до 180 градусов духовку на 40-45 минут до готовности (ориентируемся на особенности своей духовки и проверяем готовность деревянной шпажкой). Готовые кексы вынимаем из духовки, даем им остыть, завариваем чай и зовем всех угощаться! Всем приятного чаепития!"
Виноградный торт без выпечки,"['Корж', 'Сахарная пудра', 'Ванильный сахар', 'Сметана', 'Маскарпоне', 'Творожная масса', 'Виноград', 'Желатин', 'Желе']","Заранее позаботимся о желатине: в чашку налить горячей воды и сверху посыпать порошком желатина, дать настояться... Укладываем корж в разъёмную форму, лишний бисквит потом нам пригодится. Взбиваем творожную массу, маскарпоне и сметану, затем растопленный желатин, взбить ещё раз... Выкладываем виноград (порезанный пополам и вдоль) на корж. Сверху выложить часть взбитой массы и порезанный оставшийся наш бисквит. И опять массу, убираем часа на 3-4 в холодильник до полного застывания. Потом украшаем верх торта виноградинками и заливаем желе (готовим по инструкции), убираем ещё на 1 час в холод. Тортик готов!!! Угощаемся... Приятного аппетита и чаепития!!!"
Овощи по-домашнему,"['Картофель', 'Лук белый', 'Морковь', 'Перец болгарский', 'Масло подсолнечное', 'Приправа']","Готовим овощи к приготовлению. Картофель хорошо почистить жесткой щеткой, лук и морковь почистить. Включаем духовку чтобы разогреть. Картофель нарезаем на 6-8 ломтиков Лук и перец нарезаем на большие ломтики, а морковь, так как она долго запекается на небольшие тонкие ломтики Добавляем в овощи подсолнечное масло, соль и приправу для картофеля, кто любит поострее не забывает душистый и горький перчик, и отставляем на 5-10 минут. Но если нам очень-очень хочется кушать, то выкладываем овощи в один слой на сковороду или противень и ставим в духовку на 30 минут при среднем огне. Через 30 минут проверяем картофель и морковь на готовность. Ведь иногда нам может понадобиться еще несколько минут. И вот что у нас получилось. Наши овощи хороши как в горячем, так и в холодном виде. Приятного аппетита."
"Салат ""Дикое озеро""","['Капуста морская', 'Крабовые палочки', 'Кукуруза', 'Яйцо куриное', 'Огурец', 'Майонез', 'Соль', 'Перец черный', 'Морковь']","Морскую капусту (в рецепте Анастасии нужно было взять капусту в банке, но я взяла по-корейски, почему, потому что не встречала ещё у нас в продаже, капусту в банке, не мягкую, а я мягкую не люблю), нарезать, но можно оставить и в первозданном виде, только если она не слишком длинная. Половину выложить первым слоем. Добавить нарезанные (не мелко) крабовые палочки. Я всегда использую только VICI, мне они больше всего нравятся. Выложить половину. Смазать слегка майонезом. Одно яйцо нарезать и выложить третьим слоем. Слегка посолить. Выложить половину банки кукурузы (жидкость слить). Майонез. Нарезаем огурец. Повторяем все слои из оставшихся продуктов. Верхний слой не смазываем майонезом. Украшаем по желанию. Приятного аппетита!"
Завитушки-хохотушки,"['Тесто слоеное дрожжевое', 'Сметана', 'Колбаса', 'Сыр твердый', 'Масло растительное']","Готовое слоеное тесто раскатать, смазать сметаной. Можно к сметане добавить зелень, но у меня ее сегодня под рукой не оказалось. Колбасу нарезать тонкими кружочками, сыр - пластинками. На тесто выкладываем колбасу и сыр. Сворачиваем рулетиком и нарезаем кусочками примерно по 2-2,5 см. На смазанный маслом противень кладем наши завитушки и в духовку на 20-25 минут. Приятного аппетита!"
Пряничный домик и другие пряничные изделия,"['Мед', 'Яйцо куриное', 'Сахар', 'Масло сливочное', 'Какао-порошок', 'Разрыхлитель теста', 'Коньяк', 'Смесь специй', 'Ваниль', 'Мука пшеничная', 'Сахарная пудра', 'Конфеты', 'Лимон', 'Шоколад молочный']","1. Просеять 1250 грамм муки 2. Муку разделить на 2 части. Половину муки отставить в сторону. В другую половину добавляем 2 чайные ложки разрыхлителя. 3. теперь пачку ванили 4. всыпаем 2 чайных ложки пряничных духов (рецепт выкладывала - Пряничная смесь или кондитерские духи http://www.povarenok .ru/recipes/show/826 40/ ) 5. всыпаем 3 столовые ложки какао 6. все хорошо размешать венчиком и тоже отставить в сторону. 7. В кастрюлю насыпаем 500 грамм сахара. 8. Отмеряем 500 грамм меда 9. Высыпаем мед к сахару. 10. Отмеряем 300 грамм сливочного масла, хорошо, если масло будет комнатной температуры, (у меня к сожалению с морозилки). 11. Высыпаем масло в кастрюлю к меду и сахару и ставим на огонь. 12. Постоянно перемешиваем, не отходя от кастрюли. 13. Сахар и мед должны полностью раствориться. Масса не должна закипеть, не прекращайте мешать ее ложкой. 14. Снять с плиты и дать слегка остыть ( не ниже 68 градусов). Я вынесла на балкон, через каждые 10 минут пробовала дно кастрюли. 15. Как только масса остыла до нужной температуры, продолжаем. 16. 2 яйца хорошо перемешать до однородной массы. Не взбивать!!! 17. Медленно вливаем в медовую смесь половину размешанных яиц и быстро перемешиваем венчиком. 18. Вливаем оставшиеся яйца, и продолжаем хорошо перемешивать медовую массу. 19. Теперь вливаем сюда 3 столовые ложки коньяка и хорошо перемешиваем. 20. Добавляем понемногу муку с добавками и вымешиваем тесто руками, постепенно добавляя остальную муку. Обычно, муки уходит меньше, чем в рецепте. 21. Вымешивать тесто долго, теста получается много, поэтому лучше взять большую емкость для вымешивания теста (мне пришлось тесто высыпать в большую миску.) ... 22. Ушло времени на замес где-то 25-30 минут. Лишней муки осталось около 1 стакана. 23. Тесто разделить на 4 части. 24. Разложить в кульки и отправить в холодильник на ночь. 25. На следующий день можно приступить к выпечке пряничных изделий. В этом году выпекаю небольшой пряничный домик и остальное – пряничное печенье, которое вырезаю формочками или делаю по понравившемуся шаблону. 26. Приготовить леденцы разных цветов и молоток. 27. Заранее подготовила шаблон пряничного домика. Нарисовала в «WORD» и распечатала, (можно нарисовать от руки или взять готовые шаблоны из Интернет). 28. Вырезала шаблоны. 29. Перенесла на картон, вырезала из картона шаблоны, с которыми я буду работать. 30. Проверяю на бумаге – какой будет домик. 31. Духовку разогреть до 180 градусов. 32. Достать тесто, оно слегка затвердевшее. Слегка посыпать поверхность мукой, немного муки на скалку и на бумажные шаблоны (тесто когда потеплеет, станет немного прилипать). 33. Раскатываем тесто приблизительно 0,5-0,6 см, накладываем шаблоны, вырезаем детали. 34. Выкладываем на противень, застеленный бумагой для выпечки (калькой). 35. Выпекаем изделия 12- 14 минут. Периодически заглядывайте в духовку, изделия не должны зарумянится. Приблизительно за 3-4 минуты до готовности, вытащить листик и насыпать в отверстия для окон размолотые леденцы. Поставить обратно в духовку. 36. В этом случае карамель не потеряет свой цвет. 37. Изделия выкладываем на подготовленную поверхность. У меня на столе - одеяло- полотенце- бумага. 38. Внимание! Детали с карамелью должны оставаться постоянно на кальке. Когда печенье с карамелью немного остынет, пошевелите его, оно с легкостью отстанет от кальки. Печенье с витражами должно оставаться на кальке, т. к., если переложить на бумагу, может прилипнуть! 39. Делаем подставку под домик. Шаблон подставки оказался маловат, т. к. возле домика надо поставить еще фигурки, поэтому увеличила размер подставки. 40. Теперь из оставшегося теста можно испечь мелкие изделия. 41. Очень люблю печенье с витражами. Картонный шаблон сердце. Внутри вырезаем сердечко поменьше – для карамели. 42. Конфеты, не разворачивая, бьем молотком. После этого развернуть – карамельная крошка готова 43. За 3-4 минуты до готовности карамель высыпаем в сердечки. Можно делать однотонный цвет, можно насыпать по чуть –чуть разного цвета. 44. Получаются радужные цвета 45. Из этого теста получается много изделий (на фото не все поместилось). 46. Украшаю изделия белым и черным шоколадом, сахарной глазурью без яиц, скрепляю нужные детали карамелью 47. Начинаем с пряничного домика. 48. Делаем карамель для скрепления деталей. 3-4 столовые ложки сахара + 1 чайная ложка лимонного сока (яблочного уксуса) растопить помешивая до слегка желтого цвета. 49. Низ детали опускаем в карамель и ставим на пряничную подставку. Удерживаем рукой, деталь моментально схватывается и держится. Работаем с карамелью очень осторожно во избежание ожогов. 50. Если карамель застыла, оправьте сковороду на огонь, как только растаяла, быстро продолжаем. 51. Ложкой намазываем края верха домика карамелью. 52. «Приклеиваем» крышу - домик собран. 53. Готовим глазурь из сахарной пудры. В сахарную пудру наливаем понемножку сок лимона (у меня апельсиновый) и хорошо перемешиваем ложкой, добавляя сок до состояния густой смеси – чтобы глазурь не растекалась. 54. Накладываем глазурь в корнетик (кулечек), отрезаем немножко кончик, и выдавливаем глазурь. 55. Глазурь выдавливаю в разные отверстия и проемы – на крышу, в боковые стены… 56. Потом наношу на крышу домика. 57. Расплавляю белый шоколад. Растапливаем шоколад на водяной бане, вода не должна касаться емкости, в которой находится шоколад. Постоянно мешаем шоколад и снимаем периодически с огня. (Корнетики закончились, заменяю их на кулечки) 58. Украшаем шоколадом домик. Потом остальные изделия. 59. Домик почти готов ( в этом году у меня домик скромный - без красивых сухофруктов и конфет). Когда глазурь и шоколад застынет, посыпать домик сахарной пудрой. 60. Украшаем все изделия, после этого даем время шоколаду хоть чуть-чуть застыть. Часа через 3 растапливаем черный шоколад точно также, как белый и продолжаем украшать изделия 61. После того, как украсим все изделия, оставляем их в покое до полного застывания шоколада. В этот раз украшения на изделиях застывали почти сутки. 62. Готово. 63. После этого можно изделия красиво завернуть- упаковать и подарить. 64. Из этого теста когда-то я выпекала паровозик с вагончиком, большой домик и свадебную шкатулку. 65. Чтобы выпечка была мягкой, в коробку (посуду), где хранится пряничная выпечка положить яблоко или апельсин. Если хотите, чтобы выпечка быстро стала мягкой, разрежьте яблоко, апельсин на несколько частей и положите в коробок (посуду) рядом с выпечкой, плотно закрыв крышкой. Пряничные изделия станут очень мягкие!"
Блины дрожжевые,"['Дрожжи', 'Мука пшеничная', 'Молоко', 'Яйцо куриное', 'Масло сливочное', 'Сахар', 'Соль']","В муку добавить дрожжи «САФ-МОМЕНТ®», сахар, соль, яйца. Перемешать. Растопленное сливочное масло добавить в молоко (оно должно быть комнатной температуры) и долить в муку. Перемешать венчиком полученное тесто для блинов. Дать постоять в теплом месте в течение 30 минут. Выпекать блины на хорошо разогретой сковородке, предварительно смазанной растительным маслом. На выходе получится примерно 30 блинчиков."
"Салат ""Жемчужина""","['Семга', 'Филе рыбное', 'Яйцо куриное', 'Сыр полутвердый', 'Майонез', 'Листья салата', 'Соль']","Берется в равных пропорциях семга малосоленая (можно взять брюшки семги) режется кубиком, филе судака (филе пангасиуса) отварить в подсоленной воде с добавлением лаврового листа, перца горошком и соли и порезать кубиком, отварные яйца порезать кубиком, сыр (2/3) натереть на крупной терке. Смешать все ингридиенты и добавить немножко майонеза, перемешать. Влажными руками формуем шарики из салата, обваливаем в тертом на мелкой терке сыре (оставшаяся 1/3) и укладываем на листья салата"
Банановый спринг-ролл с медовым маринадом,"['Рисовая бумага', 'Банан', 'Мед', 'Сок лимонный', 'Корица', 'Шоколад молочный', 'Масло сливочное']","Бананы очистить и разделить на 3 части. Смешать мед с соком лимона, и корицей. Можно добавить немного сливочного масла (1 ч. л.). Поместить кусочки банана в медовый маринад на несколько минут. В миску с теплой водой положите по очереди листы рисовой бумаги на 15 секунд. Затем выложите их на бумажное полотенце, чтобы убрать излишки воды. Берем бумажное полотенце и стороной где рисовая бумага, кладем на сухую тарелку. Осторожно, сверху снимаем бумажное полотенце. На каждый блинчик рисовой бумаги, кладем кусочек банана и сформируем ролл. Я попробовала завернуть половинки сосисок в рисовой бумаге. Каждый ролл можно обжарить в разогретом масле с двух сторон на плите или разогреть в микроволновке. Готовый десерт украсьте растопленным шоколадом и сразу подавайте на стол, пока у них корочка хрустящая. Приятного аппетита! А роллы с сосисками можно подать с красным, острым соусом."
Хлеб для тостов,"['Мука пшеничная', 'Вода', 'Соль', 'Сахар', 'Масло оливковое', 'Дрожжи', 'Хлопья овсяные']","Подготовить все ингредиенты заранее. Вам может показаться, что сахара очень много, но как советует шеф, он просто необходим для красивой корочки и красивого цвета мякиша при запекании тоста в тостере. Поместить в воду все ингредиенты, кроме муки, и хорошо размешать. Всыпать муку и замесить тесто. Оно не должно быть крутым и должно липнуть к рукам. Я заранее подготовила форму 18х10х7 см, которую смазала маслом, а дно застелила пекарской бумагой. Поместить тесто в форму и сверху посыпать овсяными хлопьями (не обязательно, но мне очень нравится). Поставить в теплое место (у меня слегка прогретая СВЧ) на 40-50 минут. Выпекать в прогретой до 180""С духовке до золотистого цвета 30-40 минут. Ориентируйтесь на вашу духовку. Освободите хлеб от формы и остудите на решетке. Чтобы хлеб красиво и хорошо нарезался, заверните его в мембрану и поместите на ночь в холодильник. П. С А еще, чтобы хлеб при нарезании не крошился, его нужно резать смоченным в воде ножом. Сервируйте с сыром, любимыми мясными нарезками, овощами и салатными листьями. Сладкоежки - мармеладом, джемом, медом, нутеллой и сливочным маслом. Для постящихся рекомендую авокадо с оливковым маслом, помидорами и огурцами с листьями салата и оливковым маслом. Короче, большой полет для фантазии! У меня сегодня парой к хлебу будет Мясной хлебец. А на сегодня, представляю вам пару для хлеба - Мясной хлеб для тостов, который запекала в той же форме, что и хлеб. Тонко нарезать хлеб. Поместить между двумя кусочками мясной хлебец и запечь в тостере. Добавить ваши любимые овощи. Мясной хлебец https://www.povarenok.ru/recipes/show/161376/"
"Кексы на сливках ""Крепкий кофе""","['Сливки', 'Мука пшеничная', 'Сахар коричневый', 'Яйцо куриное', 'Кофе растворимый', 'Разрыхлитель теста', 'Миндаль', 'Ликер', 'Сахарная пудра', 'Соль', 'Ванилин']","В миску налила сливки, насыпала сахар, кофе, разрыхлитель, ванилин, соль и размешала. Просеяла муку, налила ликёр и взбитые яйца. Тесто перемешала и насыпала толчёный миндаль. В ячейки формы разложила бумажные манжетки и наполовину заполнила их тестом. Духовку разогрела до 180 градусов и выпекала кексы 20 минут. Остывшие кексы посыпала сахарной пудрой. Кексы в разрезе. Кофейные кексы очень вкусные с кофе. Этот рецепт - участник акции ""Готовим вместе - кулинарная неделя"". Обсуждение приготовления на форуме - http://forum.povarenok.ru/viewtopic.php?f=34&t=6787"
"Булочки с джемом ""Фаворитки""","['Мука пшеничная', 'Молоко', 'Масло растительное', 'Яйцо куриное', 'Сахар', 'Дрожжи', 'Ванильный сахар', 'Соль', 'Повидло']","В глубокую миску вливаю теплое молоко, всыпаю дрожжи, 1 ст. л. сахара и 2 ст. л. муки. Хорошо перемешав, оставляю опару подойти минут на 20 (поверх опары должна образоваться характерная шапочка). К опаре добавляю яйцо, растительное масло, 2 ст. л. сахара, ванильный сахар и соль. Хорошо перемешиваю. Сюда же просеиваю 300 г. муки от общего кол-ва. Начинаю замешивать тесто. Как только вся мука увлажнится подсыпаю небольшими порциями оставшиеся 100 г. муки. Когда тесто становится трудно мешать, перекладываю его на рабочую поверхность и начинаю вымешивать руками. Готовое тесто должно быть мягким и слегка липнуть к рукам. Перекладываю его в чистую, смазанную растительным маслом миску, накрываю пищевой пленкой и полотенцем. Ставлю тесто для подъема в теплое место минимум на час, а лучше на полтора. Подошедшее тесто перекладываю на рабочую поверхность, делю на 3 равные части, придаю округлую форму. Каждый колобок раскатываю в круг диаметром примерно 25 см. Круг разрезаю на 4 сектора. На каждом секторе делаю по 3 параллельных разреза с обеих сторон. Между разрезами по центру выдерживаю расстояние полтора-два сантиметра. По центру выкладываю начинку. Заворачиваю один край (стараюсь, чтобы полоски не слипались), накрываю вторым. Булочки перекладываю на противень, застеленный пергаментом. Я выпекаю их на двух противнях, по 6 штук на каждом. Перед выпечкой булочки смазываю взболтанным яйцом. Выпекаю их в разогретой до 180 °C духовке в среднем 20 мин. До красивого румяного цвета. Готовые булочки по желанию посыпаем сахарной пудрой. Приятного чаепития!)"
Жeлтый цыплeнок,"['Грудка куриная', 'Рис', 'Специи', 'Майонез', 'Сметана', 'Помидор']","Берем куриную грудку и режем еe на полосочки или квадратики. Раскаливаем сковородку, желательно антипригарную, чтобы минимально использовать масло. Откладываем курицу. В мисочку кладем сметану, майонез, примерно по столовой ложке, столовую ложку воды, все хорошо перемешиваем или взбиваем (я в миксере), добавляем туда размятый помидор, перец красный и чeрный по чайной ложке, чеснок, зелень, можно ещe какую-либо приправу, все хорошо мешаем и оставляем минуты на 3. Берем кусочки курицы и хорошо обмакиваем каждый кусочек в получившимся соусе, жарим на сковородке на большом огне 5 минут, соус должен расплыться немного, добавляем рис, аккуратно мешаем, закрываем крышкой на 10 минут на маленький огонь. Приятного аппетита!!)) Расчeт каллорий: Грудка куриная 1 шт - 120 ккал Рис отварной 50 гр - 60 ккал Майонез 20 гр - 53 ккал Сметана 10 % - 23 ккал Помидор 1 шт - 14 ккал Итог: 267 ккал Белок: 25 гр Углеводы: 27 гр Жиры: 10 гр"
"Медовый торт ""Воздушный""","['Яйцо куриное', 'Сахар', 'Мед', 'Сода', 'Мука пшеничная', 'Сметана', 'Финик']","Для меня этот тортик что-то вроде палочки-выручалочки. Он делается очень быстро (!), из обычных продуктов, и получается очень вкусным. Итак, приступим. Для начала поставим воду для водяной бани. Для экономии времени я воду наливаю горячую (из-под крана). Пока вода закипает, взбиваем яйца со стаканом сахара. Добавляем мед (если он густой, ничего страшного, он разойдется) и ставим на водяную баню. Пока масса разогревается, я отмеряю 2 стакана муки, высыпаю их вместе, чтобы было потом удобней добавлять в тесто (там надо будет действовать быстро). Кстати, секрет пышности коржей заключается именно в маленьком количестве муки. Как только масса станет горячей, разойдутся мед и сахар, добавляем чайную ложку соды. Масса должна побелеть и увеличиться в объеме. Снимаем чашку с огня и добавляем муку. Все хорошо перемешиваем. Тесто должно получиться вязким. Чтобы тесто быстро не остыло (если оно остынет, с ним будет тяжелей работать), его надо поставить обратно на водяную баню. На лист пергамента (не (!!!) смазывать), выкладываем столовую ложку теста и от центра к краю боковыми движениями, вроде как размазывая, придаем форму круга (если хотите торт квадратный - соответственно делаем форму квадрата или прямоугольника). Если рука еще не набита, и боитесь сделать коржи неровными, можно обвести круг карандашом и уже по трафарету ""размазывать"" тесто. Еще один момент, пергамент можно подготовить заранее, чтобы уже потом не терять на это время. У меня всегда получается только 5 коржей диаметром 27-28 см. Выпекать при температуре 220 градусов, буквально минуты 3-4. Они пекутся очень быстро, лучше далеко не отходить:-) Вот какие красавцы воздушные получаются :-) Поэтому тортик получается очень высокий, но к тому же очень легкий. Теперь приступим к крему. Для всех, наверно, знаком стандартный набор: сметана и чернослив. А никто не пробовал вместо чернослива добавить финики? Я даже не ожидала такого результата... Это очень вкусно! Из фиников удалить косточки, если они есть, и порезать достаточно мелко. Ну, а здесь ничего нового нет. Сметану смешиваем с сахаром (сахара лучше много не давать, потому что финики дают сладость) и добавляем финики. Крем готов. Вот такой тортик получается в разрезе. Вкусный, нежный, воздушный... Единственное, в этот раз я переборщила с сахаром, на мой взгляд, было очень сладко, хотя мужу было в самый раз. Именно поэтому я не указала в составе количество сахара для крема. Это надо подбирать индивидуально. Я этого не делала, но в следующий раз обязательно попробую, можно добавить чуть цедры лимона. Приятного аппетита!"
"Шоколадный пирог ""Эрл Грей""","['Чай в пакетиках', 'Вода', 'Масло сливочное', 'Яйцо куриное', 'Сахар', 'Шоколад темный', 'Мука пшеничная', 'Сода', 'Разрыхлитель теста', 'Соль', 'Йогурт', 'Сахарная пудра']","Подготовить продукты, чтобы все было под рукой. 1 чашка = 240 мл. Заварить чай в воде от 3 до 5 минут, затем пакетики удалить. Растопить шоколад на водяной бане. Смешать сухие ингредиенты. Взбить вместе сахар и масло. Добавить яйца, а затем плавленый остывший шоколад, все хорошо взбить. Добавить смесь сухих ингредиентов, перемешать. Влить чай и йогурт И все еще раз взбить. Разогреть духовку до 160*С. Вылить полученную смесь в форму, смазанную маслом и присыпанную тонким слоем муки. Выпекать 60 минут до сухой зубочистки. Затем духовку выключить и оставить в ней пирог еще на 10 минут. Вынуть пирог из духовки, дать постоять 15 минут. Затем извлечь пирог из формы, полностью остудить. Посыпать сахарной пудрой. Вот такой получился пирожок. Он совершенно необыкновенный! Попробуйте, вы не будете разочарованы! Приятного чаепития!!!"
Пирог из слоеного теста с курицей и грибами,"['Тесто слоеное', 'Грудка куриная', 'Шампиньоны', 'Лук репчатый', 'Масло растительное', 'Сыр твердый', 'Яйцо куриное']","Я покупала готовое слоеное тесто... Поджарила порезанную кусочками куриную грудку, на другой сковороде поджарила грибы с луком на растительном масле... Тесто раскатала, положила грибы с луком, сверху еще шар теста, потом курицу и потерла сверху курицы твердый сыр, сверху снова тесто... Смазала яйцом и поставила в разогретую до 170 градусов духовку на минут 15."
"Печенье ""Розочки с корицей""","['Мука пшеничная', 'Масло сливочное', 'Масло растительное', 'Сахар', 'Яйцо куриное', 'Соль', 'Дрожжи', 'Масло топленое', 'Корица']","Дрожжи развести в 1/3 ст. теплой воды + 1 ч. л. сахара. Оставить в теплом месте, пока не вспенится. Прошу прощения, сначала не фотографировала, просто не подумала. В миску с мукой добавить размягченное сливочное масло и перетереть его с мукой. В миску с мукой и маргарином добавить все остальные ингрeдиенты (растительное масло, яйцо, сахар, соль), в том числе и закваску. Поставить, укрыв, в теплое место на 1 - 1,5 часа. Поднявшееся тесто вымесить и снова на 1-1,5 часа в тепло для вторичного подъема. После этого раскатать тесто в виде прямоугольника примерно в 0,7 см толщиной. Поверхность смазать сливочным маслом. Посыпать сахаром с корицей (заранее смешать 1/2 ст. сахара + 2 ч. л. корицы). Завернуть рулетом. Нарезать на кусочки 2-2,5 см. Каждый кусочек защипнуть с одной стороны и расправить с другой (в виде розы). Выложить на смазанный маслом противень. Выпекать при температуре 220-250 градусов, минут 15-20. Тесто, как замесите, на первый взгляд будет чуть туговатое - не пугайтесь. После двух подъемов будет все в порядке. Сахарку для посыпки можно брать и стакан (изначально в рецепте был 1 ст. сахара), но это кто как любит - для меня это было слишком много, половина посыпки осталась неиспользованной. Я делала розочки разной величины (на фото это видно), так как мой маленький киндер 3 -eх лет от роду большую не съест, а каждый раз хочет целенькую."
Сорбет с черешней,"['Молоко', 'Сахар', 'Черешня', 'Сок лимонный']","Очищаем черешни от косточек, помещаем их в кастрюлю с сахаром и молоком. Ставим на медленный огонь и помешиваем до тех пор, пока сахар не раствориться. Даем немного остыть и добавляем лимонный сок. Все это переливаем в блендер и тщательно взбиваем. Переливаем в контейнер и помещаем в морозилку на 2 часа. Через два часа перемешиваем, чтобы раздробить кристаллы. Такие действия повторить дважды, а затем оставить в морозилке до полного замерзания. Готовый десерт разложить в бокалы и украсить. Приятного аппетита!!!"
Апельсиновые маффины,"['Апельсин', 'Сахар', 'Ванильный сахар', 'Масло сливочное', 'Яйцо куриное', 'Разрыхлитель теста', 'Мука пшеничная']","С апельсинов снять цедру (при помощи специального ножа, или натереть на терке). Выжать сок апельсинов (должно получиться около 100-140 мл); (для 100 мл сока мне потребовалось 1,5 апельсина) Масло растереть с сахаром и ванильным сахаром. Добавить яйца, перемешать Добавить сок и цедру апельсинов, перемешать Добавить муку (мне потребовалось: 400 грамм просеянной муки), разрыхлить, замесить не крутое тесто Выложить тесто в смазанные растительным или сливочным маслом формочки (формочки заполнять на 2/3). У меня бумажные формы. Поставить в разогретую до 180 градусов духовку. Выпекать в течение 20-25 минут; (так как у меня духовка сильно печет, выпекала при 160-170 = около 20 минут) Наши апельсиновые маффины готовы! Теперь будем украшать! Готовила крем ""Пломбир"" по рецепту автора: Светланка g980 Очень аппетитно и эффектно смотрятся апельсиновые маффины с кремом ""Пломбир"" Приятного чаепития! А это ссылка на крем ""Пломбир"": https://www.povarenok.ru/recipes/show/140251/"
"Бисквитный торт ""Пина Колада""","['Яйцо куриное', 'Сахар', 'Мука пшеничная', 'Крахмал', 'Молоко', 'Стружка кокосовая', 'Масло сливочное', 'Сахарная пудра', 'Ананас', 'Соль']","Отделить белки от желтков. Белки взбить миксером в крепкую пену, постепенно добавляя 100 г сахара. В отдельной посуде с сахаром и ванильным сахаром взбить в крепкую пену желтки. Аккуратно соединить белки и желтки. Смешать муку с крахмалом и просеять во взбитые яйца. Перемешать складывающими движениями. Дно разъемной формы (диаметр 26 см) застелить бумагой для выпечки и вылить тесто. Выпекать при 180 градусах около 30 минут (проверить шпажкой). Вынуть бисквит из духовки и в форме перевернуть на решетку для остывания. Оставить ""отдохнуть"" не менее, чем часа на 4. В это время можно приготовить крем. Нагреть, почти до кипения, 300 мл молока. В другой половине молока размешать без комочков муку, соль и крахмал. Тонкой струйкой ввести эту смесь в горячее молоко и варить, пока не загустеет. Остудить до комнатной температуры. Размягченное сливочное масло взбить до пышного состояния, добавить сахарную пудру, продолжая взбивать. Постепенно добавить заварную массу и окончательно взбить. Вмешать в крем кокосовую стружку. Хорошо перемешать. Бисквит разрезать на 3 коржа. Каждый пропитать сиропом от консервированных ананасов (я добавила в сок ликер ""Малибу"") Собираем торт. На корж нанести часть крема, уложить тонко нарезанные кусочки ананаса. Накрыть ананасы кремом и уложить второй корж. Все повторить. На верхний корж и бока нанести крем, подравнять. Украсить по своему желанию. Дать торту пропитаться около 2-3-х часов и можно подавать на стол."
Садовая черника в собственном соку,"['Черника', 'Сок']","Ингредиенты указаны для одной 650 г банки. Ягод помещается в банку чуть меньше или чуть больше, чем 400 г. Ягоды по размеру разные. Ягоды промыла в сите проточной водой и дала ей стечь. В чистые, стерильные банки разложила чернику. Ягоды не такие, как в лесу. Не давятся, не пачкаются и не кислые. Внутри они белые. Подготовила сок - мытые ягоды положила в кастрюлю, насыпала такое же количество сахара и измельчила ручным блендером. Процедила пюре через сито и получила сладкий сок. Ягоды и сахар по весу один к одному. Полные банки с ягодами залила соком. Плотно закрыла крышки. Поставила банки в кастрюлю с тёплой водой для стерилизации. Кипятила их 15 минут. Банки не переворачивала. Поставила их на большое махровое полотенце и укрыла. Одну банку с ягодами открыла на пробу. Кожица потеряла свой первоначальный вид, но внутри ягоды остались целыми и плотными. На фото сверху я разрезала одну ягоду. Она окрасилась в тёмный цвет, как и сок. Ягоды в собственном соку мы ели с творогом и кашей. Ездила с подругой за черникой на хутор к её знакомым. У них большая плантация черники, которую собирают, сдают в магазины и другие точки. Я насобирала 2 ведра. Накормила ягодами своих мужчин. Сделала 15 банок в собственном соку и заморозила несколько пакетов с черникой. Заказывала по телефону, чтобы чернику привезли домой. Сегодня я снова ездила за ягодами и набрала ведро. Думаю, что черники мне уже достаточно. Ну, если только - на поесть... Сочный пирог. Его разрезали горячим, ягоды не текут."
Огурцы в йогуртово-лимонном соусе с базиликом,"['Огурец', 'Йогурт', 'Цедра лимона', 'Сок лимонный', 'Соль', 'Масло оливковое', 'Перец черный', 'Базилик', 'Укроп']","Огурцы помыть, очистить от кожуры с помощью овощечистки. Каждый огурец разрезать на 8 полосок. Огурцы сложить в миску, добавить соль, перемешать и оставить на 5 мин. Для соуса соединить йогурт (можно сметану), цедру лимона, лимонный сок, оливковое масло, перец. Хорошо перемешать. Полить соусом огурцы, перемешать, накрыть и убрать в холодильник минимум на 2-3 часа. Перед подачей добавить мелко нарезанный укроп и базилик. По желанию добавьте ещё соль по вкусу. Готовую закуску подаём к столу Огурчики получаются очень вкусными, насыщенные вкусами Освежают в летнюю жару ❤️Приятного аппетита!!!❤️"
Запеканка из вермишели,"['Вермишель', 'Фарш мясной', 'Помидоры черри', 'Яйцо перепелиное', 'Молоко', 'Масло оливковое', 'Соль']","Вермишель отварить, как написано на упаковке. Фарш у меня готовый, я специально готовлю для дочки: говядину пропускаю через мясорубку, добавляю туда лук, солю, формирую шарики и замораживаю, мне так удобнее. Так вот, один шарик фарша отварить вместе с вермишелью. Яйца и молоко хорошо взбить венчиком, немного посолить. Для ребенка всегда использую перепелиные яйца, так как они лучше усваиваются и в них очень много витаминов. Помидорку черри нарезать кружками. Если нет черри, то можно взять обычную помидорку. Формочку для кексов смазать оливковым маслом. Итак, укладываем нашу запеканочку. На самый низ кладем немного вермишели. Следом фарш. Помидорку. И опять вермишель. Сверху немного придавить ложкой. И заливаем запеканку яично-молочной смесью, так чтобы заливка поднялась доверху. И отправляем в духовку, разогретую до 180 градусов, на 15- 20 минут. Ну, и вот наша запеканочка готова! Приятного аппетита Вам и Вашему крохе!"
"Булочки ""Удовольствие в квадрате""","['Яйцо куриное', 'Сахар', 'Мука пшеничная', 'Молоко', 'Мед', 'Масло сливочное', 'Дрожжи', 'Эссенция', 'Разрыхлитель теста', 'Сахар коричневый', 'Сок свежевыжатый', 'Мак', 'Крупа манная', 'Орехи', 'Шоколад молочный']","Хочу уточнить, что ""Время приготовления:45"" подразумевается время выпекания булочек в духовке. Итак, для начала необходимо замесить дрожжевое тесто. В теплом молоке разводим дрожжи. Добавляем сахар, мед, размягченное сливочное масло и яйцо. Перемешать. Добавляем ванильную эссенцию. Всыпаем муку и замешиваем тесто. Тесто ставим в теплое место на 2-3 часа для увеличения в объеме. Тем временем приготовим песочное тесто. Соединяем сливочное масло с мукой, смешанной с разрыхлителем теста и растереть в крошку. Добавляем сахар и яйцо. Замесить мягкое и эластичное тесто. Тесто укрыть пищевой пленкой и отправить в холодильник. Из красной смородины сделать сок. Мак измельчить. Сок соединяем с маком и сахаром. Ставим на огонь, когда масса закипит, то добавляем манную крупу. Проварить 1-2 минуты на медленном огне, постоянно помешивая. Начинку №1 остудить. Добавляем к маковой начинке слегка измельченный орех. Присыпать стол мукой и выложить дрожжевое тесто. Раскатываем дрожжевое тесто и вырезаем кружочки. Кружочек немного растянуть руками и кладем немного маковой начинки. Защипываем и формируем шарик. Отложить в сторону. Шоколад необходимо предварительно растопить на водяной бане и дать остыть, чтобы масса стала густой. Можно растапливать обычные шоколадные конфеты. На другой кружочек теста выкладываем шоколадную начинку и защипываем. Таким образом делаем остальные булочки. Песочное тесто достаем из холодильника и раскатываем. Вырезаем кружочки. Каждый кружочек обмануть в коричневом сахаре и соединить кружочек с дрожжевым шариком. Выкладываем булочки на противень. Отправляем в предварительно разогретую духовку до 200-250 градусов. Выпекаются булочки 45-50 минут. Булочки конечно требуют много времени, но результат стоит того. Обычно мак соединяют с молоком, я решила заменить его на свежевыжатый сок, в наличие у меня оказалась красная смородина. По желанию можно использовать любой свежевыжатый сок. Булочки получаются мягкими и с вкуснейшим рассыпчатым верхом. А шоколадная начинка запросто порадует сладкоежек Маковая начинка Шоколадная начинка Приятного чаепития!"
"Курица в ореховом соусе ""Бажа""","['Курица', 'Орехи грецкие', 'Чеснок', 'Кориандр', 'Хмели-сунели', 'Уцхо-сунели', 'Шафран', 'Перец красный жгучий', 'Соль', 'Уксус', 'Вода', 'Бульон', 'Масло сливочное']",В данном рецепте количество ингредиентов рассчитано на 1 литр соуса. Приятного аппетита!
Индийские лепешки «Чапати»,"['Мука цельнозерновая', 'Мука пшеничная', 'Соль', 'Масло растительное', 'Вода']","Смешать оба вида муки, соль. Отдельно перемешать оливковое масло с горячей водой. Вода должна быть хорошо горячей, но не кипяток. Постепенно добавляя воду с маслом в муку, замесить тесто. Разделить его на 10 частей, каждую скатать в шарик. Накрыть шарики пленочкой и дать постоять 25 минут. Раскатать лепешки. Раскалить сковороду. Советуют, конечно, использовать чугунную, но у меня ее нет, поэтому я использую обычную. Когда сковорода раскалится, выкладывать на нее лепешки и обжаривать. Сковороду не смазывать. С одной стороны лепешки должны покрыться маленькими коричневыми пятнышками. Переворачиваем на другую сторону и наблюдаем, как лепешка начинает раздуваться. После обжарки каждую лепешку смазать растительным маслом. Я очень люблю кушать такие лепешки с карри. Вот сегодня у меня овощное постное карри https://www.povarenok.ru/recipes/show/87377/ Рекомендую!!! Приятного аппетита вам и вашим близким!"
"Овощи запеченные ""Летнее трио""","['Помидор', 'Баклажан', 'Перец болгарский', 'Соль', 'Перец черный', 'Базилик', 'Масло растительное', 'Чеснок', 'Сок томатный']","На дно мультиварочной кастрюли выливаем немного сока помидор в который заранее выдавили 3 зубка чеснока и немного посолили. Нарезаем кольцами примерно одинаковой толщины перец помидор и баклажан Баклажаны немного присаливаем и начинаем ""выстраивать"" овощи в определенном порядке в мультиварку: баклажан-перец-помидор, и так далее. сверху овощи мы присыпаем, солью, перцем, базиликом. сверху слегка взбрызнуть растительным маслом. включаем режим ""тушение"" и готовим 50 минут ""Летнее трио"" готово. Приятного аппетита!!"
Сырное печенье с орешками,"['Мука пшеничная', 'Масло сливочное', 'Сыр твердый', 'Куркума', 'Соль', 'Перец красный жгучий', 'Орехи грецкие']","Муку смешать с красным перцем, куркумой и солью. Сыр натереть на крупной тёрке, всыпать в муку. Добавить сливочное масло и замесить тесто. Скатать из него небольшие шарики (получится примерно 18-20 штук). Орехи измельчить, порубив ножом или в блендере. Обвалять шарики теста в измельченных орехах и выложить на застеленный пергаментов противень. Руками слегка расплющить. Выпекать в духовке при 180°С 20 минут."
Пастила из апельсинов с лимоном,"['Апельсин', 'Лимон', 'Сахар']","Чистим апельсины и лимоны. Убираем косточки. На мясорубке пропускает отдельно апельсины, отдельно лимоны. Добавляем сахар. В апельсины 2 стакана. В лимоны 3 стаканы. Перемешиваем и в разных кастрюлях выпариваем на плите. При этом необходимо постоянно помешивать. Готовим минут 15. Выкладываем на лист выложенный бумагой для выпекания, сначала лимоны затем апельсины. Разравниваем каждый слой. И в духовку при 100 градусах, сушим часа полтора. Как только пастила затвердела, нарезаем на куски. Все готово! Приятного аппетита!"
Заварной крем в микроволновке,"['Желток яичный', 'Молоко', 'Сахар', 'Сахарная пудра', 'Мука пшеничная']","В посуде для микроволновки растираем желток с сахаром и сахарной пудрой. Добавляем муку, хорошо перемешивая. Затем понемногу добавляем молоко и перемешиваем до однородности, чтобы не было комков. Ставим в микроволновку на максимальную мощность( у меня 1000 Вт). Обязательно(!) через каждую минуту хорошо перемешивать!!!! Время приготовления: 3-4 мин. Крема получается не очень много, поэтому норму можно смело увеличивать"
Кальмары по-сычуаньски,"['Кальмар', 'Морковь', 'Перец сладкий', 'Чеснок', 'Масло растительное', 'Уксус', 'Масло кунжутное']","Кальмара опустить на 1 мин. в кипящую воду. Снять кожу, удалить внутренний каркас, положить кальмара в кипяток еще на 2 мин. , затем нарезать соломкой. Морковь и сладкий перец очистить, нарезать тонкой соломкой. Чеснок очистить и тонко нашинковать. Смешать нарезанного кальмара с овощами. Смешать масло и уксус, залить смесью салат, перемешать, дать постоять 20 мин."
Просто Блинчики,"['Мука пшеничная', 'Молоко', 'Яйцо куриное', 'Сахар', 'Соль']","Яйца взбить с солью и сахаром, развести одним стаканом молока, всыпать муку, вымесить тесто миксером, до гладкости. Затем развести тесто остальным молоком, размешать. Разогреть сковородку и испечь блинчики. Если блинчики предполагают начинять фаршем, то при выпечке их не переварачивают. Сковордку, перед тем как налить на нее тесто, я смазываю растительным маслом, кисточкой. Если блинчики употреблять сразу, то смазать их сливочным маслом."
Рыбная запеканка,"['Рыба', 'Шампиньоны', 'Помидор', 'Лук красный', 'Молоко', 'Лимон', 'Сыр твердый', 'Перец красный жгучий', 'Петрушка']","На сковороде обжарить крупно нарезанный красный лук, стручок острого перца, шампиньоны. С помидоров снять кожицу, добавить к овощам и оставить тушиться. В середине тушения добавить молоко, лимонный сок и воду. Тушить до готовности. В предварительно смазанную маслом форму выкладываем часть овощей, сверху кладем филе рыбы, посыпаем тертым сыром. Сверху выкладываем оставшиеся овощи и ставим в духовку, предварительно нагретую до 180 градусов. Перед подачей на стол украсить свежей петрушкой."
Пахлава азербайджанская,"['Сахар', 'Мука пшеничная', 'Орехи грецкие', 'Масло сливочное', 'Яйцо куриное', 'Желток яичный', 'Молоко', 'Шафран', 'Кардамон', 'Дрожжи', 'Соль', 'Масло растительное']","Смешиваем муку, 100 г масла, яйца. Сухие дрожжи заливаем 3-4 ст. л. молока. В молоко добавляем шафран. Смешиваем все компоненты. Получается нежное, гладкое тесто. Накрываем его полотенцем и ставим в теплое место на 2-3 часа. Сушим грецкие орехи в духовке около 10 мин. Измельчаем орехи (можно использовать кофемолку или блендер). Добавляем к орехам сахар (300 гр) и кардамон, перемешиваем. Когда тесто поднялось, делим его на 10 частей (2 должны быть чуть больше остальных - они будут соответственно первым и последним слоем). Тесто тонко раскатываем и укладываем в форму, предварительно смазанную растительным маслом. Сверху посыпаем орехами (слой орехов не должен быть слишком толстым). Орехи накрываем новым слоем теста. Всего должно получиться ровно 10 слоев! Последний слой должен быть чуть толще остальных. Срезаем лишнее тесто и ""закрываем"" краешки (чтобы начинка не была видна). Желток смешиваем с шафраном (0.5 ч. л.) и смазываем верхний слой пахлавы. Ставим в духовку на 8 минут (180С). Достаем пахлаву из духовки и нарезаем таким образом: 1. сначала прямые полосы (около 5 см шириной); 2. затем по диагонали режем на ромбы, каждый ромб режется отдельно, а не сплошной линией; 3. каждый ромб украшается половинкой грецкого ореха (но у меня, к сожалению, все орехи ушли на начинку). Растапливаем 50 г сливочного масла. Смазываем пахлаву и снова ставим в духовку на час (150-160С). Варим сироп (600 г сахара, 2 стакана воды). Варить на медленном огне до загустения. Готовую пахлаву обливаем сиропом и убираем в остывающую духовку на час. Каждый ""ромбик"" подается как отдельная порция. ПРИЯТНОГО АППЕТИТА!!!"
Салат из пекинской капусты с брынзой,"['Капуста пекинская', 'Брынза', 'Огурец', 'Грибы', 'Фасоль консервированная', 'Лук репчатый', 'Чеснок', 'Оливки черные', 'Майонез', 'Соевый соус']","Капусту тонко нашинковать, Лук нарезать соломкой как можно тоньше, замариновать на несколько минут в уксусе, слить. Брынзу, огурцы нарезать кубиками, грибы отварить и тоже порезать. Все продукты смешать, добавить фасоль консервированную, по желанию оливки или маслины. Заправить майонезом (немного), можно добавить соевый соус и тертый чеснок. Чуть приправить перцем. Приятного аппетита!"
Очень тонкие блины на дрожжах,"['Молоко', 'Яйцо куриное', 'Дрожжи', 'Соль', 'Сахар', 'Сливки', 'Мука пшеничная', 'Масло растительное']","Сначала смешиваем в миске 2,5 ст теплого молока, половину муки (сразу перемешиваю ее с дрожжами), соль и сахар. Это опара. Ставлю ее подходить на 2-3 часа (зависит от температуры в комнате) Она должна сильно увеличиться и даже начать опадать. В это время отделяем белки от желтков. Белки ставим в холодильник, желтки растираем до бела разводим оставшимся молоком, вливаем в опару и добавляем остальную муку и сливки (их можно взбить, а можно и так) Снова ставим на расстойку. Когда тесто увеличится вдвое, достаем белки и взбиваем их в крепкую пену. Белки аккуратно вмешиваем в тесто и начинаем печь блины. Я вливаю в тесто 50 г растительного масла и сковородки мажу растительным маслом (половинкой картофелины, нанизанной на вилку) Между испеченными блинчиками кладу небольшой кусочек сливочного масла (можно растопить его, добавив немного растительного масла, и промазывать силиконовой кисточкой) Блины получаются - объеденье"
Салат с авокадо,"['Авокадо', 'Капуста пекинская', 'Перец сладкий красный', 'Перец сладкий желтый', 'Сельдерей черешковый', 'Сыр мягкий', 'Соевый соус', 'Масло кунжутное', 'Лук зеленый', 'Лук красный']","Подготавливаем продукты Нарезаем кубиком авокадо Нарезаем кубиком красный и желтый перец Капусту рвем на мелкие кусочки Зеленый лук мелко режем Готовим заправку:Соевый соус смешиваем с маринованным луком и кунжутным маслом. Можно подать салат в порционных салатниках, уложив его слоями. Сверху полить заправкой А можно просто смешать все составляющие, полить заправкой. И подать в салатнике"
Грибной суп из свежих опят,"['Опята', 'Лапша', 'Масло растительное', 'Картофель', 'Морковь', 'Лук репчатый', 'Лук-порей', 'Петрушка', 'Соль', 'Перец черный']","Шаг 1 Морковь натереть мелкой терке, лук порезать мелко. В кастрюлю налить масло, поставить ее на огонь и выложить овощи, обжарить 5-7 минут помешивая. Шаг 2 Картофель очистить и порезать мелкой соломкой. Закинуть его тоже в кастрюлю вместе с грибами и залить водой. Готовить 15 минут. После этого закинуть лапшу и варить ещё 5-7 минут. Посолить, поперчить по вкусу. Шаг 3 Порезать лук порей и обжарить его слегка на сковороде. Зелень мелко порезать. Выложить суп порционно, сверху порей и посыпать зеленью. Приятного аппетита!"
Курица в ткемали,"['Курица', 'Ткемали', 'Соевый соус', 'Уксус', 'Соус', 'Табаско', 'Масло оливковое', 'Картофель', 'Приправа']","Приготовить маринад из соевого соуса и ткемали. Добавить в него чуть вустерширского соуса, красного бальзамического уксуса для вкуса, пару капель табаско или другого соуса чили и оливковое масло. Хорошо перемешать. Если необходимо, посолить. Хорошо натереть этим соусом курицу. Посыпать смесью прованских трав. Мариновать минимум 1 час. Картошку очистить, отварить минуты три в слегка подсоленной воде. Курицу выкладываем на противень, поливаем остатками маринада. Запечь курицу в духовке, постоянно поливая выделившимся соком, около 30 минут. Добавить на противень картофель. Запекать еще минут 30 (время запекания зависит от веса курочки)."
Лапша с грибами,"['Лапша', 'Шампиньоны', 'Лук репчатый', 'Морковь', 'Масло растительное', 'Специи']","Обжарить лук Добавить морковь и потушить с луком Порезать грибы пластинками и добавить к луку с морковью Добавить лапшу Обжарить лук с морковью, добавить грибы и потушить минут 10. Налить воды и засыпать лапшу, готовить до готовности лапши. В процессе приготовления надо следить, чтобы лапша не пригорела ко дну сковородки. ( надо будет добавить воды или масла)"
Икра из цветной капусты,"['Капуста цветная', 'Морковь', 'Лук репчатый', 'Помидор', 'Чеснок', 'Масло оливковое', 'Соевый соус', 'Специи', 'Перец черный', 'Перец сладкий красный']","Морковь почистить, помыть и нарезать мелкими кубиками (можно натереть на крупной тёрке). Лук почистить, помыть и нарезать мелкими кубиками. Я буду готовить икру в мультиварке, но можно и в обычной кастрюльке или сковороде. Итак, в чашу мультиварки выложить нарезанные лук и морковь, добавить оливковое масло и тушить 15-20 мин. Цветную капусту разобрать на соцветия (можно использовать замороженную), варить в кипящей воде 5 -7 минут. Отварную цветную капусту откинуть на дуршлаг и мелко порезать. Добавить нарезанную цветную капусту к луку с морковкой. Помидоры помыть, чеснок почистить, помыть и поместить их в блендер, измельчить. Перелить томатную массу в мультиварку, добавить прованские травы, молотый красный и черный перец. Затем добавить легкий соевый соус Kikkoman. Хорошо перемешать и тушить еще 10-15 мин. Готовую икру можно подавать к столу Она получается очень нежной и ароматной!!! Вкусно как в тёплом, так и в холодном виде Приятного аппетита!!!"
Овощной салат с сырными шариками,"['Огурец', 'Помидор', 'Руккола', 'Соль', 'Горчица', 'Сок лимонный', 'Мед', 'Перец чили', 'Масло растительное', 'Сыр твердый', 'Яйцо куриное', 'Майонез', 'Паприка сладкая']","Огурец и помидор моем и нарезаем. Огурец тонкими кольцами, помидор полукольцами. Осуществить нарезку мне помог кухонный комбайн GALAXY GL2300. Моем рукколу, обсушиваем бумажным полотенцем, рвём или режем, соединяем с помидорами и огурцом. Делаем заправку. Соединяем сок лимона, горчицу, мёд, хлопья перца чили, соль и растительное масло, перемешиваем. Заправляем овощи заправкой, аккуратно перемешиваем. Готовим сырные шарики. Измельчаем сыр. Я использовала для этого кухонный комбайн GALAXY GL2300. Также измельчаем вареное яйцо с помощью кухонного комбайна GALAXY GL2300. Добавляем к сыру и яйцу майонез. Перемешиваем массу и делаем шарики размером с грецкий орех. На сервировочное блюдо кладём салат, сверху на овощи кладём сырные шарики. Посыпаем сверху паприкой. Счастливого Нового года! В приготовлении этого салата мне очень помог кухонный комбайн GALAXY GL2300 Практически весь процесс приготовления салата был с его помощью: нарезка огурцов и помидоров, измельчение сыра и яиц."
Вкусные щи в мультиварке,"['Говядина', 'Лук репчатый', 'Морковь', 'Помидор', 'Капуста белокочанная', 'Картофель', 'Соль', 'Перец черный', 'Лист лавровый', 'Масло подсолнечное']","Включаем мультивару на режим ""Выпечка"" 40 мин. На дно наливаем масло, засыпаем нарезанный лук. Закрываем крышку. Режем мясо маленькими кусочками. Засыпаем в мультиварку и закрываем крышку. Чистим и трем на крупной терке морковку. Добавляем к луку с мясом, закрываем крышку. Оставляем до окончания программы. Тем временем подготавливаем капусту (нарезаем соломкой), помидор (мелко режем) и картошку (нарезаем кубиками). После сигнала об окончании программы, закладываем капусту, помидор и картошку (чаша заполнена немного ниже максимальной отметки), заливаем водой до максимальной отметки, добавляем соль и специи. Выставляем программу ""Тушение"" на 1 час 30 мин. После сигнала - Приятного аппетита!"
Грибной суп,"['Грибы', 'Лук репчатый', 'Морковь', 'Картофель', 'Бульон', 'Сметана', 'Сыр плавленый', 'Соль', 'Перец черный', 'Лист лавровый', 'Зелень', 'Масло растительное']","Луковицу чистим, мелко режем, пассеруем на растительном масле, морковку натереть на крупной терке, добавить к луку, грибы режем, добавляем к луку и моркови, все это протушить, добавить три ложки сметаны, еще немного протушить. В это время бульон довести до кипения, добавить в него нарезанную картошку, когда картошка почти готова, солим, добавляем грибы, лавровый лист, специи, плавленый сырок натереть на терке, всыпать в суп, размешать, добавить зелень, суп готов. Приятного аппетита!"
"Пирог с меренгой, орехами и шоколадом","['Вода', 'Молоко', 'Мука пшеничная', 'Сахар', 'Соль', 'Масло сливочное', 'Яйцо куриное', 'Дрожжи', 'Белок яичный', 'Ванилин', 'Орехи грецкие', 'Шоколад темный', 'Желток яичный']","Дрожжевое тесто я замешиваю с помощью хлебопечки, но можно тесто замесить и обычным способом. В ведерко хлебопечки наливаем теплую воду и молоко, добавляем дрожжи, оставляем минут на 5-10. Добавляем просеянную муку, сахар, соль, яйцо, размягченное сливочное масло, помещаем ведерко в хлебопечку, включаем режим замеса теста. После замеса тесто перекладываем в миску, накрываем пленкой и убираем в теплое место до увеличения теста в объеме в 2-3 раза. В это время приготовим начинку. Грецкие орехи порубить ножом. Шоколад порезать на кусочки. Орехи и шоколад перемешать в одной миске. Когда тесто увеличится в объеме в 2-3 раза, готовим безе. Белки должны быть комнатной температуры. Взбиваем в миске белки со щепоткой соли на низкой скорости в течение 30 секунд. Затем взбиваем белки на большой скорости, добавляем ванилин, снова взбиваем. По одной столовой ложке добавляем сахар, продолжая взбивать, пока не получится блестящая устойчивая пена. Тесто перекладываем на стол, хорошо уминаем. Раскатываем тесто в прямоугольник размером примерно 50*30 см. Если тесто прилипает, можно стол чуть посыпать мукой. На тесто выкладываем взбитые белки с сахаром, Распределяем их по поверхности теста, отступая от края примерно 2-3 см. Затем посыпаем орехами и шоколадом. Сворачиваем тесто в рулет, защипываем край по шву. Соединяем концы рулета, тщательно защипывая тесто. Противень нужно застелить бумагой для выпечки. Аккуратно перекладываем пирог на противень швом вниз. Накрываем пирог пленкой и даем увеличиться в объеме в 1,5-2 раза. Острым ножом, а лучше кухонными ножницами делаем надрезы вдоль внешнего края. Смазываем пирог взбитым желтком. Выпекаем пирог в духовке при температуре 180 градусов примерно 25-30 минут до золотистого цвета. Даем пирогу остыть. Приятного Вам аппетита!"
Салат из фасоли с пекинской капустой,"['Фасоль', 'Капуста пекинская', 'Огурец', 'Перец болгарский', 'Шампиньоны', 'Масло растительное', 'Зелень', 'Перец чили', 'Петрушка', 'Масло кунжутное', 'Соевый соус', 'Уксус', 'Сахар', 'Соль', 'Смесь перцев']","Для приготовления берём белую фасоль, я использовала Агро-Альянс. Хорошо промываем, можно замочить заранее на ночь в воде. Заливаем водой в соотношении 1 : 3, доводим до кипения и варим на медленном огне до готовности. Я варила 75 минут. Шампиньоны моем, обсушиваем, режем пластинками. Обжариваем на растительном масле до румяности. Кладём шампиньоны к остывшей фасоли. Овощи моем, чистим. Пекинскую капусту тонко шинкуем. Огурец режем тонкими полукольцами. Перец (у меня - жёлтый) режем тонкими полосками. Кладём все овощи к фасоли с грибами. Делаем заправку. Смешиваем растительное и кунжутное масло, рисовый уксус, соевый соус, сахар, соль, петрушку, перец чили и смесь перцев. Заправляем салат заправкой, перемешиваем. При подаче при желании посыпаем рубленной зеленью. Поститесь с удовольствием!"
Шоколадно - капуччиновое  печенье,"['Мука пшеничная', 'Разрыхлитель теста', 'Сода', 'Масло сливочное', 'Сахар', 'Мед', 'Соль', 'Яйцо куриное', 'Кофе натуральный', 'Фундук', 'Шоколад молочный']","Масло взбить в миксере до кремового состояния, добавить сахар, мёд, соль и продолжать взбивать, чтобы сахар растворился. Добавить яйцо, кофейный (добавила шоколадный) экстракт и растворённый в 1 ст. л. горячей воды кофе, продолжать взбивать ещё 3 минуты. Просеять муку с разрыхлителем и содой. Орехи крупно измельчить. Шоколад нарезать мелкими кусочками и вместе с орехами и мукой добавить в тесто. Взбивать ещё 2-3 минуты. Выложить тесто на пергаментнную бумагу Из теста сформировать жгутик около 6 см толщиной, завернуть в пищевую плёнку и поставить в холодильник на 2 часа. Духовку разогреть до 170°C. Тесто нарезать кружочками около 1 см толщиной, выложить на противень, выстланный пергаментной бумагой. Выпекать 12 минут или же ориентируйтесь на свою духовку. На заднем фоне видно пробные, то есть каждая духовка печет по своему. Но я осталась недовольна, что форма печенья не сохранялась круглой. И я решила сделать по такому методу. Нарезала и положила в формочки фольговые. Как думаете, запатентовать мне этот способ в этих печеньях ;-) :-D. Вышли идеально ровные, но надо дать им полностью остыть в форме, слегка отодвинув от края. На первом плане идеально ровные, на заднем фоне те, что выпекались обычным способом."
Фасоль с замороженными овощами и рисом,"['Рис', 'Фасоль', 'Овощи', 'Масло подсолнечное']","Рис тщательно промойте в холодной воде, слейте воду, рис откиньте на сито. Выложите рис в кастрюлю, залейте холодной водой из расчёта 2 стакана воды на 1 стакан риса. При желании можно немного посолить. Доведите рис до кипения без крышки, затем уменьшите огонь и варите рис на маленьком огне почти до полного выпаривания воды. Не перемешивать., когда вода испарится с поверхности крупы, накройте кастрюлю крышкой и потомите около 5мин., затем снимите с огня и оставьте под крышкой ещё на 5 мин. Фасоль промойте, удалите поломанные и изменившие цвет бобы. Фасоль положите в глубокую кастрюльку и залейте холодной водой из расчёта 3стакана воды на 1 стакан фасоли. Оставьте на 10-12 часов в прохладном месте, что-бы не допустить закисания ( можно в холодильнике). Промойте фасоль ещё раз, положите в большую кастрюлю и залейте холодной водой, так что-бы вода закрывала фасоль на 2см. Доведите фасоль до кипения, и проварите на медленном огне 5-10 мин. Затем откиньте фасоль на дуршлаг, промойте, и снова положите в кастрюлю, залейте холодной водой, так что-бы вода закрывала фасоль на 10 см. Доведите фасоль до кипения ( без крышки), убавьте огонь, влейте 2. ст. л. масла ""Олейна"" и варите фасоль до размягчения на медленном огне. По мере необходимости подливайте кипяток. Обычно это занимает 1-2 часа. Это зависит от сорта фасоли, как и сколько она хранилась. Лавровый лист по желанию. На сковороде разогрейте масло, выложите смесь замороженных овощей и обжаривайте помешивая, 5-10минут. Добавьте к овощам рис и фасоль, специи по вкусу ( я не добавляю), перемешайте, прогрейте под крышкой пару минут и снимите с огня. Украсьте по желанию и подавайте, приятного аппетита. Всем добрый вечер, рада, что я с вами. Рецепт дебютный, я не умею фотографировать, поэтому сразу приношу извинения если фото не очень, если это повтор, тоже. Фасоль и рис я варю накануне, потом просто за 5-10мин это блюдо готовлю. Количество ингредиентов весьма условное. Рис можно заменить на булгур, тоже очень вкусно. Что касается фасоли, я знаю многие её боятся совершенно напрасно, существует 5 ""НЕ"" идеальной фасоли, если вы их знаете, у вас всегда будет очень вкусная, ароматная, размягчённая фасоль. НЕ солим., НЕ мешаем., НЕ подливаем холодную воду., НЕ закрываем крышкой и НЕ варим на большом огне. Надеюсь была полезной."
Творожно-сырный пирог,"['Яйцо куриное', 'Маргарин', 'Пиво светлое', 'Мука пшеничная', 'Творог', 'Помидор', 'Сыр твердый', 'Зелень', 'Чеснок', 'Соль', 'Перец черный', 'Сахар']","Готовим ингридиенты Маргарин мелко рубим и вливаем пиво, перемешиваем. Постепенно вводим муку и замешиваем крутое тесто. На смоченный холодной водой противень раскатываем тесто нетолстым слоем. Творог смешиваем с яйцами, добавляем чуток зелени и чеснока и кладем равномерно сверху теста. Затем кладем слой порезанных кружочками помидор. Сверху солим, перчим и сахарим и еще посыпаем зеленью. Все сверху укрываем потертым на крупной терке сыром и запекаем в духовке приблизительно 30-40 мин. ( Сегодня, когда пекла пирог, нашла в холодильнике охотничьи колбаски, я их тоже добавила)... Надеюсь, что понравится. Это блюдо чем-то пицу напоминает)"
"Шоколадные маффины ""Нежность""","['Масло сливочное', 'Сахар', 'Молоко', 'Какао-порошок', 'Яйцо куриное', 'Разрыхлитель теста', 'Мука пшеничная']","В кастрюле смешать масло, какао, сахар, молоко. Довести до кипения, помешивая, убрать с огня. Остудить. В остывшую массу добавить яйца, перемешать. Добавить разрыхлитель и муку, замесить не очень густое тесто. Формочки немного смазать маслом (у меня силиконовые, я их сбрызгиваю водой), наполнить тестом на 2/3. Поставить в разогретую до 180 градусов духовку, выпекать в течение 20-25 минут. Остывшие маффины можно смазать кремом или шоколадной глазурью. Но они уже и так потрясающе вкусные! Угощайтесь! Очень простой рецепт, но необыкновенная выпечка! Муж съедает их почти за раз, еще горячими. Думаю, если выпечь в виде коржа и смазать масляным кремом, получится потрясающе нежный торт!"
Бабушкин фруктовый пирог,"['Мука пшеничная', 'Молоко', 'Масло растительное', 'Сахар', 'Яйцо куриное', 'Сода', 'Фрукты']","Отделить желтки от белков, белки убрать в холодильник. 4 желтка и 3 /4 стакана сахара растереть до бела, влить молоко, масло, размешать, всыпать просеянную муку и соду, хорошо перемешать. Тесто вылить на смазанную маслом сковороду, печь до готовности. Пока пирог печется ягоды и фрукты нарезать небольшими кусочками. Белки и 4 столовые ложки сахара взбить в очень крепкую пену. На готовый пирог выложить в один ряд ягоды и фрукты, сверху выложить ложкой взбитые белки. Запечь до подрумянивания белков. Пошаговые фото к сожалению не сделала, но рецепт простой, мне кажется из текста все понятно. Если ягоды замороженные, то нужно заранее разморозить."
"Заправка ""Сметанная с яичными желтками""","['Сметана', 'Желток яичный', 'Лимон', 'Специи']","Яйцо сварить вкрутую. Желток перемешать со сметаной и солью. Добавить сок, выжатый из лимонного ломтика, перемешать. Соус изумительно подходит к овощным, летним салатикам. Приятного аппетита."
Джонни-кейк,"['Мука кукурузная', 'Мука пшеничная', 'Кефир', 'Сахарная пудра', 'Яйцо куриное', 'Соль', 'Масло сливочное', 'Разрыхлитель теста', 'Сода']","Смешать кукурузную и пшеничную муку, разрыхлитель, соду и соль, просеять в глубокую миску. Добавить сахарную пудру. Чтобы оладьи получились пышными, их нельзя долго перемешивать - выйдут пузырьки воздуха, поэтому чтобы сахар растворился быстро и полностью, лучше добавлять сахарную пудру. В другой миске смешать жидкие ингредиенты - кефир, яйца и половину нормы растопленного сливочного масла. Влить жидкие ингредиенты в сухие, кратко перемешать. Добавить остатки сливочного масла, еще раз перемешать и оставить тесто на 10-15 минут, чтобы кукурузная мука набухла. Тесто получается не очень густое, поэтому оладьи получаются невысокие. Если добавить муки, можно добиться пышных красивых оладий, но они станут не такими мягкими и нежными. Важно! После расстойки не перемешивайте вновь тесто, берите его столовой ложкой с краю миски, выкладывайте на сковороду и обжаривайте с двух сторон на среднем огне в небольшом количестве растительного масла. Подавать, посыпав сахарной пудрой."
"Курица ""Нанбан""","['Бедро куриное', 'Мука пшеничная', 'Крахмал', 'Масло растительное', 'Рис', 'Яйцо куриное', 'Вино рисовое', 'Соевый соус', 'Сахар', 'Уксус', 'Кетчуп', 'Имбирь', 'Лук зеленый', 'Корнишоны', 'Майонез', 'Соль', 'Перец белый', 'Петрушка', 'Горчица', 'Сок лимонный', 'Цедра лимона']","Приготовить необходимые ингредиенты. В кастрюлю для варки риса налить воду, поставить на огонь и довести до кипения. В кипящую воду добавить необходимое количество риса в пакетиках ТМ Мистраль, варить согласно инструкции до готовности. Приготовить маринад. Для этого в большой миске слегка взбить яйца, добавить рисовое вино Мирин и соевый соус. Хорошо перемешать. Сразу поясню: Мирин - это рисовое вино, которое имеет низкое содержание алкоголя и очень сладкий вкус и его не нужно путать с рисовым уксусом. Мирин можно заменить белым вином с добавлением сахара из расчета: 1 столовая ложка мирина = 2 чайные ложки белого вина + 1 чайная ложка сахара. Можно обойтись и без мирина. Куриные бедра освободить от кожи. При желании куриное мясо можно нарезать на кусочки размером около 1,5 см. Поместить в маринад, хорошо перемешать и оставить мариноваться на 5 минут. Соединить все ингредиенты для Нанбан в отдельной миске и взбить венчиком до полного растворения сахара. Приготовить соус тартар. Вареное яйцо, зеленый лук и корнишон (или маринованный имбирь) мелко нарезать. Добавить белый перец, петрушку, сок и цедру лимона, горчицу и майонез. Перемешать. Посолить по вкусу. До подачи соус убрать в холодильник. Муку смешать с крахмалом. Курицу вынуть из маринада и обвалять в мучной смеси. Удобно это делать в полиэтиленовом пакете. Хорошо разогреть растительное масло в воке или в глубоком сотейнике. Масла должно быть достаточное количество для жарки во фритюре. Добавить курицу и обжарить до золотистого цвета по 3-5 минут с двух сторон. После фритюра окунуть куски курицы в соус нанбан. К этому времени рис сварился. Пакеты вынуть из воды, надрезать и разложить рис по тарелкам. Подавать курицу с соусом тартар и рисом. Если у вас остался соус Нанбан, его тоже подайте для макания кусочков курицы. Очень вкусно! Приятного аппетита!"
Грибы с беконом,"['Грибы', 'Грудинка', 'Сливки', 'Лук репчатый', 'Мука пшеничная', 'Тмин', 'Шалфей']","Нарезать грибы на четвертинки. Лук крупными кусочками, а луковицу нашинковать. Грудинку нарезать соломкой и поджарить, когда станет прозрачной, добавить зеленый и репчатый лук и пассеровать 5 -6 мин. Положить в сковороду грибы и тушить, пока ни выпарится вода. Посыпать грибы мукой, перемешать, влить сливки и дать закипеть, посолить и поперчить."
Нут в томатном соусе на зиму,"['Нут', 'Помидор', 'Перец болгарский', 'Перец чили', 'Кабачок', 'Чеснок', 'Соль', 'Сахар', 'Уксус', 'Лук репчатый', 'Лист лавровый', 'Перец душистый', 'Специи', 'Масло растительное']","Подготовить ингредиенты для закуски. Нут указан варёный, не по весу, а по объёму, равному 700 граммовой банки. Из специй можно взять прованские травы, зиру, сухой укроп и др. Нут замочить не меньше чем на 4-5 часов и сварить до готовности, ориентируясь на инструкцию по приготовлению на пачке. Для приготовления заготовки наполнить варёным нутом банку, объёмом 700 мл. Кабачок натереть на терке, лук измельчить в блендере и отправить их в казан с маслом обжариваться на 10 минут. Если кабачок старый, то шкурку срезать и удалить семена. Пока обжаривается кабачок, помидоры и перцы измельчить блендером и, после указанного времени, выложить в казан. После закипания тушить всё вместе еще 15 минут. Добавить варёный нут, специи и готовить 40 минут. За 10 минут до готовности положить выдавленный через пресс чеснок и влить уксус. Внимание! Соль-сахар-уксус кладите по вкусу, ведь сочность и размер овощей могут быть разными. Банки и крышки постерилизовать. Разложить нут прямо из казана горячим по банкам. Перевернуть на крышку и укутать до полного остывания. Из этого количества ингредиентов получилось две банки объёмом 650 мл и пиалка на пробу. Заготовка хорошо стоит в квартире в кладовке. У меня ни разу не вздувалась крышка. Нут в томатном соусе можно есть как горячим, так и холодным. Это и гарнир, и самостоятельное блюдо, и салат. С ним можно приготовить суп или рагу."
Куриные бёдра с овощами и репой,"['Бедро куриное', 'Чеснок', 'Лук репчатый', 'Соевый соус', 'Соль', 'Перец красный жгучий', 'Масло оливковое', 'Картофель', 'Репа', 'Морковь']","Куриные бёдра нужно замариновать. Бёдра моем, обсушиваем бумажным полотенцем, кожу не снимаем. Солим и перчим, наливаем соевый соус. Соевый соус нужно взять качественный натуральный. У меня сладкий. Режем лук репчатый полу-кольцами, чеснок на ""пятачки"". Отправляем к бёдрам, наливаем ложку оливкового масла, которое можно заменить на подсолнечное. Руками всё перемешиваем тщательно, накрываем крышкой и ставим замариноваться на 30 минут хотя бы. Я сделала это на ночь и пару раз ещё перемешала. Можно взять любую форму глубокую. Я возьму глиняную D-22 см и высотой-6 см. В глиняной непокрытой глазурью посуде еда самая вкусная. Нарезаем овощи произвольно и выкладываем на низ посуды, которую предварительно смажу 1 ст л масла. Картофель молодой можно почистить от шкурки, а можно и не чистить, просто хорошо помыть щёткой. Поверх выкладываем бёдра и выливаем маринад сверху вместе с луком и чесноком. Ставим в духовку на 1 час, выставив т-180 С. Мне этого времени хватило. Ориентируй тесь по своей духовке. Если бёдра будут подгорать, а блюдо ещё не готово, то накройте посуду с содержимым фольгой. Блюдо готово. Очень ароматное и красивое. Подаём. Раскладываем по тарелкам. Вот такой вид поближе. Немного о репе: Репа – продукт низкокалорийный, богатый витаминами. Репа насыщает, но не даёт заводиться лишнему весу. Минеральные соли и эфирные масла, содержащиеся в репе, могут служить универсальным комплексом, регулирующим состояние здоровья. Неспроста появилось такое количество сказок и поговорок про репу. Этот корнеплод обладает ранозаживляющим, мочегонным, противовоспалительным, антисептическим и обезболивающим действиями. Кроме того что правильно приготовленная репа очень вкусная, она ещё и невероятно полезна. Сейчас сезон репки и её нужно включать в свой рацион. Тем, кто думает что не любит репу, нужно приготовить примерно вот так, как сделала это я. Вы просто её не узнаете в этом блюде."
Мясо на дранике,"['Свинина', 'Картофель', 'Фасоль', 'Яйцо куриное', 'Мука пшеничная', 'Сметана', 'Сыр твердый', 'Чеснок', 'Коньяк', 'Соевый соус', 'Масло растительное', 'Зелень', 'Специи']","Мясо нарезать порционными кусками толщиной 1-1,5 см, отбить и замариновать с соевым соусом, коньяком, рубленым чесноком и чёрным молотым перцем. Никаких других специй не добавлять! В этом случае в блюде будет преобладать ярковыраженный, богатый мясной аромат с аппетитной чесночной ноткой. А чтобы мясо получилось сочным солить маринад не рекомендую. Это и есть первый маленький секрет. Мариновалось мясо у меня всю ночь. Сырой картофель очистить, Натереть на тёрке (мы любим, когда на мелкой, но всё же ориентироваться при этом лучше на собственный вкус). Посолить и немного отжать. Добавить яйца и муку, Перемешать. Теперь нужно подготовить фасоль. Я слегка обжарила её на небольшом количестве масла, не размораживая. Но можно и бланшировать в кипятке 3-4 минутки. В немного остывшую фасоль добавить рубленые зелень и чеснок, сметану (но можно и майонез, по вкусу). При необходимости посолить, перемешать. Из подготовленной картофельной смеси испечь достаточно толстые и крупные драники, размером примерно как подготовленное мясо или чуть больше. Мясо обжарить на сильном огне по 1-2 минуты с каждой стороны. Выкладывать его только в хорошо прогретую с растительным маслом, желательно, толстостенную сковороду, тогда сок не успеет вытечь. Это второе, хотя и достаточно ""бородатое"" правило. В форму или противень, застеленный фольгой уложить наши драники, сверху - мясо. На мясо выложить фасоль и посыпать тёртым сыром и отправить в разогретую до 200-210 градусов духовку минуток на 15. Эврика!!! Блюдо готово! Подавала с помидорками черри! Угощайтесь! Приятного аппетита! Этот рецепт - участник акции ""Готовим вместе - кулинарная неделя"". Обсуждение приготовления на форуме: http://forum.povarenok.ru/viewtopic.php?t=3753"
"Овощная запеканка ""Доброе утро""","['Ассорти овощное', 'Крабовые палочки', 'Яйцо куриное', 'Сметана', 'Сыр твердый', 'Соль']","Овощную смесь необходимо разморозить. Нарезать крабовые палочки. На крупной терке натереть сыр. Сыр разделить на две части, одну часть мы смешаем в запеканку, вторая часть сыра нужна для вкусной корочки. При помощи венчика взбить яйца. Смешать овощную смесь, крабовые палочки, яйца и одну часть сыра. Посолить. Полученную смесь выкладываем в форму для запекания. Верх будущей запеканки обмазываем сметаной и обсыпаем оставшейся частью сыра. Отправляем в духовку на 40 минут и запекаем при температуре 180 град. Приятного аппетита!"
"Салат с черносливом ""Дамский каприз""","['Ветчина', 'Яйцо куриное', 'Огурец', 'Чернослив', 'Орехи грецкие', 'Майонез', 'Соль']","Измельчите грецкий орех, а чернослив нарежьте небольшими кусочками. Порежьте соломкой или небольшими кубиками свежий огурец и ветчину. В подготовленную салатницу выкладываем салат. Первым слоем пойдет свежий огурец. Этот слой можно немного присолить. Вторым слоем выложите кусочки ветчины. Третьим слоем будет отварное яйцо, протертое на средней терке. Далее, выложите чернослив и заправьте салат майонезом. Сверху посыпьте измельченным грецким орехом. Салат готов! Всем приятного аппетита! Этот салат я делала порционно, но можно приготовить его и в большом блюде. В таком случае, лучше всего выкладывать его слоями в той же самой последовательности, промазывая каждый слой майонезом."
Пирог с яблоком и брусникой,"['Яйцо куриное', 'Маргарин', 'Сахар', 'Сода', 'Мука пшеничная', 'Яблоко', 'Брусника', 'Сметана']","Маргарин растопить, смешать с яйцом, содой и сахаром, вымесить, добавить муку. Тесто должно получиться эластичным и мягким. В небольшую сковороду выложить все тесто и размять его по форме сковороды с невысокими бортиками. Выпекать при температуре 200 градусов в течение 10 мин. до слегка золотистого цвета. Вынуть из духовки и остудить, а в это время приготовить начинку: порезать яблоко кубиками, перемешать с брусникой. Снять пирог со сковороды, опрокинув ее на полотенце. Выложить начинку и залить сметаной с сахаром. Приятного аппетита!"
Бисквит с блинчатыми рулетами,"['Блин', 'Масло растительное', 'Творог', 'Курага', 'Изюм', 'Финик', 'Сахар', 'Яйцо куриное', 'Ванилин', 'Мука пшеничная', 'Какао-порошок']","Готовим начинку для блинов. В творог добавляем курагу, изюм и финики. Добавляем сахар и яйца, перемешиваем. Блины раскладываем в длинный прямоугольник. Распределяем начинку. Сворачиваем рулетом, нарезаем на кусочки по 4 см. Готовим бисквит. Муку просеиваем, добавляем какао-порошок. Яйца с сахаром взбиваем до увеличения в объеме 2-2, 5 раза, добавляем муку. Выкладываем тесто в форму (диаметр 32 см) Вставляем нарезанные рулеты. Выпекаем при 200* 25-30 мин."
Запечённый сельдерей с яблоками под сырным соусом из козьего сыра,"['Сельдерей корневой', 'Яблоко', 'Масло грецкого ореха', 'Сыр козий', 'Йогурт', 'Орехи грецкие']","Сельдерей и яблоки нарезать на равные небольшие кубики. Сыр перемешать с йогуртом до однородной массы. Духовку разогреть до 200 градусов. Форму смазать маслом грецких орехов, выложить нарезанные яблоки и сельдерей, полить оставшимся маслом. Запекать в течение 25 минут. Затем вынуть форму и залить сырным соусом, оставить в духовке ещё на 5 минут. Подавать блюдо горячим с грецкими орехами. Приятного аппетита, АА."
Мясо на водяной бане с травами,"['Мясо', 'Лук репчатый', 'Гвоздика', 'Зелень', 'Соль', 'Перец черный', 'Мука ржаная', 'Вода']","В глиняный горшок уложить мясо. Посолить, поперчить. Гвоздику воткнуть в луковицу и положить в горшок. Добавить в горшок пучок зелени. Из муки и воды приготовить тесто. Затем из теста скатать колбаски и запечатать им горшок. Горшок поставить в кипящую воду, таким образом, чтобы вода закрывала коршок на 2/3. Отрегулировать нагрев, чтобы вода слегка кипела. Готовить на водяной бане 3 часа, доливая воду взамен выкипающей, чтобы уровень ее был постоянным. По истечении времени приготовления снять горшок с водяной бани. Открыть крышку, и удалить луковицу с гвоздикой, а также пучок трав. Оставшееся мясо разложить на порции."
Знаменитый цветаевский пирог с малиной,"['Сметана', 'Масло сливочное', 'Разрыхлитель теста', 'Сахар', 'Мука пшеничная', 'Яйцо куриное', 'Малина']","Перед приготовлением теста и сметанной заливки стоит достать малину из морозильной камеры. За этот промежуток времени она не успеет полностью разморозиться и потечь. Для того чтобы замесить тесто, мы соединяем сахар со сметаной. Сливочное масло растапливаем, помещая миску с ним в микроволновую печь. Когда оно остынет, выливаем его к сметанной массе и хорошенько перемешиваем. Затем вымешиваем тесто, добавляя муку и разрыхлитель. Оно должно получиться приятным на ощупь и эластичным. Распределяем его по всей поверхности формы (форму смазать, я воспользовалась еще и бумагой) для выпекания с высокими бортиками. Теперь есть время приготовить сметанную заливку. Для этого смешиваем яйцо с сахаром, мукой и сметаной (творог). Активно перемешивая массу венчиком, избавляемся от комочков. После этого распределяем малину по основе пирога и заливаем ее сметанным (сметано-творожным) кремом. Помещаем пирог в духовку, разогретую до 180 градусов, примерно на 1 час (у меня заняло времени 40 минут, все зависит от духовки, нужно все же посматривать). Только после того как пирог полностью остынет, его можно переложить на блюдо. Приятного аппетита! Пирог получился очень вкусный и ароматный, повторюсь, но такой цветаевский пирог можно приготовить с любыми свежими ягодами, а также с яблоками или любыми другими фруктами."
А-ля Фитнес,"['Яйцо куриное', 'Сахар', 'Мука пшеничная', 'Крахмал', 'Семечки подсолнуха', 'Семена льна', 'Кунжут']","Отделить белки от желтков. Белки взбить с сахарам до увеличения массы в 3раза. Во взбитую массу добавить взбитые желтки. всыпать муку, смешанную с крахмалом, аккуратно перемешать. Добавить семечки подсолнуха, семена льна, кунжут. Перемешать. Противень застелить пергаментом и выкладывать тесто ложкой (оно растекается, поэтому лучше делать расстояния между печенюшками побольше) Отправить в духовку при температуре 180 градусов на 15 минут Вот такое получилось печенье )))"
Банановый крем,"['Банан', 'Молоко', 'Крахмал', 'Сахар', 'Яйцо куриное']","Мякоть бананов разделить вилкой на маленькие кусочки. Взбить миксером. Из молока, сахара и крахмала приготовить пудинг, снять его с огня, добавить яичные желтки. Охладить. Потом добавить мякоть бананов и взбитые яичные белки. Все хорошо перемешать."
"Торт ""Монастырь""","['Масло сливочное', 'Молоко', 'Мука пшеничная', 'Яйцо куриное', 'Соль', 'Сок лимонный', 'Сахар', 'Ванилин', 'Молоко сгущенное', 'Изюм', 'Варенье']","Смешать рубленое сливочное масло или маргарин 300г., яйца, соль, 1/4 ст. молока, муку, сок лимона. Хорошо вымесить тесто. Положить в холодильник на 20-30 минут. Сделать крем: яйцо взбить с сахаром и ванилином, добавить 0,5 ст. молока, муку, ванилин и 0,5 б. сгущёнки, снова взбить и варить до загустения. Остудить. В остывший заварной крем добавить оставшуюся сгущёнку и 300г сливочного масла. Взбить до густоты. Сделать жгут из теста руками и разрезать его на 16 одинаковых частей. Для начинки я смешала промытый изюм с вареньем из клубники. Каждый шарик из теста раскатать на полоски длиной около 20-22см., шириной - 7-8см. Разложить начинку, отступая от краёв, чтобы потом их загнуть. Делаем 15 трубочек, а оставшийся кусочек теста раскатываем и выпекаем для крошки. Загибаем и защипываем края. Трубочки должны быть все одинакового размера. Для этого можно использовать линейку, я всё делала на глаз. Если трубочки будут разной длины, то надо некоторые немного вытянуть, другие поджать. Выложить на противень, смазанный раст. маслом и выпекать до румяной корочки. Испёкшиеся трубочки остудить, разложить на блюде в ряд, через 1 см. друг от друга в таком порядке: 5,4,3,1. Все слои промазываем кремом. У меня получилась вот такая избушка. Верх так же смазываем кремом и посыпаем крошкой из испечённого 16-ого кусочка теста. Ставим на холод для пропитки, лучше на ночь. Испекла я этот тортик для гостей - родного брата и двоюродной сестры, которые завтра приедут из Саратова ко мне в гости. Завтра постараюсь загрузить разрезик тортика. Угощайтесь, приятного аппетита! Как обещала, вот вам и разрезик. Получилось очень вкусно!"
Малиновый десерт с безе,"['Малина', 'Творог', 'Сливки', 'Безе', 'Сахар']","Сливки взбить. Перемешать с творогом и сахаром. Взять стаканчик и разложить слоями с малиной. Перед подачей, посыпать щедро, разломанным безе."
Шоколадный кекс с маком из микроволновки,"['Шоколад молочный', 'Масло сливочное', 'Яйцо куриное', 'Сахар', 'Мак', 'Разрыхлитель теста', 'Мука пшеничная', 'Молоко', 'Орехи грецкие']","Шоколад и масло растапливаем Яйца размешиваем с сахаром, добавляем масло с шоколадом Добавляем разрыхлитель, молоко и муку, потом мак и тщательно размешиваем. Получается такая масса Вот и все. Форму смазываем маслом и выливаем наше тесто. Ставим в микроволновку. У меня мощность 700 Вт, поэтому поставила на 5 мин. У кого больше мощность - уменьшаем время. По истечении указанного времени микру не открываем, а оставляем наш кекс внутри еще на 5 минут дозреть. Потом достаем Сверху можно смазать чем угодно. Можете сварить глазурь. Мне было лень ее варить и я отыскала в холодильнике шоколадный плавленный сырок. Вот такой Намазала весь верх и бока кекса, посыпала грецкими орешками. Вот такой разрез. Кекс вкусный и быстрый. Приятного аппетита!!!!!!! [/img]"
"Коктейль ""Чай капитана""","['Чай черный', 'Коньяк', 'Вода', 'Сухофрукты', 'Мед', 'Лимон']","Для начала заварить 1 пакетик чёрного чая Hyleys (можно не просто чёрный, а чёрный с добавками). Оставить завариваться. Пока чай заваривается, приготовим остальные ингредиенты. Сухофрукты могут быть любые, коньяк также на ваш выбор. Положить в стакан 2 ч. л. мёда. Добавить сухофрукты и залить коньяком, размешать. За это время чай заварился (но не дать ему остыть!) и залить им коньячную смесь. Перед подачей обязательно украсить бокал долькой лимона, аромат которого, несомненно, дополнит вкус и аромат коктейля. На здоровье вам!"
"""Бедные"" вареники с сырым картофелем","['Мука пшеничная', 'Вода', 'Яйцо куриное', 'Лук репчатый', 'Сало', 'Свинина', 'Картофель', 'Соль', 'Масло сливочное', 'Перец черный']","Замешиваем пельменное тесто из муки, воды и яйца, ставим его отдыхать. Тем временем делаем начинку. Режем мелкими кубиками лук, мясо и сало. Нарезаем кубиками картофель, смешиваем с салом, луком и мясом. Солим, перчим. Начинка готова. Теперь достаем тесто, катаем из него колбаску и режем на части. Обваливаем в муке и раскатываем скалкой сочни. На каждый сочень кладем столовую ложку начинки. Защипываем края. Как манты. Смазываем маслом чашу пароварки, выкладываем туда наши вареники и ставим на 25-30 минут. До готовности картофеля. По истечении времени вынимаем, поливаем растопленным сливочным маслом. Подаем со сметаной, зеленью и соленым огурчиком. Приятного аппетита!"
Тыквенные булочки,"['Тыква', 'Яйцо куриное', 'Соль', 'Сахар', 'Дрожжи', 'Мука пшеничная', 'Масло растительное', 'Масло сливочное', 'Кунжут']","Тыкву запечь или отварить на пару. В воде лучше не варить, т к тыква даст много жидкости. Помять готовую тыкву вилкой или измельчить блендером. Добавляем к тыкве яйцо, соль, сахар, дрожжи, перемешаем. Постепенно добавляем просеянную муку, замешиваем тесто. Когда тесто начнет собираться в комок добавим подсолнечное масло и хорошо вымесим. Получается немного липковатое тесто. Смажем миску подсолнечным маслом, выкладываем тесто, накроем полотенцем и оставим в теплом месте без сквозняков для подъема. У меня тесто стояло 40 минут, потом достаём его, немного обомнём, сделаем колбаску и нарежем на равные кусочки. Из кусочков теста сформируем шарики, выложим на присыпанный мукой стол, накроем полотенцем и оставим на 15-20 минут для подъёма. Можно сразу выкладывать на противень, застеленный пергаментом. В пиалу нальем немного подсолнечного масла, во вторую насыпем кунжут. Ещё я использовала пестик от ступки, но если нет, можно просто смазывать булочки маслом. Пестик макаем в масло и потом вдавливаем в булочке ямку. Так проделываем со всеми булочками. Потом пестик макаем в масло и в кунжут и опять в булочку, у нас получается булочка посыпанная кунжутом. Я такой приём смотрела в видео рецепте, мне очень понравилось, на самом деле при выпекании булочка поднялась и ничего от этого приема не осталось, так что можете не заморачиваться, а просто смазать булочку или маслом или яйцом и посыпать кунжутом, разницы не заметите. Булочки оставляем постоять ещё 5 минут и отправляем в разогретую до 180 градусов духовку. Выпекаем 20 минут. Я оставила две булочки чтобы пожарить. Для этого проделала такие же манипуляции с маслом и кунжутом, потом выкладываю булочки на разогретую на небольшом огне сковороду. Сковороду ничем не смазываю, накрываю крышкой и жарю с одной стороны 5-7 минут. Потом переворачиваю и жарю ещё 5 минут на другой стороне под крышкой. Готовые булочки смазываем растопленным сливочным маслом и даём немного остыть. Булочки получаются очень вкусные, немного сладковатые, нежные и ароматные. К первому блюду, с молоком или чаем очень вкусно. Мои дети тыкву не любят, но эти булочки съели с удовольствием! Приятного аппетита!"
Запеканка рисовая с треской в мультиварке,"['Рис', 'Треска', 'Сметана', 'Яйцо куриное', 'Вода', 'Масло подсолнечное', 'Куркума', 'Зелень', 'Соль', 'Кожа рыбная', 'Морковь', 'Лук репчатый', 'Картофель', 'Молоко', 'Фрикадельки', 'Спагетти']","На старте имею вот такой брикет срезков филе трески, вариант недорогой, а ""мяса"" там вполне достаточно. Размораживаю его. Рис отвариваю, я в микроволновке: 1 часть риса и 1,5 части воды, немного соли, на 10 минут при мощности 900 Вт. Отвариваю до полуготовности, добавляю 1 ч. л. масла, чтобы не слипался и чуть куркумы для цвета Отделяю мякоть рыбы от кожи (зачем: мои её не кушают вовсе, будут искать её в рыбном слое, это точно. Она не пропадет, однако, а превратится в бульон. Если нет принципиальных домочадцев/гостей, можно смолоть вместе с кожей). Превращаю её в фарш блендером (отлично с этим справится мясорубка). На выходе имеем примерно 650 г фарша. В рыбный фарш добавляю сметану и зелень, перемешиваю хорошо В смазанную маслом чашу выкладываю половину риса, затем рыбный фарш (350 г уходит в запеканку, остальное я приберегла для фрикаделек. Для применения всего фарша в запеканку лучше увеличить и количество риса) Разравниваю рыбный слой, сверху кладу оставшийся рис. Затем взбалтываю 2 яйца и понемногу, равномерно выливаю смесь в чашу. Ставлю на ""Выпечку"" на 40 минут. Время приготовления зависит от мощности, следите. Через 15 минут от начала приготовления смазываю поверхность запеканки майонезом (у меня домашнего приготовления, соус ""Юлия"" http://www.povarenok .ru/recipes/show/341 05/, рекомендую) По окончании приготовления запеканку извлекаем при помощи вставки для варки на пару - можно сразу подавать, хотя и в холодном виде она мне очень понравилась! Обещала бюджетный обед, - пожалуйста! Вот что предлагаю сделать с кожей, оставшейся после отделения рыбной мякоти: заливаю её 800 мл воды и варю 1 час на программе ""Суп"" Готовлю зажарку: морковь и лук обжариваю на программе ""Жарка"" 7-8 минут (на фото значительно больше, чем по 60 г, это впрок ;-) ) Две средние картофелины чищу и нарезаю кубиком Готовлю фрикадельки в суп: в отложенные примерно 250 г фарша добавлю 1 яйцо, перемешаю Леплю небольшие фрикадельки, в которые втыкаю сломанные пополам спагетти (у меня вставлено только по 3 штучки, можно больше). Вот так осьминоги! В приготовленный и процеженный бульон добавляю зажарку и картошку Вливаю стакан молока Выкладываю в чашу с супом ""осьминогов"" А вот ещё столько мякоти я сняла со сваренной кожи, её тоже - в чашу. Пусть супчик ещё поварится, минут 30 (нужно чтобы фрикадельки и спагетти в них приготовились). По окончании варки суп подсаливаю, можно добавить свежую и сушеную зелень, а у меня - сухая измельченная ламинария (обогащаем рацион!) По окончании варки суп подсаливаю по вкусу, добавляю сушеную измельченную ламинарию (обогащаем рацион!), можно добавить свежую или сушеную зелень. Нехитрый суп, почти из топора ;-) П. С. Несколько фрикаделек я выловила из супа и выложила к салату, приготовленному тут же http://www.povarenok .ru/recipes/show/117 120/. Так что из того же количества ""сырья"" можно получить и третье блюдо"
Миндальное печенье с дольками лимона,"['Масло сливочное', 'Яйцо куриное', 'Миндаль', 'Сахарная пудра', 'Мука пшеничная', 'Цедра лимона', 'Сок лимонный', 'Сахар', 'Желток яичный', 'Лимон']","Сливочное масло взбить с яйцом. Всыпать сахарную пудру, лимонную цедру, перемешать. Затем миндаль (перемолоть в кофемолке), просеянную муку и сок лимона и снова перемешать. Разделить тесто на две части и сформировать колбаски диаметром 5 см. Завернуть в пленку и убрать в холодильник на 3 часа. Духовку разогреть до 180*С. Тесто нарезать на кружочки толщиной 4 мм. Чтобы были ровные кругляшки, использовала донышко стаканчика. Выложить на противень и смазать желтком. Лимоны тщательно помыть под горячей водой и обтереть полотенцем. Нарезать на очень тонкие дольки 1-2 мм и выложить на печенье сверху. Посыпать сахаром. Если у лимона грубая цедра, можно снять, чтобы не мешала при поедании ;-):-) И выпекать 12-15 минут. Остудить и, по желанию, присыпать сахарной пудрой."
Аджика кавказская,"['Помидор', 'Перец сладкий', 'Чеснок', 'Перец чили', 'Соль', 'Сахар', 'Уксус']","Все ингредиенты пропустить через мясорубку с мелкой решеткой. Выложить смесь в эмалированную посуду, добавить 3 столовые ложки соли, 1 столовую ложку сахара, 300 мл 6% уксуса (либо 150 мл 9. Все тщательно перемешать деревянной ложкой. Оставить на ночь. Утром слить выступившую воду. Аджику переложить в банки и накрыть крышкой. Аджика получается жидковатой, но очень вкусной. Если вам не нравится очень острая аджика, можно добавить только 200 г острого перца."
"Торт ""Хрюша""","['Яйцо куриное', 'Сахар', 'Мука пшеничная', 'Сметана', 'Сок', 'Сливки', 'Фундук', 'Изюм', 'Драже']","Яйца и сахар взбиваем до устойчивой белой массы. Всыпаем муку, перемешиваем. Получившееся тесто выкладываем на противень столовой ложкой в виде лепешек. Выпекаем при температуре 220 градусов около 4-5 мин. Крем : сметана + сахар + сок - взбиваем. Обмакиваем в крем лепешки и формируем фигуру поросенка. Обматываем фигуру пищевой пленкой и ставим для пропитки на 12 ч в холодильник. Достаем, снимаем пленку. Обмазываем кремом. Обозначаем ушки и хвостик. Шоколадом обозначаем глазки, носик и копытца. Зрачки - фундук в шоколаде, ноздри - изюм в шоколаде, язычок - драже. Оформляем кремом. Наш Хрюша готов!"
Шоколад в шоколаде,"['Шоколад молочный', 'Масло растительное', 'Цедра апельсина', 'Сок апельсиновый', 'Шоколад темный', 'Сливки', 'Изюм']","Изюм замочите в горячей воде на несколько минут. Промойте, обсушите на салфетке. Форму (8х26 см) выстелите бумагой для выпечки, оставляя свисать 2 см по каждой длинной стороне. Половину молочного шоколада (100 г) растопите в микроволновке на максимальной мощности. Это займет 1-2 минуты. Перемешивайте после каждых 30 секунд. Добавьте 1 ч.л. растительного масла, размешайте до однородности. Шоколад вылейте и равномерно распределите по дну подготовленной формы. Уберите на 20 минут в холодильник, чтобы застыл. Тем временем в кастрюле на слабом огне соедините цедру и сок апельсина, темный шоколад, сливки и изюм. Нагревайте, помешивая, 3-4 минуты, пока шоколад не расплавится. Оставьте на 10 минут, чтобы масса остыла. Затем вылейте ее в форму поверх молочного шоколада. Уберите в холодильник на 1 час, чтобы начинка схватилась. Оставшийся молочный шоколад растопите в микроволновке так же, как и первые 100 г. Добавьте 1 ч.л. растительного масла. Вылейте в форму на начинку, разровняйте. Отправьте в холодильник на 3 часа. Готовый десерт достаньте из холодильника и оставьте при комнатной температуре на 5-10 минут. Затем нарежьте на 18 полосок и подавайте. Приятного аппетита!"
"Мясные ""розы"", фаршированные гречневой крупой","['Свинина', 'Говядина', 'Крупа гречневая', 'Шпинат', 'Специи']","Гречневую крупу от ""Мистраль"" залить стаканом кипятка, туда же сразу отправить шпинат (у меня он уже измельчен). Посолить, накрыть крышкой и укрыть полотенцем. Свинину и говядину нарезать на пласты, примерно 0,7 мл. Хорошо отбить. Пласты говядины должны быть меньше свиных. Берем один пласт, солим, перчим, выкладываем на середину другой, также солим и перчим. Выкладываем слой гречневой крупы (она постояла около 20 минут, пока шла нарезка и отбивание мяса). Закручиваем в рулет и разрезаем пополам, получается две ""розочки"". Плотно выкладываем в форму, срезом вниз. Накрываем крышкой (или фольгой) и отправляем в разогретую до 200* духовку, минут на 60. Чудесные, сытные, вкусные розочки появляются на нашем столе))) Можно подать со сметаной, в которую добавлен перемолотый шпинат и чеснок."
"Фаршированная курица ""Сладкая штучка""","['Курица', 'Рис', 'Миндаль', 'Курага', 'Масло сливочное', 'Сахар', 'Корица', 'Кардамон', 'Орех мускатный', 'Перец черный', 'Мед', 'Горчица', 'Имбирь', 'Соль', 'Перец кайен', 'Специи']","Сначала подготовим курицу: Курицу хорошенько вымыть и обсушить бумажными полотенцами. Сливочное масло растопить в микроволновке. Добавить к нему мёд, горчицу, тёртый имбирь и специи. Хорошенько перемешать. Хорошо натереть этой смесью курочку внутри и снаружи. Отставить на пару часиков. Теперь займёмся начинкой: Рис отварить почти до готовности. В большой сковороде растопить сливочное масло. Добавить сахар и растопить. Добавить миндаль и нарезанную кусочками курагу, протушить минут 7. Добавить сваренный рис и хорошенько перемешать. Добавить все специи и перемешать. Дать немного остыть. Фаршируем курочку: Курице зашить горло. Наполнить её полученной массой изнутри и под крылышками. Зашить курицу снизу и переложить её в форму. Мёд снова смешать с горчицей и специями и натереть сверху курочку. Накрыть фольгой и отправить в разогретую до 180-200 градусов духовку где-то на час. Снять фольгу, немного убавить температуру и запекать до красивой корочки, время от времени поливая выделяющимся соком. Вот и всё!!! ПРИЯТНОГО АППЕТИТА!!! НЕБОЛЬШОЙ СОВЕТ: Курочку лучше запекать на пузике, попкой кверху - тогда она, даже если очень захочет, то не треснет. Курочка получилась мягкая, нежная и сочная. Начинка необычная, но вкусная, даже мужу понравилось, хотя он не любитель таких комбинаций"
Баранья нога в клюквенном маринаде,"['Клюква', 'Базилик', 'Петрушка', 'Соль', 'Сахар', 'Баранина', 'Апельсин', 'Вино красное полусладкое', 'Чеснок', 'Специи']","СОУС... Клюква+базилик+петрушка+вино - на плите довести до кипения. Добавить соль, сахар и 5 мин. потомить на слабом огне... Снять цедру с помощью мелкой терки с половины апельсина и добавить к кипящему соусу... Оставить на 2-3 мин... Половину апельсина нарезать дольками и томить 5 мин. на слабом огне, помешивая [:-} [:-} [:-} Получившийся соус протираем через сито, раздавим 1 зубчик чеснока и добавим приправку для мяса *DANCE* Промываем мяско в холодной воде и половиной соуса хорошо сдабриваем всю ножку барана.. С каждой стороны делаем по 3 прокола вертикальных, промазываем соусом и фаршируем оставшимся чесноком по 0,5 шт. в каждый вертикальный прокол *BYE* кровожадненько вышло, да? *PARDON* *PARDON* *PARDON* В предварительно разогретую духовку ставим мяско, упакованное в пакет для запекания или фольгу, на 1,5 часа при 180*С, потом снижаем температуру до 160* и оставляем еще на 1,5-2 часа *WASSUP* Не забываем сделать 5-6 надрезов для выхода лишнего пара... Достаем... Подаем... Разламываем... Можно кушать губами *CRAZY* это очень нежное мяско *YES* Оставшуюся половину соуса разлить в соусницы и подать к мясу *DRINK* *DRINK* *DRINK* [size=18 ]Приятного аппетита!!![/size]"
Пирог с курицей,"['Мука пшеничная', 'Кефир', 'Яйцо куриное', 'Маргарин', 'Соль', 'Сода', 'Курица', 'Картофель', 'Лук репчатый', 'Сахар', 'Перец черный']","Маргарин растопить. Смешать его с 2 стаканами муки. Кефир и яйца взбить, добавить соль, сахар и соду (не гасить). Соединить масляную и кефирную смесь. Замесить тесто постепенно добавляя оставшуюся муку. Курицу порезать на кусочки. Картофель очистить и нарезать кружочками. Лук нарезать кольцами. Тесто разделить на две части. Из одной половинки раскатать пласт и выложить его на смазанный маслом противень. На тесто равномерно разложить начинку. Посолить и поперчить. Оставшееся тесто раскатать и накрыть им пирог. Края защипнуть. Выпекать при температуре 200 градусов 40 минут. Пирог подавать с куриным бульоном. Приятного аппетита!"
"Йеменская приправа для супа ""Хаваедж""","['Куркума', 'Кориандр', 'Кардамон', 'Кумин', 'Перец черный']",Смешать все специи и засыпать в баночку с плотно закрывающейся крышкой.
Маринованная капуста за сутки,"['Капуста белокочанная', 'Морковь', 'Чеснок', 'Масло растительное', 'Уксус', 'Сахар', 'Соль']","Насобирать по сусекам ингредиентов. Нашинковать капусту, да помельче. Нашинковать чеснок и морковь. Добавить к капусте. Довести до кипения рассол из растительного масла, уксуса, сахара и соли. Залить горячим рассолом капусту. Перемешать, поставить сверху груз (или просто накрыть тарелкой). Закрыть крышкой и в тёплое место на сутки. Через сутки открыть крышку, снять груз, перемешать содержимое и использовать по назначению. Съесть, заморозить как полуфабрикат на зиму, добавить в борщ."
Банановый пирог с кунжутом,"['Банан', 'Сахар', 'Яйцо куриное', 'Разрыхлитель теста', 'Мука пшеничная', 'Масло растительное', 'Йогурт', 'Кунжут']","Бананы брать спелые, очистить от кожуры, добавить сахар и тщательно пюрировать. Добавить яйца и масло, взбить около минуты. Добавить йогурт и взбивать на сильных оборотах миксера ещё минуту. Всыпать муку и разрыхлитель. Взбить совсем не много. В форму для выпечки (24 см) вылить тесто, сверху рассыпать кунжут. Выпекать при 180 гр около 50 минут. Ориентируйтесь на сухую деревянную шпажку. Приятного аппетита!!!"
Макароны с кабачками,"['Ветчина', 'Кабачок', 'Лук репчатый', 'Вино белое сухое', 'Молоко', 'Сыр твердый', 'Базилик', 'Соль', 'Перец черный']","1. Сварить макароные изделия в воде с 1 ст. л. соли. 2. В оливковом масле поджарить мелко порубленный лук, добавить порезанные кружочками кабачки, помешивая поджарить и немного потушить 2М. Для мясного варианта мы уже поджарили кусочки ветчинки, копченого окорока, сосисек 3. Далее, для варианта в винном соусе добавить полстакана белого сухого вина и оставить тушить в нем, помешивая, пока вино не испарится 3С. Для варианта в сливочном соусе добавть около стакана густого молока и тоже, постоянно помешивая тушить в нем почти до готовности, добавить базилик, немного тертого сыра ВНИМАНИЕ: во всех вариантах кабачки нужно оставить хорошо протушиться, добавляя, если нужно, немного воды в которой сварились макароны и закрывая на время крышкой. Когда кабачки готовы 4. Добавить постепенно, пригоршнями, сваренные макароны, хорошо перемешивая, когда все макароны добавлены оставить их несколько минут хорошо пропитаться соусом. Посыпать базиликом. Посыпать тертым сыром ( пармезаном желательно) при подаче Винный вариант можно усилить ветчиной, копченым окороком, сосисками, Но сливочный вариант не рекомендуется усилять ничем, кроме, при желании, козьего сыра."
"Салат ""Океан""","['Сельдь', 'Огурец', 'Горошек зеленый', 'Лук репчатый', 'Майонез']","Сначала лук очистим, порежем тоненькими полукольцами и замаринуем в воде с уксусом и сахаром. Отложим на 20 минут. А тем временем почистим и разделаем нашу селёдочку:-) Порежем её небольшими кубиками. Свежий огурчик почистим и тоже порежем кубиками. Так же поступим и с маринованным огурцом. Добавим огурцы в тарелку с сельдью. Туда же добавим отжатый маринованный лучок и горошек. Добавим майонез и хорошенько перемешаем. Можно подавать! ПРИЯТНОГО АППЕТИТА!!!"
"Картофель, запеченный с фаршированными перцами","['Перец болгарский', 'Рис', 'Фарш мясной', 'Специи', 'Яйцо куриное', 'Картофель', 'Сметана']","Отварите рис до полуготовности (я использовала рис Ориент от Мистраль) Смешайте мясной фарш с рисом, измельченным луком, солью, перцем и яйцом, хорошо вымесите фарш, несколько раз отбейте его в миске, уберите в холодильник У перца срежьте верх и низ и сделайте надрез вдоль, бланшируйте перец в кипящей воде 1-2 минуты, выньте шумовкой, остудите На получившиеся ""ломтики"" перца равномерно распределите фарш Сверните рулетиком. Если перцы по форме вытянутые, можно рулетик разрезать на 2 части Сырой картофель нарежьте очень тонкими ломтиками с помощью специальной терки Форму смажьте маслом, на дно выложите часть картофеля, слегка подсолив его Для формирования розы уложите ломтики картофеля внахлест, чуть подсолите их и сверните рулетиком, начиная с первого Фаршированные перцы и картофельную розу выложите в форму для запекания. В более простом варианте можете обойтись без розы. Просто уложите вниз картофель, а на него фаршированные перцы У меня осталось небольшое количество фарша - я сделала ""серединку"" цветка. Смажьте перцы и картофель сметаной и поставьте в духовку. Я запекала около 35 минут при температуре 170 градусов Прошу к столу!"
Драники из кабачка,"['Кабачок', 'Яйцо куриное', 'Сметана', 'Мука пшеничная', 'Сода', 'Соль', 'Перец черный', 'Сыр твердый', 'Масло растительное']","Очистите от кожицы и крупных семечек кабачок. Натрите на крупной тёрке. Лишнюю жидкость отожмите. Добавьте 2 яйца и 2 ст. л. сметаны. Перемешайте. Всыпьте муку, соль, перец и соду. Еще раз перемешайте. Натрите сыр на крупной терке. Соедините с овощной массой. Выкладывайте массу ложкой на разогретое масло. Жарьте на среднем огне с двух сторон до румяной корочки. Переложите на салфетку, чтобы впитался лишний жир. Приятного аппетита!"
Куриные грудки по-праздничному,"['Филе куриное', 'Соевый соус', 'Апельсин', 'Рис', 'Чеснок', 'Карри', 'Куркума', 'Виноград', 'Кунжут', 'Перец душистый', 'Зелень', 'Масло сливочное']","Берём охлаждённое куриное филе, моем и удаляем всё, что не нравится. Перекладываем его в миску. Добавляем перец молотый, чеснок резаный и соевый соус ""KIKKOMAN"". Оставляем филе мариноваться на 30минут. Не забываем периодически переворачивать. Замаринованное филе выкладываем на гриль-газ на 30-40мин. при среднем огне (или чуть меньше). Хорошенько посыпать кунжутом. Так же можно в духовку на 30-40мин при 180С. Посматривайте, чтобы не пересушить. Пока курица запекается, берём апельсин и выжимаем сок. Выпариваем сок наполовину. Добавим щепоточку соли и загустим соус интересным кулинарным приемом: 30 граммов сильно охлажденного сливочного масла нарежем на кубики и добавим в апельсиновый соус, сняв его с огня. Теперь энергично вмешаем охлажденное масло с помощью венчика. На ваших глазах соус приобретет матовость и гладкость. А сливочный вкус собьет резковатую апельсиновую кислинку. Теперь время добавить в соус виноград, заранее освобожденный от косточек. Пусть он просто настоится в соусе без нагрева. На гарнир можно подать и с тушёными овощами, и с любым салатом, тоже будет очень вкусно. У меня был рис. 1 стакан я окрасила с помощью 2ложек апельсинового соуса + карри + куркума, выложила, сочетая с его неокрашенным собратом. Запеченую и румяную грудку разрежем на ломтики, польем ее соусом и окружим светящимся виноградом. Обмакнём кусочек куриного филе в сладко-пряный цитрусовый соус и дополним гамму вкусовых ощущений сочной виноградинкой!!! Мммм!!! Приятного аппетита! Счастья, здоровья и удачи в Новом году!!!"
Сэндвич с сельдью и шпинатовым омлетом,"['Шпинат', 'Яйцо куриное', 'Молоко', 'Соль', 'Огурец', 'Сельдь', 'Масло растительное', 'Хлеб', 'Горчица']","Для меня шпинат - один из самых весенних овощей. И именно весной стараюсь добавлять его в меню семьи как можно чаще. У меня хранится в морозилке собственноручно выращенный в прошлом сезоне шпинат - очень удобно. Если у вас есть возможность готовить со свежим - вообще прекрасно Шпинат измельчаем, если он был заморожен - отжимаем лишний сок. Взбиваем яйцо, соль по вкусу, молоко и смешиваем все со шпинатом. Обжариваем омлет с двух сторон. Обожаю!!! Хлебушек смазываем горчичкой... ... нарезаем порционно филе сельди ... складываем сэндвич: на хлеб - шпинатовый омлет, сельдь, маринованные огурчики. Накрываем хлебом. Это очень-очень вкусно. Особенно здорово угоститься таким бутербродиком на свежем воздухе - в лесу или на берегу озера, да с горячим чаем из термоса! Наслаждаемся!!!"
"Салат ""Золотистый""","['Ветчина', 'Морковь', 'Лук репчатый', 'Огурец', 'Чеснок', 'Майонез', 'Масло растительное', 'Специи', 'Петрушка']","Лук очистите, нарежьте полукольцами и обжарьте до золотистого цвета. Пока обжаривается лук, морковь натрите на крупной терке, лучше тонкими полосками, и добавьте морковь к луку. Обжарьте все вместе до готовности моркови. Масла для обжаривания наливайте не очень много, чтобы было не жирно. Огурцы порежьте соломкой Так же порежьте и ветчину Выложите обжаренную морковь с луком в миску, добавьте туда порезанные огурцы, ветчину и петрушку, выдавите чеснок через чеснокодавилку, заправьте майонезом и хорошенько перемешайте. Выложите салат на блюдо горкой и украсьте петрушкой. Приятного аппетита!!!"
Гатлама,"['Мука пшеничная', 'Вода', 'Масло сливочное', 'Соль', 'Сахарная пудра']","Из муки, воды и соли замесить тесто. Тесто раскатать как можно тоньше. Смазать растопленным сливочным маслом, свернуть рулетиком. Разрезать на кусочки, а потом как на фото. Сначала скрутить жгутиком, потом приплюснуть и сделать маленькую лепешку. Можно делать и большие, но я люблю именно так. Обжарить на растительном масле. Посыпать сахарной пудрой."
Грибной салат с кальмарами,"['Грибы', 'Кальмар', 'Сыр твердый', 'Лук репчатый', 'Масло растительное', 'Майонез']",Грибы режем кусочками (я обычно использую шампиньоны) и обжариваем на растительном масле. Кальмары отвариваем не более 5 минут и нарезаем соломкой. Мелко режем репчатый лук и обжариваем его на растительном масле. Смешиваем грибы и кальмары с обжаренным луком. Трем сыр и посыпаем им салат. Заправляем майонезом и можно ставить на стол. Внимание: можно добавить сыра чуть больше указанной нормы и вкус получиться абсолютно другой.
Киш лорен,"['Мука пшеничная', 'Масло сливочное', 'Яйцо куриное', 'Грудинка', 'Сыр мягкий', 'Сливки', 'Соль', 'Перец черный', 'Орех мускатный']","1. Просеиваем муку в миску. Руками растираем масло с мукой в мелкие крошки. Добавляем яйцо и замешиваем тесто. Формируем из массы шар, заворачиваем в пищевую плёнку и убираем в холодильник на 30 минут. 2. Раскатываем тесто диаметром как минимум на 5 сантиметров больше, чем форма. У меня форма диаметром 23 сантиметра. С помощью скалки помещаем тесто в форму для выпекания и руками формируем борта. 3. Грудинку и сыр нарезаем кубиком и выкладываем на тесто. Яйца смешиваем со сливками, солим, перчим и заливаем пирог. Посыпаем мускатным орехом и ставим выпекать в духовку при температуре 160 градусов по Цельсию, на 40 минут. 4. Достаём из духовки и через 10 минут можно подавать к столу. Спасибо, что смотрели и читали мой рецепт. Всем пока и приятного аппетита."
Рождественский апельсиновый кекс,"['Апельсин', 'Сок апельсиновый', 'Цедра апельсина', 'Шоколад темный', 'Ванилин', 'Корица', 'Имбирь', 'Орех мускатный', 'Разрыхлитель теста', 'Масло сливочное', 'Мука пшеничная', 'Сахар', 'Яйцо куриное']","1. С одного апельсина снимаем цедру. Затем апельсины очищаем (счищаем полностью белую часть апельсина) и нарезаем на колечки толщиной примерно 5мм. Оставляем часть апельсина и выжимаем 3 ст. л. апельсинового сока. 2. Растапливаем сливочное масло и даём ему остыть до 40 гр., затем в масло добавляем апельсиновый сок и цедру. 3. Яйца взбиваем с сахаром до увеличения массы в объеме, на самой быстрой скорости миксера, у меня на это ушло 5 мин. 4. Смешиваем муку с пряностями и разрыхлителем, перемешиваем. 5. Шоколад измельчаем при помощи ножа на небольшие кусочки. 6. Миксер ставим на самую маленькую скорость и частями добавляем сначала масляную смесь, а затем мучную ( я добавляла по 3 ст. л. масляной смеси и по 4 ст. л. мучной смеси). Вымешиваем до соединения ингредиентов. Долго вымешивать не нужно. Выключаем миксер и добавляем шоколад. 7. Дно формы для выпечки смазываем сливочным маслом и выкладываем кружочки апельсина. Диаметр формы 18 см. 9. Духовку разогреваем до 175 гр. и ставим форму с тестом примерно на 30-45 мин. Выпекаем до сухой зубочистки. Время выпекания может меняться в зависимости от вашей духовке! 10. Готовый кекс достаём из духовке, даём немного остыть. 11. Извлекаем кекс из формы. Вот такой красавец кекс получается. А какой у него аромат не передать словами. А вот так кекс выглядит на разрезе. Всем приятного чаепития!"
Барашек для пасхального стола,"['Мак', 'Тесто дрожжевое', 'Сахар']","Рецепт моего теста можно взать на сайте http://www.povarenok .ru/recipes/show/241 08/ Кусочек теста раскатать в тонкий длинный пласт. Смешать мак и сахар, выложить на тесто. Начинка может любой - по вашему вкусу. Скатать в рулет и нарезать на дольки шириной 1-1,5 см. Раскатать тесто в пласт. Вырезать из бумаги шаблон барашка. С помощью шаблона вырезать из теста барашков. Выложить барашков на противень и cмазать водой. К голове приклеить ухо. При желании прикрепить изюмину-глаз. Hа ""тело"" барашка уложить рулетики вплотную друг к другу. Смазать яйцом. Поставить в духовку на 40 минут. Температура 200 градусов. Вынуть из духовки барашков и смазать маслом."
Салат с брокколи,"['Брокколи', 'Огурец соленый', 'Лук репчатый', 'Сыр твердый', 'Уксус', 'Масло оливковое', 'Соль', 'Перец черный']","Брокколи помыть, нарезать крупными соцветиями. Кипящую воду, подсолить и отправить туда брокколи, варить 3 минуты. Откинуть на дуршлаг, дать немного остыть. Потом нарежем брокколи на мелкие соцветия, если вам нравится покрупнее, делайте по своему вкусу. Добавляем мелко нарезанные огурчики, лук. Если хотите добавляйте уксус или лимонный сок. посыпаем натертым на мелкую терку сыром, немного оставим для посыпки, заправим оливковым маслом или майонезом, перемешаем. Посыпаем оставшимся сыром и подаем. Салат легкий и очень вкусный. Если вам хочется добавить или убрать какой-то ингредиент по своему вкусу - пожалуйста! Брокколи я не очень люблю, а в этом салате ем с удовольствием. Приятного аппетита!"
Салат с угрём,"['Угорь', 'Листья салата', 'Помидоры черри', 'Перец болгарский', 'Огурец', 'Лук зеленый', 'Соевый соус', 'Масло оливковое', 'Бальзамик', 'Кунжут']","Подготовим наши ингредиенты. Всё хорошо помыть... На блюдо выкладываем листья салата. Огурцы нарезаем слайсами, закручиваем и выкладываем сверху. Перец нарезаем длинными пластинами. Нарезаем зелёный лук. И посыпаем луком сверху. Помидоры выкладываем по краю блюда. И в произвольном порядке выкладываем кусочки угря. Приготовим заправку для салата. Смешаем масло, соевый соус, бальзамик. И польем наш салат. Сверху посыпаем кунжутом. Наш салат готов! Приятного аппетита!!! Морской угорь, помимо ни с чем несравнимого вкуса, является источником жирных кислот Омега-3, а также натрия и калия, необходимых для здоровья. Мало кто знает, что в Японии популярность на мясо угря возрастает ближе к лету, так как угорь способствует снятию усталости в жару и помогает японцам лучше переносить жаркий летний период. Рыбий жир, содержащийся в мясе морского угря, предотвращает развитие сердечно-сосудистых заболеваний."
Свинные ребра и ножка на пиве,"['Нога', 'Ребра свиные', 'Соль', 'Смесь перцев', 'Чеснок', 'Водка', 'Пиво светлое', 'Масло растительное', 'Розмарин']","Свинную ножку и ребра отварить в пароварке в течение 30 минут в режиме ""мясо"". Пока варятся, приготовить соус для обмазывания. Смешать соль, перец с зернами горчицы, давленый через пресс чеснок, водку и масло. Обмазать этим соусом ногу и ребра, дать постоять еще 30 минут. В отделение Flavоr Booster влить пиво и добавить розмарин. Положить мясо в корзину пароварки, поставить режим ""мясо"". Мясо готовить в течение 2 часов. НЕ ЗАБЫВАЙТЕ ДОБАВЛЯТЬ ВОДУ В ПОДДОН!"
Паштет из баклажанов и творога,"['Помидор', 'Лук красный', 'Баклажан', 'Творог', 'Соевый соус', 'Соль', 'Масло растительное', 'Чеснок', 'Базилик', 'Петрушка']","Помидор обдать кипятком и снять с него шкурку. Лук, баклажан и помидор порезать маленькими кубиками. Помидор и баклажан присолить, и оставить на 10 минут. Таким образом из баклажана уйдет горечь, а помидор просолится и даст еще более выраженную овощную кислинку в паштете. Обжарить овощи на 1 столовой ложке растительного масла. Во время жарки добавить 1 столовую ложку соевого соуса Киккоман и любимые специи ( у меня молотый красный острый перец) Когда овощи будут полностью готовы, то перекладываем их в миску, добавляем прям в горячие овощи творог и пюрируем погружным блендером до однородного состояния. Выдавливаем чеснок Добавляем мелко порубленные базилик и петрушку, хорошо перемешиваем. Перекладываем в баночку, охлаждаем и наслаждаемся! Очень вкусно, рекомендую."
Шоколадно-рисовый рулет,"['Рис', 'Вода', 'Шоколад молочный', 'Сахар коричневый', 'Куркума', 'Мак', 'Малина']","Круглый рис от Мистраль ""Италика"". Рис хорошо промыть до чистой воды. В промытый рис налить воду и варить до готовности минут 20. В варенный рис насыпать сахар, куркуму и перемешать. Добавить промытый мак. Хорошо рис перемешать. 1/3 часть риса отложить в другую миску, добавить свежую, протёртую малину и перемешать. На фольгу насыпать четыре горсти кувертюра белого и чёрного. ( Лучше, если шоколад будет тёртый ). На кувертюр выложить горячий рис и разравнять ладонью обмакнув её в холодную воду, чтобы рис к ладони не прилипал. На край риса выложить рис смешанный со свежей протёртой малиной и закрутить рулет. Кувертюр растает и убрать его уже остывший в морозилку минут на 15 - 20. Не ровные края рулета с обоих сторон обрезать. И нарезать на 12 частей. Подать рулет с протёртой малиной. Нежный рулет. Ароматный и очень вкусный! ."
Перепелки с карамельными апельсинами,"['Перепел', 'Апельсин', 'Сахар коричневый', 'Базилик', 'Чеснок', 'Масло оливковое', 'Мед']","Для получения вкусного мяса необходимо замариновать перепелов на 8-12 часов. У нас свои перепела - видела, продают в сто.. не. Выжимаем сок 1-2 апельсинов, режем чесночок, добавляем перец, оливковое масло и мед. Все хорошо перемешиваем. Перепелов потрошенных, вымытых заливаем соусом и в холодильник. Итак, на след. день перекладываем замаринованные тушки в керамическую посуду, закрываем фольгой и на 30-40 минут на 190-200C. Пока мясо готовится приступим к приготовлению апельсинов в карамели. Дичь (перепела) отлично сочетаются с тростниковым сахаром. Высыпаем сахар на сухую сковороду, даем расплавится, добавляем немного воды, возникают большие пузырьки - насыпаем горсть базилика и кладем нарезанные апельсины. Переворачиваем, готовим минут 5. А в то время снимаем фольгу и оставляем на 5 минут перепелов зажариться до золотистой корочки. Остатки сахарного сиропа выливаем к перепелам и... Говорят, что на 1 человека достаточно 3 перепелок - мой 4х летний сын раскусил четырех и даже глазом не моргнул) Нарядное, царское блюдо на главный праздник Пасху! Христос Воскресе!"
Свинина в сливочном соусе,"['Свинина', 'Вино белое сухое', 'Сливки', 'Соевый соус', 'Масло растительное', 'Лук репчатый', 'Чеснок', 'Розмарин', 'Шафран', 'Петрушка']","Мясо моем и просушиваем полотенцем. (я брала три стейка на косточке по 250гр. каждый, можно взять мякоть и нарезать на небольшие порционные куски) Лук и чеснок нарезаем. Розмарин промываем. В глубоком сотейнике или кастрюле с толстым дном, подходящей для запекания в духовке, разогреваем масло, и обжариваем по отдельности куски мяса, до образования красивой корочки. Складываем обжаренные куски на тарелку. В оставшемся на сковороде жире обжариваем лук, чеснок и розмарин. Когда лук станет прозрачным, закладываем обратно мясо, хорошенько перемешиваем его с луком. Вливаем вино и соевый соус, доводим до кипения, кипятим 5-10 минут. Духовку разогреваем до 170градусов. Петрушку моем и мелко нарезаем, немного откладываем для подачи. К мясу вливаем сливки, добавляем шафран, доводим до кипения при постоянном помешивании. Добавляем петрушку, перемешиваем, накрываем крышкой или фольгой и убираем в разогретую духовку на 1 час. Когда мясо готово. Вынимаем его из соуса, а соус ставим на огонь для упаривания. Тарелки для подачи ставим в теплую духовку чтобы они прогрелись. На теплые тарелки выкладываем мясо, поливаем соусом, посыпаем петрушкой. И подаем со свежими помидорами."
"Салат ""Ариадна""","['Грибы', 'Ветчина', 'Огурец маринованный', 'Майонез', 'Чеснок', 'Яйцо куриное', 'Молоко', 'Сыр твердый', 'Специи']","Взбить яйца, добавить молоко, тёртый сыр и пожарить блинчики. Остудить, нарезать соломкой. Ветчину и огурцы порезать кубиками. Грибы пожарить, посолить, поперчить, в конце приготовления добавить мелко порезанный чеснок. Выкладываем слоями: грибы, ветчина, огурцы, сырные блинчики. Каждый слой слегка смазываем майонезом. Украсить по желанию. У меня свежие помидоры и салатные листья."
Грибной суп со свиными ребрышками,"['Грибы', 'Картофель', 'Лук репчатый', 'Вода', 'Крупа перловая', 'Ребра свиные']","Свиные ребрышки заливаем литром воды и поставим варить на 40 минут. Замочим наши грибы. Если грибы сушеные этого года, то они быстро размочатся, хватит пары часов. А если пересушенные, то замочить на ночь. После замачивания воду слить, крупные грибы порезать, мелкие так оставить. После того, как мясо закипело, снимаем пену и добавляем подготовленные грибы. Почистим луковицу, измельчим и пожарим на сковороде до прозрачности. Почистим пару средних картофелин, порежем кубиками, через 40 минут добавим к мясу вместе с вареной перловкой. Варим 15 минут. Добавляем жаренный лук, доводим до кипения и на маленьком огне томим 5 минут. Вот такой ароматный и очень вкусный получается у нас суп."
"Торт ""Пища Богов""","['Мука пшеничная', 'Сахар тростниковый', 'Какао-порошок', 'Разрыхлитель теста', 'Соль', 'Вода', 'Уксус', 'Масло растительное', 'Кофе растворимый', 'Ликер', 'Ванильная эссенция', 'Шоколад темный', 'Сливки', 'Масло сливочное']","Ганаш я готовлю заранее, чтобы он успел хорошо застыть. Сливки наливаем в сотейник и доводим до кипения. Шоколад ломаем на кусочки. Заливаем шоколад горячими сливками и хорошо перемешиваем до тех пор, пока масса не станет однородной и блестящей! Добавим сливочное масло, чтобы наш ганаш был более глянцевым. Убираем в холодильник до застывания! Я это делаю на ночь. Смешаем в миске муку, сахар, какао-порошок, соль и разрыхлитель. Я использую тростниковый сахар ТМ ""Мистраль"" Отдельно соединяем воду с винным уксусом и растительным маслом. Тонкой струйкой вливаем в сухую составляющую нашего бисквита, аккуратно все перемешиваем. Добавляем ликер, кофе и ванильный экстракт. Получившееся жидкое тесто переливаем в чашу мультиварки, смазанную сливочным маслом. Включаем режим ВЫПЕЧКА на 45 минут. Если выпекаем в духовке, то устанавливаем температуру 170 градусов и выпекаем 40-45 минут. Ориентируемся на свою духовку! Готовность проверяем на сухую лучину. После звукового сигнала извлекаем наш бисквит с помощью пароварки и оставляем до полного остывания. Разрезаем на два коржа и хорошо промазываем застывшим ганашом. Получаем вот такое вот шоколадное чудо: Немного истории знакомства со Светочкой: И опять местом встречи стал сайт Поваренок! Да-да-да! Не удивила! Света всегда очень интересно комментировала мои рецепты, чем привлекла мое внимание! Она очень остроумная и юморная девушка! Разговор завязался о никах и их происхождении! И это в продолжение того, что я не могу обращаться на ""ты"" и по имени отчеству! Вот тогда Света и поведала мне свою историю регистрации и занятые ники Так мы начали наше активное общение, которое всегда подымает настроение и задает тон удачному дню! Как то я написала о себе, как принцессе! А Света говорит: какая ж принцесса? Королевна! Но я упорно не соглашалась ею быть в силу ответственности! А потом подумала-подумала и таки да! Какая же я принцесса? Коль встретила уже своего Короля и даже успели обзавестись маленьким Принцем и красавицей Принцессой... так что, Светик, ты права! Буду как и ты - Королевной! Как Вы понимаете - это все шутка! Но с определенной долей правды! Светочка, я очень тебя люблю и хочу поздравить с наступающими праздниками! Пусть твое Королевство обходят беды и невзгоды! Будут в нем все здоровы и счастливы! А ты - обязательно любимой и желанной! Иначе и быть не может у Её Величества! Процветания и творческого роста во всех твоих сферах деятельности, дорогая!"
Яблочные плюшки,"['Мука пшеничная', 'Сливки', 'Масло сливочное', 'Желток яичный', 'Дрожжи', 'Соль', 'Сахар', 'Кунжут', 'Яблоко']","Для приготовления теста мы сегодня используем быстродействующие дрожжи САФ-МОМЕНТ, которые вы видите на этой фотографии. Яблоки почистить и освободить от сердцевины. Мелко порезать. Разогреть на сковороде сливочное масло и потушить там яблоки до мягкого состояния. Переложить яблоки в чашку и пробить блендером до состояния пюре. Добавить сливки, желтки, соль и сахар. Дрожжи смешать с мукой и, понемногу добавляя к яблокам, замесить не очень крутое тесто. Поставить тесто подниматься в тёплое место примерно на 1 час. За это время оно должно увеличится в объёме в два раза. Застелить противень бумагой для выпечки. Тесто раскатать в пласт и вырезать стаканом плюшки. Выложить их на бумагу. Смазать взбитым с 1ст. л. молока желтком и посыпать сверху кунжутными семечками. Поставить пышки на расстойку минут на 20, чтобы они ещё раз поднялись. Включить духовку на 200 Гр. С, чтобы она за это время согрелась. Выпекаем пышки минут 15-20, пока не зарумянятся. Вот такие аппетитный плюшки у нас получились!"
"Салат ""Весенняя фантазия"" свекольно-грушево-сырный","['Свекла', 'Груша', 'Тофу', 'Лимон', 'Масло оливковое', 'Мята', 'Соевый соус', 'Киви']","Свеклу и киви очищаем от кожицы, груши от кожуры и семян. Нарезаем соломкой. Груши сбрызнуть лимонным соком, чтоб не потемнели. Заправка: Смешиваем лимонный сок, масло оливковое, мелко нарезанные листья мяты и соевый соус Kikkoman. Смешиваем свеклу, грушу и киви. Можно и без киви. Выкладываем на порционные тарелки. Поливаем заправкой и посыпаем тофу. У меня уже нарезан кубиками. Приятного аппетита! Наслаждайтесь!"
"Торт ""Мозаика""","['Яйцо куриное', 'Сахар', 'Мука пшеничная', 'Миндаль', 'Масло сливочное', 'Кунжут', 'Сироп глюкозы', 'Сливки', 'Желатин', 'Паста арахисовая', 'Шоколад белый']","Начнем с бисквита: взбить 5 желтков и 26 г сахара до получения пышной массы (5-7 минут). 66 г муки смешать с 80 г молотого миндаля и добавить в желтковую смесь. 4 белка взбить до мягких пиков с 90 г сахара и аккуратно ввести в тесто. 46 г сливочного масла растопить. В масло положить часть теста, хорошо размешать, выложить в основное тесто. Выпекать в форме 26 см при 200 градусах. Нугатин: растопить 125 г сливочного масла, затем добавить 150 г сахара, 50 г сиропа глюкозы, довести до кипения и поварить 1-2 минуты. Снять с огня, добавить 35 г молотого миндаля и 150 г черного кунжута. Перемешать. Половину полученной массы выложить ( не слишком толстым слоем)на пергамент или силиконовый коврик в виде круга диаметром 26 см, вторую половину выложить в виде прямоугольника /квадрата и выпекать при 170 градусах 10-15 минут. Нугатин в виде круга остудить. Вторую часть нарезать на желаемые формы - если нужны определенные фигуры. Либо остудить, а затем поломать на нестандартные кусочки. Тахинный мусс: 16 г листового желатина залить холодной водой. Растопить 400г белого шоколада. Нагреть 300 г сливок до 80 градусов, добавить отжатый желатин, залить сливками шоколад и хорошенько размешать до получения однородной массы. Проще говоря, сделать ганаш. Затем добавить 45 г кунжутной пасты, перемешать. Остудить до комнатной температуры. 700 г сливок взбить с 2 -3 ст. л. сахара и по частям ввести в кунжутную массу. Сборка: на дно формы диаметром 26 см положить бисквит, затем часть тахинного мусса, диск нугатина, остаток мусса. Убрать в холодильник до застывания. Готовый торт украсить нугатином и шоколадом. Можно лакомиться. Приятного аппетита!"
Гречнево-грибные котлеты с овсяными отрубями,"['Грибы', 'Крупа гречневая', 'Яйцо куриное', 'Лук репчатый', 'Чеснок', 'Отруби', 'Соль', 'Перец душистый', 'Масло растительное']","Грибы отварить. У меня были опята и белые, можно взять любые на Ваш вкус и даже шампиньоны, но тогда не будет такого аромата и вкуса именно лесных грибов. Пропустить грибы через мясорубку с репчатым луком и чесноком. Гречу ТМ Мистраль в пакетиках, отварить, как указано на упаковке. Для связки фарша я добавляю овсяные хлопья, во первых это полезно, а во вторых, тогда котлетки не требуют панировки и прекрасно держат форму. В грибной фарш добавить 2 яйца, отруби, соль и перец по вкусу и отваренную гречу. Хорошо вымешать и оставить минут на 20 (отдохнуть). Сформовать плоские овальные котлетки и обжарить их на растительном масле с двух сторон до золотистой корочки. Огонь должен быть умеренным. Я брала маленькое количество растительного масла и обжаривала на сковороде с антипригарным покрытием. Если ваши котлетки будут жариться в большем количестве масла, то их сначала нужно выложить на салфетку, чтобы удалить лишнее масло. Подавать гречнево - грибные котлеты с зеленью и любым соусом на Ваш вкус. У меня- горчица. Приятного аппетита!"
"Закуска ""Рубль двадцать""","['Картофель', 'Анчоусы', 'Тесто слоеное', 'Лук белый', 'Жир', 'Каперсы']","Берём большой картофель, сваренный в мундире и режем его поперёк кружочками. Затем обжариваем его до золотистого цвета на свином жиру (сале), я использовала столовую ложку оного. Можно также использовать масло растительное, сливочное - кто-что предпочитает. Раскатанный кусочек слоёного теста режем на квадратики (или кружочки), по размеру-диаметру не слишком отличающиеся от наших картофельных кружков. У меня в наличии было мало теста, поэтому, мои квадратики вышли немного маленькими, но это нисколько не помешало их применению в качестве ""пьедестала"" для картофеля. Выпекаем наши квадратики в духовке либо в микроволновке. Я использовала последнюю и у меня ушло на это минуты 3! Затем нам понадобятся анчоусы в масле. Как вариант можно рассмотреть хамсу, либо селёдочку - выбирать вам, дорогие поварята! На готовые квадратики теста (их, кстати, при желании можно разрезать вдоль, чтобы были потоньше) выкладываем картофель, сверху анчоусы, разрезанные вдоль тонкими полосочками либо кусочками, каперсы и тонко нарезанный лук порей. Я также использовала вариант с плавленным сыром со вкусом грибов, при этом нашу закусочку поместить на минутку в микроволновку, чтобы сырок расплавился. Сверху притрусить мелко нарезанной петрушкой. Как результат - хрустящая основа слоёного теста, поджаренный до корочки картофель, солёненькая рыбка, остренькие каперсы, нежно чувствующийся лучок - получилась вкусняшка! Попробуйте!"
Капустный пирог с куриной грудкой,"['Молоко', 'Яйцо куриное', 'Соль', 'Сахар', 'Мука пшеничная', 'Масло сливочное', 'Масло растительное', 'Дрожжи', 'Грудка куриная', 'Морковь', 'Лук репчатый', 'Капуста белокочанная', 'Зелень', 'Перец черный']","Тесто я приготовила в хлебопечке. Можно замесить удобным для вас способом : опарным или безопарным. Сливочное масло растопить и остудить до теплого состояния, подогреть молоко. В ведерко положить продукты согласно инструкции вашей хлебопечки. У меня сначала сухие, затем жидкие. Выставить программу - тесто для пиццы. После окончания программы дать ему подняться. Подготовить ингредиенты для начинки. Очистить лук и морковь. Нарезать лук и натереть морковь на крупной терке. Куриную грудку нарезать кубиками. Нашинковать капусту. В глубокую сковороду влить масло, выложить капусту, лук, морковь и куриную грудку. Подготовленные овощи с грудкой перемешать и потушить на среднем огне при периодическом помешивании. Добавить соль и перец по вкусу. Нарезать зелень укропа с петрушкой и добавить к капусте. Остудить начинку. Разделить тесто на две не равные части. Большую часть раскатать и выложить на противень или в форму для выпечки. Выложить начинку, раскатать вторую часть теста и сформировать пирог. Смазать пирог взбитым яйцом. Выпекать при температуре 170 - 180 гр. минут 35-40. ориентируйтесь по своей духовке. Приятного аппетита!"
Фаршированные крабовые палочки,"['Крабовые палочки', 'Шпроты', 'Яйцо куриное', 'Майонез', 'Огурец']","Крабовые палочки разморозить, выложив на стол. Пока палочки размораживаются, варим яйца. В тарелке размять банку шпрот, добавить тертый на крупной терке свежий огурец, яйца тертые на мелкой терке, майонез. Все перемешать, начинка готова. Размороженные крабовые палочки опустить в горячую воду на пару минут, после этого палочки не рвутся. Аккуратно разворачиваем палочку, выкладываем начинку и заворачиваем. Закуска готова. Готовила на свой день рождения, ушла в момент."
Рапаны в панировке,"['Рапаны', 'Мука пшеничная', 'Яйцо куриное', 'Хлопья кукурузные', 'Масло растительное']","Рапаны моем. Делаем продольный разрез ножом (не до конца) в передней части рапана. Переворачиваем рапан разрезом вниз. Придерживая пальцами отбиваем молотком с одной, а затем с другой стороны. Рапан имеет свой неповторимый насыщенный вкус, поэтому солить его не надо, так же, как использовать другие специи. Яйцо взбиваем вилкой. Кукурузные хлопья перемалываем в блендере. Половину рапанов, поочередно, обваливаем в муке с двух сторон. Затем в яйцо. Потом в сухари. Оставшиеся рапаны обмакиваем в яйце. Затем в муке. И отправляем на разогретую сковороду с небольшим количеством растительного масла. Обжариваем с двух сторон до румяной корочки. Готовятся очень быстро, так как рапан, чтобы достать из панциря, варят. И, в принципе, уже вареные их можно есть, но так интереснее. Приятного аппетита! Попробуйте два способа обжарки. На вкус получается по-разному. Мне ближе просто мука и яйцо, более отчетливо слышен вкус моллюска."
Томатный соус,"['Помидор', 'Масло оливковое', 'Масло сливочное', 'Лук репчатый', 'Морковь', 'Сельдерей черешковый', 'Базилик', 'Чеснок', 'Соль', 'Перец болгарский', 'Перец душистый', 'Зелень', 'Сахар-рафинад']","Ингредиенты, которые нам понадобятся: масло оливковое (подсолнечное), масло сливочное, соль, перец, сахар, сельдерей, базилик свежий и сушенный, чеснок (зубчики), зелень, морковь, помидоры (свежие и консервированные), перец болгарский, луковица. Подготовим все продукты: нарежем мелко сельдерей, перец болгарский, зелень и помидоры. Нашинкуем лук репчатый, почистим чеснок Нашинкуем морковь (у меня была замороженная) и откроем банку консервированных помидоров. Посируем в кастрюле лук репчатый на смеси сливочного и оливкового масла до золотистого цвета. Добавляем сельдерей и перец болгарский, немного потушим, чтобы размягчились. Добавляем морковь, помидоры свежие и чеснок. Перемешиваем и тушим мин 10. Добавляем консервированные помидоры, листочки базилика и щепотку сушенного, зелень, соль, сахар и перец молотый по вкусу. Тушим до готовности (пока все не превратится в кашу). Даем немного остыть и закладываем в блендер (можно использовать погружной или вообще кушать так), измельчаем. И выкладываем в соусницу. Приятного аппетита))) Немного отступила от оригинала) зелень, сахар, базилик сушенный и перец болгарский отсутствуют в оригинальном рецепте но на мой вкус получается кисловато, поэтому положила немного сахара."
"Салат ""Цезарь""","['Яйцо куриное', 'Чеснок', 'Пармезан', 'Горчица', 'Масло оливковое', 'Сок лимонный', 'Соль', 'Грудка куриная', 'Романо', 'Помидоры черри', 'Хлеб', 'Перец черный', 'Приправа']","Приготовление соуса. Яйца положить на 1 минуту в кипящую воду, затем разбить их в отдельную посуду. Белок должен быть полужидким. В чаше блендера смешать яйца, чеснок, тертый пармезан, оливковое масло, горчицу и сок лимона, посолить по вкусу и взбить все в однородный соус. Приготовление салата. Чеснок раздавить плоской стороной ножа, залить оливковым маслом и поставить в микроволновку на 30 секунд на максимальную мощность. У белого хлеба срезать все корочки, нарезать его кубиками, выложить на противень, сбрызнуть чесночным маслом и подсушить в духовке при температуре 180°С до зарумянивания. Куриную грудку посолить, поперчить, добавить другие приправы по своему вкусу и обжарить на оливковом масле до готовности. Куриную грудку нарезать небольшими ломтиками. Помидоры черри нарезать пополам, салатные листья мелко нарвать руками, пармезан натереть на терке. На тарелку выложить соус и ингредиенты салата, украсить по своему вкусу. Приятного аппетита!"
Кокосовый пирог на сыворотке,"['Мука пшеничная', 'Сахар', 'Сыворотка', 'Яйцо куриное', 'Масло растительное', 'Сода', 'Ванильный сахар', 'Масло сливочное', 'Стружка кокосовая']","Включаем духовку на 175 °С. Дно круглой разъемной формы диаметром 26см выстилаем бумагой для выпечки. Взбиваем яйца с сахаром и ванильным сахаром добела. Вливаем сыворотку и растительное масло, взбиваем до однородности. К яичной массе аккуратно добавляем смешанную с содой муку. Вливаем тесто в подготовленную форму и отправляем в духовку на 15 минут. Пока печется пирог, делаем заливку. Кладем сахар, кокосовую стружку и масло на сковородку. Растапливаем масло с сахаром и кокосом, снимаем с огня. Тем временем на пироге образовалась корочка и края едва зарумянились. Достаем полуготовый пирог из духовки, быстро заливаем его кокосовой заливкой, равномерно распределяя ее по поверхности. Отправляем на следующие 15 минут в духовку и потом достаем из нее вот такого румяного красавца Ждем, пока остынет, завариваем чай, зовем домочадцев и вкушаем. Вот разрез поближе. Приятного аппетита! Первое. Все никак не решалась выставить свой первый рецепт, т. к. фотограф из меня аховый. Но ооочень хочу поучавствовать в новогодней акции и сделать кому - нибуть неожиданный подарок под ёлочку. Второе. Знаю, на сайте есть похожие рецепты, но они все со сливками, которые делают пирог более мокрым. Третье. Пусть вас не смущает такое ""кривое"" количество масла и сахара. В оригинале было 300 (!) граммов сахара и 150 граммов масла. Для меня это слишком сладко и жирно. Остановилась на таком количестве, для меня это оптимально. Четвертое. Тесто выходит довольно жидкое, так что не пугайтесь. Вместо сыворотки можно взять пахту или разбавленный кефир. Бортики формы я принципиально не смазываю, так тесто имеет возможность ""вскарабкаться"" повыше. Вынув пирог из духовки достаточно провести ножом по его краю, от формы он отделяется легко. Теперь все."
Тефтели в тесте,"['Мука пшеничная', 'Вода', 'Яйцо куриное', 'Масло растительное', 'Соль', 'Куркума', 'Фарш мясной', 'Рис', 'Перец черный', 'Томаты в собственном соку', 'Орегано', 'Эстрагон']","Для теста смешать воду, растительное масло, яйцо, соль и куркуму Всыпать просеянную муку и замесить тугое тесто Завернуть в плёнку и убрать в холодильник на полчаса-час А пока приготовить томатный соус - банку консервированных томатов в собственном соку измельчить в блендере с солью, перцем, сушеным орегано и тархуном В фарш (свинина, говядина, лук) добавить промытый рис, соль, перец, тщательно перемешать. У меня рис Кубань от Мистраль, он готовится всего 15 минут. Другой рис я советую предварительно отварить до полуготовности. Тесто раскатать в прямоугольник приблизительно 35х50см, нарезать на ленты. Учтите, что диаметр розочек будет зависеть от длины полосок. Ленты должны быть такой ширины, чтобы более, чем наполовину прикрывали тефтельки. Прищипнуть тесто между кусочками фарша, свернуть улиткой. Оптимальный размер улитки - это когда на каждой полоске около 10 тефтелек. Плотно не сворачивайте, тогда розочки получаются пышные, красивые, и тесто хорошо проваривается. Переносить улитки на сковороду удобно широкой лопаткой. Сковороду большого диаметра (у меня 28 см) смажьте сливочным маслом и разместите в ней розочки. Из данного количества ингредиентов у меня получилось заполнить 2 сковороды по 7 розочек в каждой. В одну сковороду я влила томатный соус. А во вторую положила пару лавровых листов и залила кипятком. Вода не должна покрывать розочки полностью. Можно так же приготовить их в пароварке, получатся оригинальные манты. Тушить под крышкой на среднем огне 15 минут. Если после приготовления вода в сковороде останется, ее лучше слить или переложить розочки в другую посуду, чтобы тесто не раскисло. Это готовые розочки на воде. А вот так получилось с томатным соусом. При подаче полейте розочки сметаной и украсьте зеленью. Можно сметану смешать с томатным соусом со сковороды."
"Пирог ""Хот-дог""","['Огурец соленый', 'Мука пшеничная', 'Разрыхлитель теста', 'Соевый соус', 'Масло растительное', 'Сметана', 'Горчица', 'Яйцо куриное', 'Сосиска', 'Лук белый', 'Базилик', 'Помидор', 'Помидоры черри', 'Соль']","Обжарить мелко порезанную луковицу в масле и выложить остывать в тарелку. Взбить яйца в воздушную пену, добавить соевый соус компании Kikkoman и еще раз все взбить. Добавить разрыхлитель, базилик, сушеные помидоры, сметану, растительное масло, соль и половину жареного лука и еще раз все смешать. Добавляем муку и аккуратно вымешиваем лопаточкой. Очищаем от пленки сосиски, нарезать длинными ломтиками соленый огурец и на 2 части черри. В смазанную маслом форму 20x11см выложить 1/3 части теста, на него положить сосиски, огурцы и черри. Сверху выложить половину оставшегося теста, на него сосиски, огурцы и черри и закрыть оставшимся тестом. Нагреть духовку до 180 градусов и ставить выпекать. Через 30 минут достать пирог и сбрызнуть поверхность соевым соусом компании Kikkoman для пикантной корочки и выложить оставшийся лук и выпекать еще 15 минут. Готовый пирог Достаем из духовки, нарезаем и едим. Этот рецепт - участник акции ""Готовим вместе - кулинарная неделя"". Обсуждение приготовления на форуме - http://forum.povarenok.ru/viewtopic.php?f=34&t=6804"
Тёплый салат из печени в китайском стиле,"['Соевый соус', 'Печень куриная', 'Картофель', 'Масло растительное', 'Лук репчатый', 'Чеснок', 'Кориандр', 'Смесь перцев', 'Лук зеленый', 'Шампиньоны']","Ставим вариться картофель в ""мундире"". Берём куриную печень, режем крупными кусками и заливаем соевым соусом ТМ ""Киккоман"". Добавляем мелкорубленный чеснок, кориандр, перемешиваем и отставляем мариноваться на 20 минут. На горячую сковороду наливаем растительное масло, кладём нарезанный перьями репчатый лук и пластинками шампиньоны. Обжариваем лук и грибы 5 минут до золотистости. Слегка отжимаем маринованную печень и кладём на сковороду. Обжариваем печень 5 минут, добавляем остатки маринада и тушим всё ещё 5 минут. Слегка остывший картофель чистим и режем кругляшками, кладём на сервировочную тарелку. Готовую горячую печень кладём вместе с выделившимся соком на картофель. Сверху посыпаем свежемолотой смесью перцев и перьями зелёного лука. Подаём сразу. Приятного аппетита!"
Творожное печенье из морозилки,"['Творог', 'Масло сливочное', 'Мука пшеничная', 'Ванильный сахар', 'Сода', 'Сахарная пудра']","Для этого творожного домашнего печенья требуется всего три продукта - творог, масло и мука. Начнём с того, что растопим сливочное масло, чуть остудим и соединим с творогом. Потом добавим щепотку ванильного сахара, щепотку соды и муку. Вымесим тесто. Поставьте тесто на полчаса в морозилку. После чего раскатайте, разрежьте на сектора и скрутите в виде рогаликов. Раскатывать очень удобно на пергаментной бумаге, я даже не присыпала, а раскатала на ней, потом обмыла и просушила для следующего печенья. Всё! Выложите в форму, закройте пищевой плёнкой и в морозилку. Теперь в любой момент у вас будет творожное домашнее печенье. Его надо будет только достать из морозилки, выложить на смазанный противень. Включить духовку на 200*С, на нижнюю полку поставить мисочку с горячей водой и выпекать 15 минут, после чего переключить на 180*С и выпекать ещё 10 минут. Достать и выложить на блюдо, посыпать сахарной пудрой и... подать к чаю. А напоследок заглянем ко мне в морозильную камеру... ... только печенья творожного там уже нет. Всех поздравляю с Покровом! А нас снегом покрыло, снежок идёт и идёт! Покров, Покров - зиме начало! Этот рецепт - участник акции ""Готовим вместе - кулинарная неделя"". Обсуждение приготовления на форуме - http://forum.povarenok.ru/viewtopic.php?f=34&t=6777"
"Салат ""Венеция""","['Яблоко', 'Лук репчатый', 'Перец болгарский', 'Помидор', 'Огурец', 'Сметана']","Яблоки очистить от кожуры и семян, перец очистить от семян. Все овощи порезать соломкой и заправить сметаной. Огурцы используются МАРИНОВАННЫЕ."
"Торт ""Неаполитанец""","['Йогурт', 'Сахар', 'Мука пшеничная', 'Масло растительное', 'Разрыхлитель теста', 'Яйцо куриное', 'Какао-порошок', 'Молоко сгущенное', 'Молоко']","Готовим тесто: к йогурту (баночку не выбрасывать, она нам еще послужит измерительным стаканчиком) добавить 2 йогуртных стаканчика сахара, 3 стаканчика муки, 0,5 стаканчика растительного масла. Вбить 2 яйца. Добавить разрыхлитель. Поделить тесто на 2 неравные части: на 2/3 и 1/3. В меньшую часть добавить 3 ч. л. какао. Форму накрыть бумагой. Выпекать обе части теста при температуре 180 град. до сухой спички. Белый корж разрезать поперек на 2 части. Готовим крем: смешать полбанки сгущенки с 3 ч. л. какао и 1 ст. л. молока. Собрать торт: белый корж - крем - темный корж - крем - белый корж. Сверху - крем. Поставить в холодильник на полчаса. Готово!!!"
Диетический клубничный чизкейк,"['Печенье', 'Масло сливочное', 'Творог', 'Сливки', 'Сахар', 'Желатин', 'Клубника']","За основу я взяла шоколадное печенье и 50 грамм сливочного масла. Печенье крошим в блендере или же кладем в пакет и проходимся по нему скалкой. Добиваемся мелкой крошки. Растапливаем масло и добавляем к печенью. Получившуюся массу утрамбовываем по дну форму и ставим в холодильник на 20 минут. Для творожного слоя берем творог (у меня обезжиренный) и смешиваем с сахаром и сливками (я делала это в блендере) Далее добавляем мелко нарезанную клубнику. Желатин разводим в 50-60 мл воды и оставляем набухать на время указанное на упаковке. Затем ставим на плиту и при постоянном помешивании добиваемся полного растворения желатина (не кипятить!!). После того, как смешали, перекладываем на нашу основу. Кладем опять в холодильник до полного застывания. При подаче можно украсить клубникой. Приятного аппетита!"
Жареный суп,"['Фарш мясной', 'Морковь', 'Лук репчатый', 'Помидор', 'Фасоль']","Обжариваем фарш на растительном масле до готовности (при жарке я его посолила и приправила Хмели-Сунели) и перекладываем его в кастрюлю, в которой будем варить наш суп. На этой же сковороде обжариваем тертую на крупной терке морковь и мелко порезанный лук, затем добавляем мелко порезанные (предварительно ошпаренные и очищенные от кожицы) помидоры. Тушим минут 5 - 7 и отправляем к фаршу в кастрюльку. Выкладываем в кастрюлю фасоль вместе с томатным сосусом и заливаем кипятком. Я воды наливала на глаз, так, чтобы суп был густым. Доводим до кипения, уменьшаем огонь и варим минут 5. В это время смешиваем сметанку с мукой в однородную массу и заправляем суп. Помешивая, варим до загустения. Выключаем и даем настояться. При подаче посыпать мелко порубленной зеленью. Приятного аппетита!"
Судак в сливках в микроволновке,"['Филе рыбное', 'Сливки', 'Сыр твердый', 'Мука пшеничная']","Филе судака нарезаем на порционные кусочки. Муку перемешиваем с солью и специями (перец или приправа для рыбы). Каждый кусочек обваливаем в этой смеси и выкладываем на разогретую сковороду с подсолнечным маслом. Жарим по 3 -4 минуты с каждой стороны, до образования легкой корочки. Тем временем натираем на терке сыр. Берем стеклянную посуду для СВЧ (глубокую), выкладываем рыбу в один слой, посыпаем сыром. Дальше выкладываем остальную рыбу и так же присыпаем сыром. Вливаем сливки, накрываем крышкой и ставим в печку. У нас на печке не работает табло, поэтому стоит режим как для подогрева блюд, и я поставила минут на 15. А так готовность можно определить по образованию небольшой румяной корочки и выпариванию жидкости. Приятного аппетита!"
"Кекс ""Банановый рай""","['Яйцо куриное', 'Сахар', 'Мука пшеничная', 'Масло сливочное', 'Шоколад темный', 'Банан', 'Разрыхлитель теста']","Духовку разогреть до 180° С. За это время взбить яйца с сахаром и щепоткой соли до появления белой пенки. Добавить муку и разрыхлитель. Растопить масло и всё перемешать до однородной массы. Добавить порезанные дольками бананы и кусочки шоколада (порезать шоколадку на кусочки по 0,5 см). Перемешать. Вылить в форму для кекса и выпекать 40- 50 минут. Выложить из формы и украсить по желанию. Приятного аппетита!!!"
Пирог с картофелем и сыром,"['Мука пшеничная', 'Яйцо куриное', 'Масло подсолнечное', 'Молоко', 'Сахар', 'Сметана', 'Дрожжи', 'Соль', 'Картофель', 'Сыр твердый', 'Петрушка']","В теплое молоко добавляем дрожжи и сахар. Затем сметану и яйцо. Добавляем подсолнечное масло. Хорошо перемешиваем. Постепенно добавляем просеянную муку. Вымешиваем гладкое однородное тесто. Перекладываем тесто в миску, смазанную маслом и оставляем в теплом месте на подъем на 1 час. Готовим начинку. Из картофеля делаем пюре. Сыр натераем на терке. В пюре добавляем мелко нарезанную петрушку. Хорошо перемешиваем. Даем начинке полностью остыть. Наше тесто подошло. Тесто делим на 2 части. Подкатываем каждый кусочек. Даем отдохнуть 10 минут. Раскатываем один кусочек теста в прямоугольник толщиной 5-7 мм. Выкладываем пюре, а сверху сыр. Скручиваем в рулет, хорошо защипываем концы. Раскатываем второй кусочек теста. Прорезаем фигурным ножом для теста, растягиваем сеточку и полностью оборачиваем ею рулет. Концы заправляем под низ. Рулет перекладываем на пергамент ввиде кольца. Стык украшаем розочками. Оставляем на подъем на 15-20 минут. Смазываем желтком, разбавленным 1 ст л воды. По желанию посыпаем кунжутом. Выпекаем при 190 градусах 30 минут. Приятного аппетита."
Кальмары острые,"['Перец черный', 'Эссенция', 'Сахар', 'Соль', 'Перец болгарский', 'Лук репчатый', 'Кальмар', 'Лист лавровый', 'Вода', 'Масло растительное']","Приступим. Очистим кальмары. У каждой хозяйки свой способ этой не очень-то приятной процедуры. Испробовав массу вариантов, пришла к выводу, что лучше их чистить прилично подмороженными, тогда пленка снимается как чулок. Кальмары очистили, промыли, освободили от хитиновых пластинок. В кипящую воду опускаем наши кальмары (воды должно быть достаточно, чтобы кальмары чувствовали себя ""как рыба в воде :-D :-D ). После закипания варим ровно 2 минуты и быстренько достаем из воды. Оставляем охлаждаться. А в это время займемся луком: почистим и нарежем тоненько полукольцами. И будем готовить маринад. На стакан воды - соль, сахар, укс. эссенция, все перемешать. Лук помещаем в кастрюльку, кладем лаврушку и перец горошком. Заливаем маринадом и доводим до кипения, не кипятить. Выключаем газ и оставляем охлаждаться (в идеальном рецепте 1,5-2 часа). Остывшие кальмарчики режем соломкой очень тонко. Перчик тоже почти прозрачными ломтиками. Лук освобождаем от маринада, следим, чтобы перец не попал. И добавляем растительное масло. Все это перемешиваем между собой. Скажу сразу, не поняла я этой заморочки с маринованием лука таким способом. Во второй раз сделала все гораздо проще: обдала кипятком, полила бальзамиком и сразу же добавила масло - получилось еще вкуснее. Но я же обещала исходный рецепт, поэтому вот так! И, в последнюю очередь, все же не удержалась и добавила немножечко соевого соуса и посыпала кайенским перчиком (чуть-чуть). СКАЗОЧНО!!! Приятного Вам аппетита! Этот рецепт - участник акции ""Готовим вместе - кулинарная неделя"". Обсуждение приготовления на форуме: http://forum.povarenok.ru/viewtopic.php?f=34&t=4921"
Фасолевые котлеты с сельдереем,"['Фасоль', 'Перец болгарский', 'Сельдерей черешковый', 'Морковь', 'Картофель', 'Лук репчатый', 'Чеснок', 'Кумин', 'Сухари панировочные', 'Масло оливковое', 'Масло сливочное', 'Яйцо куриное', 'Смесь перцев', 'Соль']","Фасоль замочите на ночь, отварите согласно инструкции на упаковке. Подготовим овощи: моем, очищаем от шкурки и мелко нарезаем кубиками. Разогрейте на сковороде смесь сливочного и оливкового масла (1 ст. л.), обжарьте репчатый лук и 2 дольки порубленного чеснока до прозрачности. Затем выкладываем порезанные кубиками морковь, сладкий перец и дольками сельдерей, готовим до мягкости овощей, ~ 2-3 минуты. Переложите отваренную фасоль в миску. Добавьте порезанный дольками картофель и пюрируйте до однородности массы. Воду не добавлять, масса должна быть густой. Приготовленные овощи выкладываем к фасоли. Вот здесь вы можете овощи пюрировать или оставить с фасолевой массой. Я оставила и перемешала. Добавьте в миску 3 ст. л. панировочных сухарей, кумин, перец молотый, подсолите и перемешайте котлетную массу. Распределяем котлетную массу поровну и формируем котлеты. У меня вышло 16 штук. Обваливаем котлету в сухарях, сбрызгиваем маслом и выкладываем на смазанный маслом противень и отправляем в разогретую до t 200 C духовку. Если вы не поститесь, то можно обмакнуть котлету в взбитое яйцо и затем обвалять в панировочных сухарях. Для того, чтобы придать котлетам более насыщенный вкус и цвет приготовим соус. Смешиваем 1 ст. л. томатной пасты с 3 ст. л. кипяченой воды, добавляем выдавленный 1 зубчик чеснока, сахар и соль по вкусу. Можно добавить молотый перец. Через 10 мин. достаем из духовки противень с котлетами, смазываем сверху соусом и отправляем опять в духовку на 5 минут. Подаем котлеты как самостоятельное блюдо или с рисом и свежим салатом. Приятного аппетита! Красная фасоль содержит много витаминов группы B, особенно большое количество витамина B6, который отвечает, в частности, за иммунную систему, состояние кожи и работу нервной системы. Сейчас ранняя весна и этих витаминов нам очень не хватает, поэтому я рекомендую добавлять в свой рацион фасоль. А сочитание сельдерея и фасоли, считается особенно вкусным, придавая котлетам особенную пикантность, аромат и яркий свежий вкус. Сельдерей – настоящий кладезь витаминов. Он прекрасно дополняет это блюдо."
Картофельная бабка,"['Картофель', 'Сало', 'Лук репчатый', 'Соль']","Очищенный и помытый картофель натираем на мелкой тёрке (как на драники) Сало порезать мелкими кубиками Лук тоже мелко нарезать Сало обжариваем на сковородке, добавляем туда лук и жарим ещё немного В сковородку с салом и луком выкладываем натёртый картофель, солим и ставим запекать в духовку до готовности (минут 40). Сытный ужин готов!"
"Кабачки, фаршированные грибами и рисом","['Кабачок', 'Шампиньоны', 'Лук репчатый', 'Рис', 'Морковь', 'Помидор', 'Сыр голландский', 'Зелень', 'Масло растительное', 'Соль', 'Перец душистый']","Грибы обжарить на растительном масле, добавить нашинкованный лук и тертую на терке морковь, посолить, продолжая обжаривать. Отварить рис в подсоленной воде до готовности. Смешать рис с грибной массой Кабачки помыть, очистить кожицу, нарезать колечками 3-5 см, удалить сердцевину, посолить. Выложить кабачковые колечки в смазанную растительным маслом форму, начинить грибной начинкой. Можно добавить немного воды для сочности. Я не добавляла, просто закрыла форму крышкой. Сыр натереть на мелкой терке, помидор нарезать колечками. Кабачковые колечки посыпать сыром, затем положить по дольке помидора, сверху опять засыпать тертым сыром Запекать в горячей духовке при 200*С до готовности (около 40 минут). Готовые кабачки украсить зеленью. Приятного аппетита!"
Золотистый рис с паштетом из маша,"['Рис', 'Маш', 'Лук репчатый', 'Помидор', 'Укроп', 'Перец черный', 'Паприка сладкая', 'Кумин', 'Тмин', 'Пажитник', 'Куркума', 'Соевый соус', 'Масло растительное']","Замочить маш на 10 часов и прорастить его. Приготовить маш на пару в течение 5 минут. Приготовить рис на водяной бане в соотношении 1:1. В воду добавить куркуму и пажитник. Готовить в течение 15 минут не открывая крышку. Подготовить ингредиенты для паштета. Разогреть на сковороде масло, обжарить лук и специи в течение 2-3 минут. Добавить томат и маш. Протушить 3 минуты. Можно по желанию добавить свежую зелень. Влить соевый соус Киккоман. Перемешать, снять с огня. Можно подавать и в таком виде! Взбить в блендере и подавать с рисом в горячем виде. Приятного аппетита!"
Якитори,"['Филе куриное', 'Сахар', 'Соевый соус', 'Имбирь', 'Чеснок', 'Масло кунжутное', 'Перец красный жгучий', 'Алкоголь', 'Кунжут', 'Лук зеленый']","Нарезать филе (вкуснее, если брать мясо с бедра, я использовала грудку) кусочками со стороной 3 см. Измельчить чеснок, натереть имбирь. Влить в сотейник соевый соус, вино, кунжутное масло, всыпать сахар, красный перец, добавить чеснок и имбирь. Довести до кипения и кипятить на слабом огне около 10-15 минут – соус должен густеть. Как вариант – добавить к холодным ингредиентам дополнительно 1 ст. л. муки. Тогда смесь загустится через минуту. При варке помешивать! Во время варки якитори-соуса вы занимаетесь шпажками. Вы можете просто нанизать цыпленка на палочки, смазать соусом и жарить – будет очень вкусно, а можете, как и я, добавить зеленого цвета и сделать интересную сдвоенную форму. Для сдвоенного якитори используйте молодой порей или зеленый лук потолще. Отрезаем кусок белой и кусок зеленой части – оставляем толстую белую часть и немного зеленых побегов. Нанизывайте кусочек мяса, перемежая его луковым столбиком таким образом, чтобы этот столбик был общим на 2 шпажки. У меня вышло по 3 кусочка на шпажке и 2 общих стебля лука. Соус разделить на 2 части – для смазывания при запекании и для подачи. Смажьте кисточкой с соусом наши заготовки с одной стороны. Разогрейте сковороду-гриль или воспользуйтесь духовкой с решеткой для запекания. Смажьте гриль. Зажаривать начинайте с маринадной стороны, немного придавливая шашлычки при жарке. Смажьте вторую сторону соусом с процессе. Переверните. Гриллование должно продолжаться минут 5-7, а то мясо может стать сухим. Положить на блюдо, смазать оставленным в другой чашке соусом (он станет за это время более густым и более темным). По желанию посыпать кунжутом. Этот рецепт - участник акции ""Готовим вместе - кулинарная неделя"". Обсуждение приготовления на форуме: http://forum.povarenok.ru/viewtopic.php?t=3890"
"Пирог ""Нежный""","['Яйцо куриное', 'Кефир', 'Майонез', 'Мука пшеничная', 'Разрыхлитель теста', 'Соль', 'Картофель', 'Консервы рыбные']","Тесто: Яйца, кефир, майонез, разрыхлитель, соль и муку хорошо взбить. Получается жидкое тесто. Форму для выпечки смазать растительным маслом, вылить половину теста. Картофель порезать кружочками и выложить на тесто. Консервы размять вилкой и выложить сверху на картофель. Сверху начинку залить оставшимся тестом. Поставить в разогретую духовку и выпекать при температуре 200 С примерно 40 минут. Когда пирог готов, достаем и угощаемся. У нас так быстро он ушел, что я даже не успела сфотографировать пирог в разрезе. Приятного аппетита!"
Пирог яблочный со сметанной заливкой,"['Яйцо куриное', 'Масло сливочное', 'Сахар', 'Мука пшеничная', 'Крахмал', 'Соль', 'Разрыхлитель теста', 'Сметана', 'Яблоко', 'Ванильный сахар']","Яблоки нарезаем тонкими дольками. Добавляем 3 ст л сахара. Припускаем немного на огне, но не развариваем. Даем полностью остыть. Одно яйцо взбиваем с 1/2 ст сахара, солью и ванилином. Добавляем 2 ст л сметаны и мягкое масло. Постепенно добавляем муку с разрыхлителем и замешиваем тесто. Тесто убираем в холодильник на 30 минут. Готовим заливку. Смешиваем 2 яйца, 4 ст л сахара, 6 ст л сметаны и крахмал. Хорошо все перемешиваем. Тесто делим на 2 не равные части. Большую часть теста руками распределяем по форме, формируя бортики. Выливаем заливку. Сверху выкладываем яблоки. Меньшую часть теста раскатываем в тонкий пласт. При помощи фигурной вырубки делаем цветочки. Выкладываем поверх яблок. Выпекаем в горячей духовке при 180 градусах 40 минут. После того как остынет можно присыпать сахарной пудрой. Приятного аппетита :-)"
"Салат ""Редька в шубе""","['Редька', 'Свекла', 'Морковь', 'Картофель', 'Яйцо куриное', 'Майонез', 'Соль']","Рецептом давно поделилась со мной приятельница по службе. На сегодня располагаю зеленой редькой и рекомендую для салата использовать редьку черную. Подготовить продукты. Овощи вымыть. Картофель, яйца отварить до готовности. Свеклу отварить или запечь в духовке. Морковь сырая, но можно и отварить. Очищенную редьку натереть на терке, помять с солью, чтобы дала сок, затем отжать. Остальные ингредиенты очистить, измельчить на крупной или средней терке, на Ваш выбор Оформить салат по желанию или в общем порционном салатнике. На дно салатника чуть нанести майонез и добавить часть свеклы. Далее слои выкладываем в следующем порядке: Картофель, майонез + соль Морковь, майонез + соль Редька, майонез Яйца, майонез + соль Завершающий слой - Свекла, майонез + соль. Салат готов, по желанию можно украсить. Убираем в холодильник охладиться и пропитаться. Можно приглашать к столу. Приятного Всем аппетита!"
"Айнтопф ""Брабант""","['Фарш мясной', 'Фасоль стручковая', 'Лук репчатый', 'Картофель', 'Чеснок', 'Морковь', 'Бульон', 'Вино белое сухое', 'Помидор', 'Орех мускатный', 'Перец черный', 'Соль']","Для приготовления берём кастрюлю Zepter. Нагреваем на среднем огне (3-е деление из 6). Готовность проверяем, брызнув водой на поверхность, если вода раскатывается шариками - ""жемчужинами"", то кастрюля готова для работы. На дно кастрюли кладём фарш, в оригинале используется говяжий. Особенность посуды Zepter в том, что не нужно использовать масло для жарки. Спустя 2 минуты перемешиваем фарш, он успевает подрумяниться и без масла. Овощи рекомендую приготовить заранее: вымыть и почистить. Картофель, лук, помидоры и чеснок режем кубиками. Морковь - кольцами. Если у помидоров толстая шкурка, то рекомендую обдать их кипятком и почистить. В кастрюлю сверху обжаренного фарша кладём овощи и нарезанную стручковую фасоль. Закрываем крышку кастрюли. Когда стрелка термоконтроллера на крышке дойдёт до зелёного поля, огонь убавляем до минимального. Продолжаем готовить, не поднимая крышку, пока стрелка термоконтроллера не дойдёт до середины зелёного поля. Убираем крышку, удобно вставив её в ручку кастрюли. Перемешиваем овощи и фарш. Добавляем белое сухое вино, молотый чёрный перец. мускатный орех, заливаем горячим овощным бульоном. Я не солю блюда в Zepter. Дожидаемся, когда на поверхности появятся первые пузырьки кипения. Закрываем крышку, огонь выключаем и оставляем настаиваться суп 20 минут. Посуда Zepter имеет эффект термоса. Суп готов! Приятного аппетита!"
Чаша из льда для сервировки фруктов,"['Вода', 'Фрукты']","Нам понадобятся еще разные упаковки, у меня две большие картонные упаковки из-под молока на 2 литра и две пластмассовые на 750 мл, а также 4 деревянных палочки. На упаковочках отметить ручкой линии среза, для ровности лучше измерить всё линейкой(упаковочки заранее хорошо промыть). При помощи ножниц отрезать всю лишнюю верхнюю часть на упаковках. Отметить дырочки на упаковках (по 4 на каждой - крест на крест), причем на пластмассовой бутылочке дырочка должна быть на 1,5 см выше, чем на картонной упаковке, т.е дно будущей чаши будет именно 1,5 см. Вставить деревянные палочки в дырочки (на иллюстрациях они сверху, весь смысл в том, что пластмассовая форма должна находиться как бы ""в воздухе"", создавая пространство для чаши, воду доливать именно чуть ниже деревянных палочек, т.к. после морозилки первым делом удаляются именно палочки...), при этом проследить, чтобы пластмассовая формочка находилась посередине, от этого зависит, насколько ровные бока будут у чаши. Наполнить создавшееся между двумя формами пространство водой и поставить в морозильную камеру (я оставила на ночь). Когда наши чаши застыли, вынуть их из морозилки, оставить немного на столе, чтобы в дальнейшем влить в пластмассовую полость воду, таким образом постепенный спад температуры предотвратит треск льда, нужно буквально минуту, чтобы пластмассовая бутылочка отклеилась от будущей чаши. От картона чаша отходит сама по себе, в любом случае можно подождать ещё минуту. На поднос выложить льняную ткань (по мере таяния ткань впитает воду), на ткань расположить чаши из льда, наполненные Вашими любимыми фруктами и ягодами. Можно замедлить процесс таяния, если чаши расположить на обычный лёд для напитков, т.е. наполнить удобную ёмкость льдом и на него расположить чаши с фруктами... Кстати, упаковочки-формочки можно использовать многократно... Успехов!!!:) Приятного аппетита!"
Ананасовый торт,"['Яйцо куриное', 'Сахар', 'Вода', 'Мука пшеничная', 'Крахмал картофельный', 'Разрыхлитель теста', 'Ванильный сахар', 'Молоко', 'Масло сливочное', 'Сахарная пудра', 'Ананас', 'Стружка кокосовая']","Хочу заметить, что колличество ингридиентов на форму диаметром 28 см. Желтки взбить с сахаром, постепенно в яичную массу добавить воду. Добавить крахмал и муку. Белки взбить отдельно до устойчивых пиков И добавить в основную массу. Аккуратно вымешать. В смазанную маслом и устеленную пергаментом для выпекания форму, вылить полученное тесто, выпекать в духовке 30 - 40 минут при температуре 180 градусов. Готовый бисквит достать из формы и дать полностью остыть. Для приготовления крема, 400 мл молока довести до кипения, остальное холодное молоко развести с крахмалом и мукой, размешать до однородной массы. Полученную массу ввести в кипящее молоко и варить на медленном огне, при постоянном помешивание до загустения 1-2 минуты. Крем должен быть густым и похож на однородное пюре. Готовый крем снять с огня и взбить миксером, накрыть пищевой пленкой, чтобы она прилегала плотно к крему, без воздушного зазора, дабы избежать образования корочки. Крем должен остыть до комнатной температуры. Ананасы подсушить полотенцем. Сливочное масло комнатной температуры взбить с сахарной пудрой. Остывший заварной крем смешать со взбитой масляно-сахарной массой. Важно чтобы две части крема при смешивании были одинаковой температуры. Остывший бисквит разрезать на 3 коржа, пропитать соком с ананасов. Начинаем формировать наш ананасовый торт. Для этого выложить первый бисквитный корж и покрыть его слоем крема, на крем выложить кусочки ананасов и аккуратно промазать сверху ананаса кремом. Накрыть вторым бисквитным коржом и проделать все также с кремом и ананасом. Завершить все третьим бисквитным коржом, которым накрыть торт. Обмазать весь торт оставшимся кремом. Украсить по Вашему желанию. Оставить для пропитки на 5 часов."
Овощной рулет,"['Соль', 'Мука пшеничная', 'Вода', 'Масло растительное', 'Петрушка', 'Перец болгарский', 'Морковь', 'Лук репчатый', 'Грибы', 'Кориандр', 'Перец черный']","Замесить тесто из воды, муки и соли, как на пельмени. Лук и морковь обжарить. Грибы нарезать и обжарить. Перец (у меня был замороженный) мелко нарезать и отправить на сковороду. Перец обжарить, добавить в него мороженую нарезанную петрушку. Все обжаренные овощи и грибы смешать. Тесто раскатать довольно тонко. Выложить на него начинку и закатать в рулет. Вот такой рулет получился у меня. Пароварки у меня нет, поэтому уложила рулет в дуршлаг и на водяную баню, где-то на 0,5 часа. Это уже готовый рулет. Разрезала его на кусочки, посыпала зеленым луком и укропом, в середину - кетчуп. Приятного аппетита!!!"
Мясные восьмeрки,"['Курица', 'Хлопья овсяные', 'Лук репчатый', 'Вода', 'Сметана', 'Дрожжи', 'Маргарин', 'Мука пшеничная', 'Крахмал картофельный', 'Яйцо куриное', 'Специи', 'Соль']","Отварить до готовности куриное мясо в подсоленной воде. Овсяные хлопья залить кипятком, настоять 30 минут. Мясо и луковицу прокрутить через мясорубку. Обжарить подготовленный фарш на растительном масле, добавить овсяные хлопья. Остудить. Теперь готовим тесто. В сметане растворить дрожжи (я просто хорошо перемешала). Растереть в крошку маргарин, муку и крахмал. Влить в эту смесь сметану, добавить яйца, специи для мяса и соль. Замесить тесто. Оно не должно прилипать к рукам. Скатать тесто в шар, положить в п/э пакет и убрать на 1 час в холодильник. Разделить тесто на две чести. На присыпанном мукой столе раскатать лепeшку толщиной 0, 5 -0, 7 см. На один край выложить 1 /4 части фарша, скрутить тугим рулетом до половины лепeшки, осторожно перевернуть на противоположную сторону (аккуратнее с краями, лучше их немного прищипнуть, иначе начинка выпадет при переворачивании). На другую сторону лепeшки выложить ещe часть фарша и скрутить рулетом. Разрезать готовый рулет на кусочки толщиной 2 -3 см. Противень смазать растительным маслом. Выложить подготовленные ""восьмeрки"". Выпекать в предварительно нагретой до 250 градусов духовке не более 15 минут (до зарумянивания). Это ОЧЕНЬ вкусно! Готовить можно с любым видом мяса, рыбы и даже с сыром. Рецепт с ЛиРу от Евгении (Поварeнок с поварeшкой)."
Суп грибной с опятами,"['Курица', 'Лук репчатый', 'Морковь', 'Грибы', 'Картофель', 'Лист лавровый', 'Соль', 'Масло растительное']","Ингредиенты которые нам понадобятся Первым делом курицу отправляем в кастрюлю и заливаем водой, ставим на сильный огонь. Тем временем подготавливаем овощи. Морковь, картофель, лук очищаем, промываем и затем нарезаем. Грибы промываем, перебираем, срезаем сросшиеся основания. Как начнет образовываться пенка, снимаем ее. В бульон отправляем одну морковь и луковицу. Убавляем огонь, варим 40-50 минут. Через 50 минут извлекаем курицу, даем ей немного остыть. Так же извлекаем морковь и лук, они нам больше не нужны. В бульон оправляем картофель. Солим по вкусу. Ставим сковороду на огонь, наливаем растительное масло. Отправляем лук и морковь обжариваться на среднем огне. Через пять минут добавляем грибы. Грибы выпустят влагу. Выпариваем и обжариваем минут 7. Курица остыла. Отделяем мясо и нарезаем. Возвращаем в кастрюлю. Грибы готовы, их тоже отправляем в кастрюлю. Добавляем лавровый лист. Даем покипеть 5 минут на умеренном огне. Нам осталось только добавить зелень. Нарезаем и отправляем в кастрюлю. Ну вот наш грибной суп и готов. Разливаем по тарелкам. Прозрачный бульон и прекрасный грибной аромат! Приятного аппетита!"
Лимонно-морковный пирог,"['Сахар', 'Яйцо куриное', 'Мука пшеничная', 'Морковь', 'Сода', 'Сметана', 'Лимон']","Смешать яйца с сахаром (сахара брать 1,5 стакана), хорошо перемешать, добавить все остальное:Муку 1,5 стакана, морковь (мелко натертую), соду и все это хорошенько перемешать. Разогреть духовку до 180 гр. Всю массу выложить в форму и поставить в духовку на 30-40 минут (ориентируйтесь на свою духовку, я выдерживала почти 40 минут). Пока наш пирог печется, будем делать лимонный крем. Берем 1 стакан сметаны и смешиваем с сахаром (3/4 стакана), хорошо перемешать. Цедру лимона натереть на мелкой терке, весь лимон, Далее разделить лимон на две части, одну часть так же тереть на мелкой терке, а из второй части выжать сок лимона. Перемешиваем со сметаной и с сахаром. По истечению времени достаем наш пирог, и разделяем его на два коржа, смазать нижний корж, после положить другой корж и дамазать пирог кремом. После всего убираем в холодильник наш пирог и даем немного пропитаться. Вот и готов лимонно-морковный пирог! обалденный вкус лимонного крема приятно сочетается с морковным пирогом! Приятного аппетита Милые Хозяйки! Надеюсь Вам понравится этот рецептик!"
"Кекс с вишней ""Ночка""","['Яйцо куриное', 'Сметана', 'Мука пшеничная', 'Сахар', 'Разрыхлитель теста', 'Какао-порошок', 'Масло сливочное', 'Вишня', 'Сливки', 'Сыр творожный', 'Сахарная пудра', 'Шоколад белый']","Яйца взбить с сахаром в белую пышную массу Добавить сметану, взбить Затем сливочное масло (я немного растопила в микроволновке) Вводим порциями муку с разрыхлителем, взбиваем Затем просеиваем (через сито) какао, все хорошо взбиваем Чашу мультиварки смазываем сливочным маслом и выкладываем тесто. На тесто сверху выкладываем вишню (у меня вишня в собственном соку) (этот шаг я забыла сфоткать) Ставим на режим Выпечка - 40 мин. - ориентируйтесь на мощность своей мульти. По готовности вынимаем кекс при помощи решетки для пара. Даем ему время полностью остыть Тем временем делаем крем, взобьем сливки с сахарной пудрой до пиков, подмешаем сливочный творожный сыр Остывший кекс разрезаем на 2 части Промазываем кремом, накрываем второй частью. Сверху я полила кекс глазурью, сделанной из растопленного белого шоколада и сливок. Все очень просто, но так вкусно! Приятного чаепития"
Мясные рулеты с омлетом и грибами,"['Свинина', 'Грибы', 'Яйцо куриное', 'Лук репчатый', 'Мука пшеничная', 'Сухари панировочные', 'Петрушка', 'Масло растительное', 'Специи']","Продукты Мясо ( если целый кусок) нарезать большими тонкими пластинами. Хорошо отбить, поперчить посолить, и оставить на 15 минут Грибы и лук мелко нарезать, и обжарить на сковороде. 3 яйца взбить, немного посолить и поперчить. Добавить 1-2 ст. л муки, перемешать. Добавить мелко нарезанную зелень петрушки, и обжаренные с луком грибы. Вылить тесто в сковородку, и пожарить омлет с двух сторон Омлет разрезать на части. На каждый кусок мяса выложить часть омлета, и туго свернуть в рулет. Скрепить зубочистками. Обвалять рулеты сначала в муке, затем в яйце, и в панировочных сухарях. Налить масла на сковородку, так, чтобы оно закрывало на половину рулеты., хорошо разогреть, и обжарить рулеты в течении 10 минут. Удалить зубочистки., и выложить каждый рулетик на фольгу. Завернуть рулеты в фольгу. Разогреть духовку 170- 180%. Поместить рулеты в форму, или на противень, и выпекать в течении 20-30 минут. Готовые рулеты нарезать, и подать к столу. ( холодные они тоже вкусные) Приятного аппетита!"
Сырники без муки и манки,"['Творог', 'Крахмал кукурузный', 'Желток яичный', 'Сахар', 'Изюм', 'Соль', 'Ванильный сахар']","Все быстро и просто. Творог протерла через сито. Изюм промыла, просушила. Крахмал использую всегда только кукурузный. Все смешала, хорошо перемешала. Изюм добавила в самом конце. Творожная масса готова. Дать постоять минут 10. Перед формовкой и во время неё руки нужно обязательно смазывать растительным маслом, поскольку масса достаточно липкая. Поверхность, на которую буду выкладывать сырники, тоже лучше присыпать крахмалом. Из данного количества творога у меня получилось 7 средних сырников. Сверху также можно присыпать крахмалом. Но этого можно и не делать. По фотографиям может показаться, что крахмала ушло гораздо больше. Но нет!!! Он очень легкий. Всего на панировку и обсыпку сырников у меня ушло 10 г. Если руки будут всегда хорошо смазанные маслом, крахмала может уйти меньше. И формирую сырники в форме шайбы. Жарю на растительном масле, на среднем огне с каждой стороны до золотистой корочки. Очень удобно переворачивать с помощью силиконовой лопатки! Сырнички готовы!!! Подавать можно со сметаной, сгущенным молоком, варенье, джемом, свежими ягодами. По желанию присыпать сахарной пудрой! Вот такие сырнички в середине. И получаются нежные, ароматные, в меру сладкие. Надеюсь, рецепт будет полезен!!! Прекрасного всем настроения!!!"
Свинина суточная,"['Свинина', 'Апельсин', 'Мед', 'Соевый соус', 'Чеснок', 'Тмин', 'Кориандр', 'Перец красный жгучий', 'Майоран', 'Чабер', 'Розмарин', 'Перец душистый', 'Масло растительное', 'Соль']","Нарезаем, промываем и обсушиваем мясо Очищаем и натираем апельсин Берем мед, смешиваем с тертыми апельсином и чесноком, соевым соусом и растительным маслом. Маринуем в этой смеси мясо ночь - примерно, 10-12 часов под крышкой. Смешиваем все приправы, густо натираем мясо - каждый кусок. Складываем мясо в чашу мультиварки. Добавляем примерно 1/2 ст. воды, ставим на программу ""тушение"" на 1 час. Периодически переворачиваем куски. После отключения оставляем на подогреве примерно 4 часа. Мясо томится и напитывается ароматами специй. Потом включаем снова на ""тушение"", готовим 30 минут. Снова оставляем на подогреве - часа на 3. Если у вас нет мультиварки, протушиваем мясо в сковороде с толстыми стенами примерно столько же по времени - 40-50 мин. Укутываем сковороду старой курткой, одеялом. Оставляем на 4-5 часов. Потом еще раз протушиваем мясо в течение часа. И снова потомим его под одеялом - часа 3. Написано много, но в самом деле - хлопот ноль. А мясо такое получается, что мужчины уничтожают его все, без остатка, сколько бы вы его ни приготовили! Этот рецепт - участник акции ""Готовим вместе - кулинарная неделя"". Обсуждение приготовления на форуме - http://forum.povarenok.ru/viewtopic.php?f=34&t=6732"
Фаршированный картофель,"['Картофель', 'Фарш мясной', 'Лук репчатый', 'Томатная паста', 'Сыр твердый', 'Майонез', 'Специи', 'Морковь', 'Масло растительное', 'Петрушка', 'Пастернак', 'Зелень']","С помощью спирали удалить из картофеля сердцевину. Начинить картофель приготовленным фаршем. Я люблю пряный фарш, поэтому в молотое мясо добавила лук, черный, белый, красный перец, карри, майоран. Выложила нафаршированный картофель в глубокую сковороду, залила томатным соусом: на подсолнечном масле обжарила до золотистого цвета лук, морковь, добавила томатную пасту, воду, соль, мелко резанные коренья петрушки, пастернака, зелень сушеную. Сверху картофель обмазала майонезом, посыпала тертым сыром и поставила запекаться в духовку. Периодически я открывала духовку и поливала сверху картофель томатным соусом."
Ананасовый кекс с отрубями и арахисом,"['Мука пшеничная', 'Сахар', 'Отруби', 'Масло сливочное', 'Яйцо куриное', 'Молоко', 'Разрыхлитель теста', 'Соль', 'Ананас', 'Арахис', 'Мак']","Отруби залить молоком и дать набухнуть. Муку смешать с разрыхлителем и солью. Ананасы мелко нарезать и отправить к отрубям. Туда же закинуть арахис и мак (обычно я мак не использую, просто оставалась пригоршня, добавила - вписался хорошо). Мягкое масло взбить с сахаром, добавить яйцо, перемешать. Соединить все три смеси. Вылить тесто в смазанную форму. Выпекать в горячей духовке (высокий кекс будет печься минут 35-40, тонкий, как на фото, 15-25 минут). Температура около 180 градусов."
"Закуска ""Пряная""","['Килька', 'Батон', 'Яйцо куриное', 'Масло сливочное', 'Майонез', 'Лук репчатый', 'Укроп', 'Маслины']","Источник рецепта - журнал ""Люблю готовить"" за 2010 год. Часто готовлю такие бутерброды на праздничный стол в качестве закуски. Быстро, вкусно, но при этом и оригинально. Нам понадобится килька пряного посола. Мне понадобилось 12 рыбок, а вам, может, меньше или больше... Все зависит от количества приглашенных вами гостей. Надрезать брюшко кильки, вынуть хребет, отрезать хвостик. Должны получиться распластанные тушки Сварить яйца вкрутую, отделить белки и желтки Желтки растереть с 1 ст. л. размягченного сливочного масла и 1 ст. л. мелко нарезанного укропа. Оставить пару веточек укропа для украшения Белки натереть на мелкой терке, соединить и перемешать с майонезом. Нарезать батон или из хлеба вырезать овальные кусочки, намазать белковой смесью Распластанные тушки кильки намазать желтковой массой, скрутить в рулетик и продеть сквозь колечко лука. Выложить рыбные рулетики на батон Можно чередовать яичную массу - Ломтики хлеба или батона намазать и желтковой массой. Также каждый ломтик украсить кружочками маслин и зеленью укропа. Приятного аппетита!"
Нежное суфле с брокколи,"['Окорок', 'Сливки', 'Сметана', 'Орех мускатный', 'Белок яичный', 'Желатин', 'Брокколи', 'Перец черный', 'Соль']","Из половины нормы окорока и сливок приготовить пюре. Добавить сметану, соль, перец, мускатный орех, взбитые с солью белки и подготовленный желатин. Оставшиеся ломтики окорока уложить внахлeст в форму eмкостью 1 л. Выложить половину крема, разложить отварную брокколи и вылить оставшийся крем. Свисающие ломтики ветчины завернуть внутрь. Поставить в холодильник на 4 часа."
Гречка с сердечками и грибами в горшочках,"['Сердечки куриные', 'Крупа гречневая', 'Сельдерей корневой', 'Лук репчатый', 'Шампиньоны', 'Перец болгарский', 'Чеснок', 'Зелень', 'Масло растительное', 'Соль', 'Перец черный']","Сердечки отварить почти до готовности (я варила полчаса после закипания), воды должно быть достаточно, так как этот бульон потом заливается в горшочки. У меня воды был литр. Бульон посолить. Сельдерей нарезать соломкой и обжарить на растительном масле (без запаха). Добавить шампиньоны, нарезанные соломкой. Лук, нарезанный соломкой. Болгарский перец, соломкой. Выдавить чеснок. Немного посолить и поперчить. В горшочки выложить промытую гречку (по 3 столовые ложки). Выложить сердечки. Овощи с грибами. Залить бульоном. Почти до верха. Если бульона не хватит, добавить немного горячей кипячёной воды. Посыпать зеленью. Поставить в разогретую до 180 градусов духовку. Готовить до готовности гречки (я пробовала, а по времени у меня получилось минут 30). Подавать, украсив зеленью. ПРИЯТНОГО АППЕТИТА!!!"
Трюфельные конфеты из нута,"['Нут', 'Шоколад молочный', 'Какао-порошок']","Нут замачиваем на ночь Отвариваем до готовности Разминаем блендером Шоколад растапливаем на водяной бане Вливаем шоколад, перемешиваем, охлаждаем (Масса станет более плотной, как пластилин) Формуем шарики. Я делала достаточно крупные. Обваливаем в какао порошке Получилось достаточно много конфет"
Рыба в корочке из кус-куса,"['Кус-кус', 'Вода', 'Филе рыбное', 'Петрушка', 'Масло оливковое', 'Орехи грецкие', 'Сыр твердый', 'Чеснок', 'Помидор', 'Соль', 'Перец черный', 'Приправа']","Возьмем кус-кус фирмы Мистраль. Крупу зальем горячей водой, добавим 1 чайную ложку оливкового масла прикроем крышкой и оставим на 10 минут. У меня было 3 филе хека, вы можете взять треску, окуня и т. д. Сделаем псевдо -соус песто. У меня он из петрушки, грецких орехов, сыра, чеснока, оливкового масла. Можно использовать классический соус песто из базилика, шпината. Поместите петрушку, чеснок, орехи, сыр и оливковое масло в кухонный комбайн и прокрутите до образования однородной массы. Приправьте солью и перцем. Форму для запекания смажьте маслом и уложите филе рыбы. Рыбу посолите, поперчите. Сверху намажьте соус из петрушки. Разрыхлить крупу вилкой, посолить, поперчить по вкусу. Выложить кус-кус сверху рыбы с соусом. Запекать 25 мин, в разогретой духовке до 190 градусов. Пока рыба с кус-кусом запекается, порежьте крупно помидоры, перемешать с 2 столовыми ложками оливкового масла и прованскими травами, посолить. Добавим в форму с рыбой и кус-кусом. Запекать еще 3 минуты. В связи с отсутствием свободного времени и огромным желанием кормить свою семью вкусной, полезной и разнообразной пищей, меня всегда спасают такие рецепты. Кус-кус я открыла для себя, где-то 2 года назад и мне безумно нравится. Он отлично заменит рис или макароны и прекрасно подойдет на гарнир. Его можно подавать холодным или горячим, можно добавлять в салаты или использовать вместо хлебных крошек для получения хрустящей корочки. Не бойтесь экспериментировать и приятного аппетита!"
Цитрусовые мини-кексы с кокосом,"['Яйцо куриное', 'Сахар', 'Мука пшеничная', 'Масло растительное', 'Разрыхлитель теста', 'Ароматизатор', 'Сахарная пудра', 'Апельсин', 'Мандарин', 'Цедра мандарина', 'Стружка кокосовая']","Для начала хорошо взбить яйца с сахаром. Добавить растительное масло, сок мандарин и апельсина, цедру мандарина, ароматизатор DR.OETKER ваниль, кокосовую стружку. Перемешать. Добавить просеянную муку с разрыхлителем DR.OETKER. Слегка взбить. Выкладываем в небольшие формочки для кексов. Отправляем в духовку на 20-25 минут (180 градусов). Посыпаем сахарной пудрой DR.OETKER остывшие кексы. ПРИЯТНОГО АППЕТИТА! ВЕСЕЛЫХ ПРАЗДНИКОВ! С НОВЫМ 2018 ГОДОМ!"
"Курица ""По-польски""","['Филе куриное', 'Лук репчатый', 'Морковь', 'Перец болгарский', 'Кабачок', 'Баклажан', 'Чеснок', 'Зелень', 'Приправа', 'Соль', 'Сметана', 'Майонез', 'Масло растительное']","Все овощи промыть, просушить и нарезать соломкой. Куриное филе порезать небольшими кусочками. Посолить. Обжарить минут 5 на растительном масле. К нашей курочке добавим лук и обжарим минут 5. Затем добавим морковь и обжарим минут 7. Затем кабачок и баклажан, перемешаем все хорошо и обжарим минут 7. Затем добавим болгарский перец и оставим наши овощи "" доходить"". В оригинальном рецепте овощи должны быть чуть сыроваты, хрустеть. Но у нас в семье так не любят, поэтому я довела их до готовности. Вы готовьте на своё усмотрение. Пока готовятся овощи приготовим соус: смешаем майонез и сметану. Добавим соль, измельченный прессом чеснок и карри. Смешаем наш соус с овощами и протушим минут 5. Затем добавляем измельченную зелень и выключаем газ. Оставляем настоятся при закрытой крышке минут 10. Вот и все! Приятного аппетита!"
Гарнир из гречки,"['Крупа гречневая', 'Лук репчатый', 'Морковь', 'Чернослив']","Гречку вымыть и пропарить на раскаленной сковороде. Лук и морковь мелко нарезать и обжарить. Когда гречка подрумянится, влить один стакан воды, когда выпарится, добавить еще и так далее, добавлять до готовности, в конце добавить распаренный чернослив, специи. Приятного аппетита."
Фахитас,"['Филе куриное', 'Перец болгарский', 'Лук репчатый', 'Базилик', 'Орегано', 'Чеснок', 'Перец кайен', 'Соль', 'Сметана', 'Лепешка', 'Пармезан', 'Масло растительное']","Наши ингредиенты. Нарезаем соломкой перец и лук полукольцами. Перемешиваем и посыпаем солью, базиликом, орегано, чесноком и перцем. Далее нарезаем соломкой курицу. На раскаленную сковороду выливаем немного масла и обжариваем курицу с двух сторон не до полной готовности (примерно минуток 5). Затем высыпаем нашу смесь перца с луком и жарим-тушим, постоянно помешивая. Крышкой не накрывать. Как только перец будет готов, значит блюдо готово. Берем лепешку (или лаваш), смазываем сметаной (можно также использовать соус ""сальса"" и ""гуакамоле"".., добавляем сыр (по желанию). Заворачиваем. И наслаждаемся. [b]ПРИЯТНОГО АППЕТИТА :-P P. S. Моя мама, например, не любит в хлебе что-то есть, поэтому я ей просто кладу на тарелку, а сверху - сметану."
Хлебная плетёнка,"['Дрожжи', 'Молоко', 'Соль', 'Сахар', 'Масло сливочное', 'Яйцо куриное', 'Петрушка', 'Паприка сладкая', 'Перец красный жгучий', 'Сливки', 'Мак', 'Тмин', 'Кунжут', 'Мука пшеничная']","Петрушку хорошо вымыть и обсушить. Отделить зелень от стеблей и мелко нарезать. Смешать паприку и красный жгучий перец. В глубокую миску просеять муку. Молоко (можно взять 300 мл) подогреть и развести в нем дрожжи. В муку влить молочно-дрожжевую смесь. Добавить размягченное сливочное масло, соль, сахар. Замесить плотное, но мягкое тесто. Вымешивать тесто минимум 10 минут. Тесто скатать в шар, завернуть в пищевую пленку и оставить на 30 минут. Затем тесто разделить на три равные части. В одну часть добавить зелень, во вторую – паприку и чили. Третью часть оставить как есть. Дать тесту постоять еще 30 минут. Из каждой части теста скатать толстые жгуты (длина - 25 см). Заплести из жгутов косичку, закрепив (прижать) с обоих концов, чтобы они склеились и не рассоединились при выпечки. Оставить еще на 15 минут. Смешайте сливки и яйцо. Смазать смесью косичку. Тесто с зеленью присыпать тмином, с красным перцем – кунжутом, а тесто без добавок – маком. Косу перенести на противень, смазанный маслом (я этого не делала, у меня тефлоновый коврик). Отправить в разогретую духовку (180 градусов) и выпекать 30-40 минут. Приятного аппетита!"
Борщ в казане,"['Мясо', 'Картофель', 'Капуста белокочанная', 'Сало', 'Морковь', 'Лук репчатый', 'Перец болгарский', 'Помидор', 'Томаты пассерованные', 'Свекла', 'Чеснок', 'Лист лавровый', 'Зелень', 'Вода']","Приготовить все продукты. Морковь, свёклу, лук, помидоры, перец, зелень, сало нарезать. Чеснок мелко порубить. Капусту нашинковать. Разжечь костёр, нагреть казан. Выложить на дно сало, обжарить до тех пор, пока не вытопится весь жир. (На этом этапе можно использовать растительное масло вместо сала) Сало убрать шумовкой, в казан добавить овощи (лук, морковь, свёклу). На сильном огне обжарить до золотистой корочки, непрерывно помешивая. Овощи убрать шумовкой в чистую тарелку. В казан выложить крупно нарезанные куски мяса и целую очищенную луковицу. Обжарить с одной стороны. Перевернуть и обжарить с другой стороны. Влить кипяток (на 12л. казан вышло примерно 4-5 л. кипятка). Можно использовать холодную воду, при сильном огне она быстро закипит. Посолить. Снять пену и варить мясо около 1- 1,5 часов. Убрать луковицу шумовкой. Добавить крупно нарезанный картофель. Варить до готовности. Добавить помидоры, перец, чеснок, лавровый лист и пассерованные томаты. Следом добавить зажарку. Затем молодую капусту. Довести до кипения и готовить около 5 минут. Попробовать на соль, если требуется- досолить, добавить любимые приправы. Добавить зелень. Снять с огня. Борщ, приготовленный на костре, в тёплой компании друзей или семьи, очень вкусен! Запах дымка, в этом блюде придаёт особую изюминку Попробуйте! Приятного аппетита!"
"Пирог с цуккини, брокколи и оливками","['Кабачок', 'Яйцо куриное', 'Сметана', 'Брокколи', 'Оливки черные', 'Специи', 'Мука пшеничная', 'Масло растительное', 'Сыр твердый']","Натираем цуккини на терке. Добавим яйцо. Сметану и специи туда же. Перемешиваем вместе с мукой. В форму, смазанную маслом, добавим оливки. Выложим тесто и верхушки брокколи. Накроем фольгой и выпекаем 25 минут. Фольгу снимем и добавим сыр. Еще выпекать 20 минут до готовности. Вынуть и остудить."
"Слойки ""Бананово-карамельные подушки""","['Тесто слоеное бездрожжевое', 'Банан', 'Масло сливочное', 'Сахар коричневый', 'Сливки', 'Ванильная эссенция', 'Сахарная пудра']","Все очень просто! Духовку нагреть до 200 град. Слоеное тесто нарезать на квадраты стороной в 8-10 см. Печь до золотистого цвета (у меня ушло 10 мин., но вы следите по своей духовке). Тесто должно хорошо вздуться. Вынуть из духовки и полностью охладить. Готовим начинку. Бананы очистить и нарезать их кружочками. Нам понадобится также коричневый сахар и сливочное масло. Желательно брать коричневый сахар, у него более карамельный вкус, что нам и нужно. У меня был сахар ""Мистраль - демерара"". В кастрюле растопить масло, выспать сахар, добавить пару капель ванили. Довести до растворения сахара и до легкого кипения. Как только начало кипеть, влить сливки, размешать до однородности. Добавить нарезанные бананы, размешать, чтобы бананы полностью покрылись соусом. Убрать с огня. Теперь начинаем оформлять десерт. Аккуратно ножом срезаем верхушку слоек - квадратик стороной в 3-4 см. Аккуратно, стараясь не повредить дно слоек. Ложкий начинить слойку бананами, влить соус. А сверху на банановую начинку аккуратно положить срезанную верхушку-крышечку. Посыпать сахарной пудрой и сразу же подавать. Этот рецепт - участник акции ""Готовим вместе - кулинарная неделя"". Обсуждение приготовления на форуме - http://forum.povarenok.ru/viewtopic.php?f=34&t=6673"
Рапан жареный,"['Рапаны', 'Лук репчатый', 'Соль']","Берем замороженных (можно и свежих, если есть) рапанов, размораживаем. Удаляем желудок, его видно - темный, длинный. Отвариваем в подсоленной воде 3 -4 минуты после закипания, больше не следует, а то будут резиновыми. После сливаем воду, даем немного остыть и разрезаем рапана кусочками, но не мелко. Нарезаем мелко лук. В сковородку наливаем масла, разогреваем и высыпает лук вместе с рапанами, посыпаем перчиком по вкусу. Обжариваем, пока лук не станет золотистым. Все! Приятного аппетита"
Картофельные корзинки с начинкой,"['Картофель', 'Яйцо куриное', 'Сыр твердый', 'Соль', 'Перец черный', 'Сельдь', 'Лук красный', 'Уксус', 'Сахар', 'Огурец соленый', 'Сыр творожный', 'Чеснок', 'Майонез']","Картофель натереть на крупной терке. Отжать от излишков воды. К картофелю добавить яйца и сыр. Посолить, поперчить по вкусу. В силиконовые формочки для кексов выложить картофель и сформировать корзинки. Для улучшения вкуса формочки можно смазать растопленным сливочным маслом. Выпекать в разогретой до 180°С духовке минут 40-50 до готовности. Если края корзиночек начнут подгорать, можно прикрыть их пергаментной бумагой. Пока готовые корзинки остывают, приготовить начинку. Филе сельди мелко порезать (как для салата селедка под шубой). Лук порезать соломкой. Сбрызнуть несколькими каплями бальзамического уксуса и добавить щепотку сахара. Хорошо размять руками. Это уберет лишнюю горечь из лука, но оставит хрустинку. Яйца мелко порезать. К яйцам добавить натертый на мелкой терке огурцы, твердый и творожный сыр, пропущенный через пресс чеснок, майонез. Все перемешать Собрать корзинки. На дно выложить немного лука. На лук выложить селедку, а сверху шапочку из яично-сырного салата. Эти корзинки можно приготовить с любой начинкой. Вместо селедки положить жареные грибочки, какую-нибудь мясную или куриную начинку, креветки. Пробуйте, экспериментируйте. Приятного аппетита."
"Интересный пирог ""Бесхлопотный""","['Мука пшеничная', 'Крупа манная', 'Сахар', 'Яблоко', 'Масло сливочное']","Смешиваем все ингредиенты (кроме масла и яблок). Получилась у нас сухая основа для теста. Вы не поверите, но тесто готово!!!!!!!!!!!!!! Далее мы ""наше тесто"" делим на 3 части. Смазываем форму для выпечки маслом, высыпаем 1 /3 теста в форму. 2 -3 яблока натираем на крупной терке и равномерно Распределяем по ""тесту"". На яблоки высыпаем еще 1 /3 часть теста, потом опять трем яблочки. Сверху посыпаем остатками теста, а потом трем сливочное масло (замороженное) на крупной терке и распределяем по оставшемуся тесту. Всe. Ставим в разогретую духовку и печем до румяности. Проверяем готовность спичкой. Вы не поверите, но получается круче шарлотки!"
"Сазан, запеченный с томатами и овощами","['Рыба', 'Помидор', 'Лук репчатый', 'Морковь', 'Перец болгарский', 'Петрушка', 'Специи', 'Томатная паста', 'Уксус', 'Сахар', 'Мука гречневая']","Рыбу режем на стейки и каждый кусок обмазываем специями Обваливаем в гречневой муке И ставим обжаривать с двух сторон с 1 ст. л. оливкового масла, по времени 3-5 мин. Лук режем полукольцами, морковь натираем на терке и ставим тушиться на среднем огне с 1 ст. л. оливкового масла, по мере надобности подлить водички и тушить минут 10 Помидор и болгарский перец режем средними кубиками и отправляем тушиться к моркови и луку на 5-7 мин. Добавляем рубленую зелень, 2 ст. л. томат-пасты, соль по вкусу, 1 ч. л. сахара и 1 ст. л. уксуса, перемешиваем, добавляем стакан кипяченой воды Оставляем тушиться до закипания соуса Половину соуса выкладываем в форму для запекания Выкладываем сазана Сверху выкладываем остатки соуса и отправляем в духовку на 20 мин. Приятного аппетита Полезные свойства сазана очевидны, стоит лишь взглянуть на химический состав рыбы. Калорийность сазана находится на уровне 97 Ккал в 100 гр., согласитесь что это немного. Шведские ученые обнародовали результаты исследований, в которых установлено, что польза сазана исключительна для людей, страдающих железодефицитной анемией. Низкая калорийность сазана, а так же полезные свойства рыбы делают этот продукт незаменимым для диетического питания. Рыба сазан содержит большое количество железа, фосфора, магния, натрия, кальция и молибдена. Полезные свойства сазана так же заключаются в его витаминном-минеральном составе. Рыба сазан содержит витамины группы А, В, Е, С и Ниациновый эквивалент (витамин РР)."
Суфле «Птичье молоко» в шоколаде,"['Масло сливочное', 'Сливки', 'Ванилин', 'Сахар', 'Вода', 'Агар-агар', 'Белок яичный', 'Кислота лимонная', 'Шоколад темный']","Подготавливаем все ингредиенты, чтобы потом не отвлекаться в процессе Объединяем лопаткой в чаше — масло, сливки и ванилин. Взбиваем венчиком до кремообразного, однородного состояния Смешиваем воду с агар-агаром, доводим до 100 градусов, добавляем сахар и увариваем до 110 градусов. Очень важно следить за температурой и постоянно помешивать (агар-агар легко пригорает). Ближе к искомой температуре начинаем взбивать белки с лимонной кислотой венчиком. Когда белки взбиты, понемногу добавляем сироп в белки. Смешиваем полученную меренгу с кремом до объединения. Выкладываем полученную массу в рамки Разравниваем — делать надо всё быстро, т. к. агар-агар быстро схватывается. Не всегда получается успеть)) Убираем в холодильник (идеально, если в ATLANT :)) ) для стабилизации, охлаждения на пару часов. Готовим глазурь. В целом всё стандартно. На водяной бане объединяем шоколад и сливки. Достаём суфле из холодильника, нарезаем желаемыми порциями Выкладываем на решетку, покрываем глазурью и убираем в холодильник для стабилизации. Наслаждаемся великолепным результатом!)"
Сметанный пирог с тeртыми яблоками,"['Сметана', 'Яйцо куриное', 'Сахар', 'Маргарин', 'Разрыхлитель теста', 'Ванильный сахар', 'Мука пшеничная', 'Яблоко']","Яйца взбить с сахаром. Добавить сметану, маргарин (растопленный), разрыхлитель, ванильный сахар, муку. Всё хорошенько взбить. Яблоки очистить от кожуры и натереть на крупной тёрке. На противень выкладываем половину теста, потом тертые яблоки, потом выкладываем вторую половину теста. Выпекать при 180 градусах в предварительно разогретой духовке в течении 40-50 минут. Я противень выстилала пищевой фольгой, смазанной сливочным маслом. Готовность проверять зубочисткой. ... Этот рецепт - участник акции ""Готовим вместе - кулинарная неделя"". Обсуждение приготовления на форуме - http://forum.povarenok.ru/viewtopic.php?f=34&t=6817"
Куриные крылья в томатно-медовом соусе,"['Крылья куриные', 'Крахмал картофельный', 'Томатная паста', 'Мед', 'Соевый соус']","Куриные крылья разрезать на три части. Каждый кусочек обвалять в крахмале и обжарить на растительном масле. Добавить воды и довести до готовности под крышкой. Смешать томатную пасту, мед, специи (по вкусу) и добавить к мясу. Проварить. Соус должен загустеть. Посыпать крылья семенами кунжута. Этот рецепт - участник акции ""Готовим вместе - кулинарная неделя"". Обсуждение приготовления на форуме - http://forum.povarenok.ru/viewtopic.php?f=34&t=6953"
"Салат ""Черная курица""","['Курица', 'Апельсин', 'Чернослив', 'Яйцо куриное', 'Орехи грецкие', 'Петрушка', 'Майонез']","Первый слой - кусочки курицы. Затем мелко порезанный чернослив, заранее распаренный. Третий слой - нарезанные яйца. На яйца кладем измельченные грецкие орехи. Пятый слой - апельсины, порезанные кусочками. Затем петрушка. Все слои промазываем сметаной с солью и перцем, или йогуртом (аналогично), или майонезом. Я промазывала майонезом, разбавленным апельсиновым соком. Приятного аппетита!"
Запеканка сборная,"['Капуста белокочанная', 'Лук репчатый', 'Морковь', 'Помидор', 'Перец болгарский', 'Картофель', 'Шампиньоны', 'Горошек зеленый', 'Фарш мясной', 'Сыр твердый', 'Сметана', 'Майонез', 'Соль', 'Смесь перцев', 'Куркума']","Противень смазываем маслом и кладем первый слой. Это будет капуста, тоненько нашинковать и уложить. Следом кладем шампиньоны. Тоненькие колечки лука, Равномерно разложить фарш, На него тертую морковочку, Нарезанный кубиками помидор. Остатки горошка тоже пойдут в дело, равномерненько рассыпать. Следующий слой - болгарский перец, нарезанный небольшими кубиками. Красотища!!! Картошку раньше резала кружочками, но с приобретением терки ""Бёрнер"" стругаю соломкой, так красивей. Делаем заливку-соус из остатков сметаны и майонеза, добавляем водички, куркуму (для красивого цвета), перчим, солим. Заливаем соусом и посыпаем тертым сыром, куда ж без него... Отправляем в духовку где-то на 1 час (180-200 град.), пока не зарумянится сыр. Получилось очень вкусно и ярко!"
Салат на завтрак с Радиччио,"['Листья салата', 'Капуста белокочанная', 'Перец болгарский', 'Помидоры черри', 'Яйцо перепелиное', 'Соль', 'Масло оливковое']","Итак, нарезаем мелко овощи: салат, капустку (полосочками), перчик (тоненько!). Моем помидорки: у меня длинненькие - очень вкусно! Отвариваем перепелиные яйца. Овощи перемешиваем, если это на стол - добавляем остальное и ставим на стол, а если как у меня - заготовка, убираем на ночь в баночку. Утром перемешиваем овощи с солью и маслом и выкладываем слоями с помидорками и порезанными пополам яйцами - это для того, чтобы помидоры не дали сок, а желток не размазался. И вот завтрак чемпиона готов! Вот такой предлагаю очередной вариант полезного и вкусного завтрака... Приятного аппетита"
Сибас с чесночным конфи и тархуном,"['Рыба', 'Чеснок', 'Масло оливковое', 'Тархун', 'Цедра лимона', 'Соль', 'Перец черный']","Разогреть оливковое масло для чесночного конфи (почти довести до кипения). Очистить зубчики чеснока от шелухи, но не до конца (сами зубчики должны быть в кожуре). Опустить в разогретое масло веточки тархуна и очищенный чеснок, уменьшить огонь до минимума, и томить на маленьком огне около 15-20 минут (чеснок должен быть мягким). Затем, снять с огня, накрыть крышкой и оставить еще на 15 минут. Из масла достать травы и чеснок (сделать это можно при помощи шумовки). Чеснок очистить, мякоть оставить. P.s. это масло в дальнейшем можно использовать для жарения Рыбу почистить, отрезать плавники, хвост и голову, выпотрошить и разрезать вдоль брюха. Вымыть и обсушить. Выложить на противень, застеленный пекарской бумагой. Смазать ароматным оливковым маслом. Внутрь положить мякоть чеснока. Посыпать свежемолотым черным перцем. Сделать ароматную соль. Для этого, измельчить ингредиенты для соли (пару веточек тархуна, цедру лимона, морскую соль) в блендере. P.s. количество ингредиентов зависит от вашего вкуса Натереть рыбу солью. Запекать в предварительно разогретом духовом шкафу 20-25 минут. Подавать с салатной смесью или свежими овощами. Приятного аппетита!"
Банановый кекс,"['Сахар', 'Масло сливочное', 'Яйцо куриное', 'Банан', 'Вода', 'Мука пшеничная', 'Сода', 'Соль', 'Разрыхлитель теста']","Сливочное масло перемешать с сахаром. Добавить яйца, бананы и воду. Все тщательно перемешать. Добавить муку, соль, соду, разрыхлитель. Хорошо перемешать. Форму для выпекания смазать растительным маслом. Выпекать на среднем огне 1 час."
Шоколадно-банановый пирог,"['Шоколад темный', 'Банан', 'Масло сливочное', 'Сахар', 'Ванильный сахар', 'Соль', 'Яйцо куриное', 'Мука пшеничная', 'Разрыхлитель теста', 'Крахмал кукурузный']","Включить духовку на 180 С. Подготовить форму для выпечки, смазать ее сливочным маслом. Шоколад мелко порубить ножом Бананы размять вилкой. Слив. масло, сахар, ванильный сахар и соль размешать с помощью венчика. По одному вбить яйца. Хорошо размешать Муку смешать с крахмалом и разрыхлителем, добавить к яичной смеси. Затем добавить бананы и шоколад, размешать, вылить в форму и выпекать в разогретой духовке, примерно 60 минут. Готовый пирог достать из духовки, оставить в форме остывать 15 минут. По-желанию посыпать сахарной пудрой ."
"Печенье бисквитное ""Камуфляжное""","['Куркума', 'Имбирь', 'Какао-порошок', 'Мука пшеничная', 'Йогурт', 'Сметана', 'Яйцо куриное', 'Масло сливочное', 'Сахар', 'Джем', 'Разрыхлитель теста']","Положить в кастрюлю размягченное сливочное масло, яйцо, сахар (оставить 2 ст. л.), сметану и йогурт. Сметану с йогуртом, для упрощения рецепта, можно заменить на кефир. Разница небольшая, в первом варианте лишь получается структура более пышной и выпечка нежнее. Хорошо взбить массу миксером до однородной консистенции. Просеять муку. Отмерить нужное количество, вмешать в нее разрыхлитель и ввести в тесто. Размешать, чтоб не было комочков. Тесто получается густым. Делим его на 4 части. В одну часть кладем смородиновый джем, в другую джем малиновый, в третью какао + 1 ст. л. сахара и в четвертую часть теста добавляем куркуму, имбирь и 1 ст. л. сахара. Все части теста тщательно растираем до однородной консистенции. В формы для кексов (у меня бумажные) выкладываем по одной чайной ложке: сперва малиновое тесто, затем шоколадное, имбирное, потом смородиновое, и так далее до конца, оставив 1 см. свободного места сверху (т. к. тесто поднимется). Отправляем в разогретую до 170 С духовку на 15-20 минут. Достаем печенье, накрываем сухим полотенцем и даем остыть. Очень вкусные и красивые печеньки получаются... ... особенно в разломе! Это я вторым заходом испекла уже в виде бисквита! Юморно получилось! Больше на планету похоже! Так выглядит печенье в разломе: Бонус!"
Живой квас,"['Хлеб', 'Солод', 'Вода', 'Закваска', 'Сахар']","Из хлеба делаем сухарики в духовке. Лучше, конечно, домашний хлеб использовать. У меня был ""Бородинский"". Вместо сухарей можно использовать ржаную муку. 100 грамм сухариков (или муки) и 30 г солода (3 ст. ложки) кладем в 3-литровую банку и заливаем кипятком. Остужаем до комнатной температуры, чем медленнее - тем лучше. Можно укутать банку и оставить на сутки. Закваску можно использовать любую - как пшеничную, так и ржаную. Единственное условие - на пике активности. То есть подкормить и дождаться увеличения в 2-3 раза. В остывший настой добавляем 100 граммов закваски. Лучше сделать это постепенно: сначала в небольшой емкости размешать закваску и 100-200 мл настоя и затем перелить растворенную закваску в банку с квасом. Так бактерии лучше распределятся в квасе. На этом этапе можно внести сахар (для тех, кто любит послаще), он, кроме того, ускоряет брожение. Банку с квасом прикрываем неплотно крышкой и оставляем при комнатной температуре для брожения. Через 5-6 часов начнется активное брожение. Пузырьки газа устремятся вверх. Общее время брожения - 12-24 часа. Затем квас нужно процедить, плотно закрыть (чтобы квас насыщался газом) и охладить. Такой квас лучше употребить в течение 3-4 суток, так как вслед за молочнокислым в нем начинаются процессы уксусного и спиртового брожения. МИНЗДРАВ ПРЕДУПРЕЖДАЕТ: УПОТРЕБЛЕНИЕ ХОЛОДНОГО КВАСА В ЖАРКУЮ ПОГОДУ ЧРЕВАТО ВОСПАЛЕНИЕМ ЛЁГКИХ! Не болейте!"
Мягкое печенье с авокадо,"['Мука цельнозерновая', 'Крахмал кукурузный', 'Разрыхлитель теста', 'Соль', 'Авокадо', 'Сахар тростниковый', 'Ванилин', 'Яйцо куриное', 'Желток яичный', 'Шоколад белый']","Хорошо перемешать муку, крахмал, соль и разрыхлитель. В большую миску выложить пюре авокадо ( пробитую блендером мякоть), яйцо, яичный желток, ванилин и тростниковый нерафинированный сахар Мелкий ТМ Мистраль. Взбить миксером до растворения сахарного песка и получения однородной смеси. На это потребуется 3-4 минуты. Всыпать мучную смесь и перемешать ложкой до однородности. Добавить шоколадные капли и хорошо перемешать до объединения всех ингредиентов. Поместить миску в холодильник, как минимум, на 2 часа, а можно и на ночь. Мокрыми руками сформировать из получившегося теста шарики, выложить их в форму, застеленную бумагой для выпечки и слегка приплюснуть вилкой. Я сформовала вот такие цветочки. Выпекать в разогретой до 160 градусов духовке в течении 13 минут. Печенья будут казаться недопеченными, но это правильно. Они дойдут до готовности в форме, в которой оставить печенья на 5 - 7 минут. Затем остудить их на решетке. Вот и все. Печенье готово. Я еще слегка украсила его растопленным белым шоколадом. Теперь можно заваривать чай или кофе и наслаждаться вкусом. Угощайтесь, на здоровье! Приятного вам аппетита!"
"Треска, запеченная под белым соусом","['Треска', 'Лук репчатый', 'Шампиньоны', 'Молоко', 'Крахмал', 'Сухари панировочные', 'Бекон', 'Соль', 'Специи', 'Петрушка', 'Масло сливочное']","Духовку разогреваем до 175 гр. Лук очистим и тонко нарежем. Шампиньоны вымоем и нарежем ломтиками. Петрушку промоем, дадим стечь воде и мелко порежем. В сотейнике растопим масло и 5 минут потушим в нем лук и грибы. Тушеные грибы переложим в огнеупорную форму для запекания. Филе рыбы сполоснем холодной водой и положим на шампиньоны. Посыплем зеленью петрушки, добавим соль, перец, лавровый лист и тимьян. Молоко доведем до кипения. Крахмал разведем 3 ст. л. воды и при непрерывном помешивании вольем в кипящее молоко. Продолжаем мешать до образования густого соуса. Польем соусом рыбу и под фольгой запекаем в духовке 10 минут. Бекон (я его не использовала) поджарим до хрустящего состояния. Чезез 10 минут повысим температуру в духовке до 220 гр. Посыплем рыбу панировочными сухарями и разложим на ней поджаренный бекон. И опять в духовку еще на 10 минут, но уже не накрывая фольгой. Выкладываем рыбку на тарелку, поливаем соусом! ПРИЯТНОГО АППЕТИТА!"
Хумус с базиликом,"['Хлебцы', 'Нут', 'Базилик', 'Масло растительное', 'Кориандр', 'Перец белый', 'Паприка сладкая', 'Чеснок', 'Сок лимонный', 'Вода', 'Паста тахинная']","Тахини для хумуса, это незаменимая вещь, если нет готовой пасты тахини, её легко можно приготовить самостоятельно. Для этого 4 ст. л. кунжута слегка обжарить на сухой сковороде, не пережарить Обжаренный кунжут взбить блендером, добавив немного отвара от нута или воды, 0,5 ч. л лимонного сока, 1 ч. л. раст. масло, довести до состояния паштета Для хумуса приготовить все ингредиенты по списку. Базилик вымыть, обсушить, листочки нарезать, ( стебли отделить), нут и базилик измельчить блендером Добавить приготовленную пасту тахини, специи, посолить. Измельчить все до состояния пюре К хумусу подать тонкие много-зерновые хлебцы Щедрые Готовый хумус посыпать кунжутом, подавать со свежими помидорами. Хумус также отлично сочетается с бородинскими хлебцами Щедрые."
Погачице,"['Молоко', 'Соль', 'Сахар', 'Дрожжи', 'Мука пшеничная', 'Маргарин']","В тёплое молоко добавить соль, сахар, дрожжи (можно взять сухие - 1 пак.), 1ст. л. муки. Поставить в теплое место до появления ""пузырей"" (пены) Затем всыпать муку, замесить тесто - крутое, но не забитое мукой. и сразу начинайте работать с тестом!!! Из теста сделать 24 шарика (у меня на фото не шарики :-[ ) Каждыйкусочек теста скатать руками в шарик и раскатать скалкой круг - размер, как кофейное блюдце Каждый кружок ""потопить"" в растопленном маргарине (тёплом) и выложить на противень (смазанный маргарином) ... Уложить кружки друг на друга, отступая от края лепёшки 2 см Смазать взбитым с солью яйцом и посыпать кунжутом (муж любит много кунжута). Включить духовку для разогрева, за эти 10-15 минут лепешки подойдут Выпекать при 200*С до золотистой корочки, затем убавить до 150*С, подержать еще 2-3 минуты ;-) Надеюсь, вам понравится! Делала 1 -й раз с сухими дрожжами - был тогда немного другой вкус."
Рыбная запеканка по-португальски,"['Рыба', 'Помидоры черри', 'Лук репчатый', 'Морковь', 'Масло сливочное', 'Мука пшеничная', 'Зелень', 'Сыр твердый', 'Специи', 'Рис']","Для гарнира возьмем рис Кубань. Он после варки прекрасно держит любую форму, чем мы непременно воспользуемся, чтобы эффектно подать наше блюдо. Овощи помойте, очистите. Лук нарежьте тонкими дольками, морковь кружочками, помидоры на половинки или четверти Рыбное филе нарежьте небольшими кусочками Растопите столовую ложку сливочного масла и смажьте рамекины изнутри, кусочки рыбы положите в формы, перекладывая их половинками помидоров, ломтиками лука и тонко нарезанными колечками моркови. Немного посолите и поперчите. Закройте крышками и поставьте в духовку, разогретую до 220С на 20 минут А пока приготовьте белый соус - на горячую сковороду положите ложку муки и готовьте, помешивая, до появления орехового запаха, добавьте ложку сливочного масла, перемешайте до однородности и влейте немного теплой воды или бульона (рыбного или овощного). Помешивая, готовьте пару минут. Соус по консистенции должен стать как негустая сметана. Посолите, поперчите, всыпьте мелко нарезанную зелень Достаньте рамекины из духовки, влейте в каждый белый соус, посыпьте тертым сыром и снова уберите в духовку на 5 минут, но уже без крышки Готовый рис можно утрамбовать в один из рамекинов, перевернуть на блюдо, полить растопленным сливочным маслом. Рядом на тарелку поставить рамекин с рыбной запеканкой."
Мини-блинчики с отрубями,"['Сыворотка', 'Сахар', 'Яйцо куриное', 'Соль', 'Сода', 'Отруби', 'Мука пшеничная', 'Петрушка', 'Масло подсолнечное', 'Сыр мягкий']","Для мини-блинчиков я использовала хлопья ТМ МИСТРАЛЬ овсяные отруби. После сыра у меня осталась сыворотка. Вот её я и использовала в блинчиках. В сыворотке погасила соду. Выложила 2 ст. л хлопьев и дала им разбухнуть. Добавила соль, сахар и яйцо. Всё перемешала. Вмешала муку. Добавила подсолнечное масло. Тесто готово. Порубила мелко петрушку. Отправила в тесто. Выпекаем мини-блинчики. На разогретую сковороду (у меня антипригарная и я её не подмазала) ложкой наливала тесто, по 2 ст. л на один блинчик. Мини-блинчики не толстые как оладьи. С одной стороны обжарила. Перевернула и дожарила. Готовы. Из этого количества теста получилось 10 шт мини-блинчиков. Рецепт домашнего сыра я взяла на Поварёнке. Спасибо большое за этот рецепт!!! Мягкий сыр ""Лабане"" из коровьего молока См. вот здесь: http://www.povarenok .ru/recipes/show/129 391/ Накрываем и завтракаем или ужинаем. На блинчик выкладываем домашний сыр и размазываем его ножом. Завариваем чай или варим кофе и едим эту вкуснятину! Как здОрово же на природе, в саду позавтракать такой вот едой или поужинать!"
Весенний рис и котлеты с начинкой,"['Рис', 'Сок лимонный', 'Чеснок', 'Уксус', 'Масло оливковое', 'Соль', 'Огурец', 'Петрушка', 'Укроп', 'Горошек зеленый', 'Фарш мясной', 'Сыр твердый', 'Арахис', 'Перец черный', 'Яйцо куриное', 'Мука пшеничная']","Отварить рис до готовности. На данный рис нужно будет 35 минут. Откинуть на дуршлаг и дать воде стечь. Заправка для риса: смешать в чаше лимонный сок, уксус, оливковое масло. Посолить, добавить чеснок, пропущенный через пресс. Перемешать. Заправить рис полученной смесью и отставить в сторонку. Для салата: нарезать огурец, измельчить зелень, подготовить горошек. Для котлет: в фарш добавить соль и перец по вкусу, вымесить до однородности. Добавить яйцо и снова вымесить. Для начинки: в чашу блендера выложить обжаренный арахис, очищенный или нет, затем зелень петрушки и укропа. Измельчить до крошки. Выложить полученную массу в чашу и добавить тертый сыр, хорошо перемешать. Взять в руки немного фарша и распластать его в лепешку. В середину выложить немного начинки и залепить края так, чтобы начинка оказалась внутри котлеты. Обвалять каждую котлету в муке. В сковороде разогреть немного растительного масла и до готовности обжарить котлеты с двух сторон. Подавать рис вместе с салатом и котлетами. Приятного аппетита!"
Сдобное сахарное кольцо с корицей,"['Молоко', 'Яйцо куриное', 'Сахар', 'Соль', 'Маргарин', 'Мука пшеничная', 'Дрожжи', 'Корица', 'Сахар коричневый', 'Масло сливочное']","Ингредиенты для приготовления сахарного кольца с корицей. В миску добавить маргарин, поставить на медленный огонь, расплавить. Добавить молоко. В подогретое молоко добавить сахар. Добавить яйца, соль. Добавить дрожжи. Добавить муку. Замесить тесто. Емкость с тестом накрыть полотенцем и поставить в теплое место для подъема, после первого подъема тесто обмять, накрыть емкость вновь полотенцем и оставить для вторичного подъема. Далее приступить к разделке. Растопить сливочное масло. Тесто раскатать в пласт толщиной 0,7-1 см. Смазать поверхность растопленным сливочным маслом, посыпать коричневым сахаром и корицей, свернуть в рулет. Концы рулета соединить по форме кольца. Кулинарными ножницами сделать рассечки. Кольцо поставить на расстойку на 10-15 мин., затем смазать взбитым яйцом и отправить в духовку для выпекания. Приятного чаепития!"
Спагетти с курицей в сливочном соусе,"['Спагетти', 'Окорочок куриный', 'Вода', 'Сливки', 'Чеснок', 'Соль', 'Перец душистый', 'Зелень', 'Лук репчатый', 'Масло растительное']","Взять спагетти и предварительно отварить в подсоленной воде. У вареных окорочков отделить мясо от костей, порезать и обжарить вместе с нарезанным луком на растительном масле. Добавить воду и сливки. Перемешать, довести до кипения и тушить до мягкости лука. Добавить соль, перец, измельченные зелень и чеснок. Перемешать и соединить с макаронными изделиями. Приятного аппетита!"
Креветки маринованные по-тайски,"['Лук красный', 'Перец чили', 'Лимонная трава', 'Ростки', 'Креветки', 'Соевый соус', 'Соус', 'Вода']","Собрать все ингредиенты. Bажно, чтобы креветки были очень свежими. Eсли креветки в панцире, а блюдо хочется быстрее, то их нужно отчистить. Eсли время терпит, то можно в панцире, но мариновать придется 7-8 часов. Ростки промыть и уложить на дно плоской посуды с высокими стенками. Сверху уложить креветки. Нарезать лук, чили и лемонграсс. Mожно добавить чеснок и другой травы по вкусу. Bсем этим добром посыпать сверху. Маринад: смешать воду, соевый соус и рыбный соус. Если рыбного нет, то соевого должно быть 2 части, я еще добавилa сухой чили, но будет очень остро. Bсе залить, положить сверху пресс (тарелку) и убрать в холодильник на 1,5-2 часа... Подавать можно с ростками или без, с хлебом или отдельно! Приятного аппетита!"
"Куриный салат ""Маленькая Венеция""","['Окорочок куриный', 'Яйцо куриное', 'Ветчина', 'Оливки зеленые', 'Картофель', 'Лук репчатый', 'Майонез']","Подготовить ингредиенты Сварить курицу, картошку, яйца Курицу мелко порезать Оливки порезать колечками Лук, ветчину, картофель, яйца порезать кубиками Посолить, поперчить, заправить майонезом ПРИЯТНОГО АППЕТИТА"
Кокосовые трюфели в шоколаде,"['Кокос', 'Сахарная пудра', 'Шоколад темный']","Когда-то я уже показывала вам, как приготовить из одного кокоса гору кокосовой стружки и поллитра кокосового молока. Решила обновить фотографии и повторить все еще раз. Итак, в магазине долго трясем кокос у уха. Выбираем тот, в котором водичка булькает наиболее громко. Дома из трех отверстий выбираем то, которое легко прокалывается тонким и острым предметом, просверливаем дырочку и выливаем из кокоса водичку. Ее можно выпить или сделать маску на лицо (мне вкус этой водицы не очень нравится). Теперь аккуратно постукиваем тяжелым предметом по меридиану ореха, в центре. Буквально 3-4 постукивания, и орех раскалывается на две половинки. Выбираем мякоть, ножом для чистки овощей снимаем коричневую оболочку. Я не всегда чищу кокос от этой пленки, только тогда, когда мне нужна идеально белая стружка. Это как раз тот случай. П. С. В стаканчике с трубочкой как раз та самая водичка из кокоса. Перемалываем кусочки кокоса в кухонном комбайне или натираем на самой мелкой терке. Перекладываем в глубокую емкость и заливаем кипятком так, чтобы вода лишь слегка прикрыла стружку. Оставляем настаиваться 30 минут. Теперь стружку, малыми порциями, вместе с водой надо процедить через несколько слоев марли, плотно отжимая ее каждый раз. Вот что получится - кувшин кокосового молока и плошка стружки. Естественно, количество молока будет зависеть от того, как много воды вы нальете и как сильно сможете отжать стружку. У меня получилось ровно 0,5 литра. Оставляем кувшин с молоком на столе примерно на час, нам нужно дождаться расслоения молока на жирные кокосовые сливки и нежирное молоко. Если увеличите фото, то усможете рассмотреть, что молоко повело себя как порядочное деревенское молоко от настоящей коровы))) - разделилось на две фракции - сливки и, собственно, само молоко. Чем свежее орех, тем больше сливок вы получите. Поставьте емкость с молоком в холодильник, а если хотите получить сливки еще быстрее, то в морозильную камеру. Тогда они очень быстро затвердеют и превратятся в довольно плотную массу, напоминающую по внешнему виду стеариновую свечу (может, не слишком удачное сравнение, но оно вам поможет понять, до какой степени нужно охлаждать сливки). Лучше всего, конечно, поставить в холод не кувшин с узким горлышком, как у меня, а расширяющийся к верху сосуд, чтобы можно было легко вынуть пласт сливок. Я потом так и сделала, перелила в миску. Оставшееся молоко можете использовать по собственному усмотрению. Я обычно варю какой-нибудь острый тайский супчик. Итак, окончательный выход - 100 гр стружки и 500 мл кокосового молока, из которого вы получите примерно 40 гр кокосового масла. Отложите 5-6 ст. л. стружки для украшения конфет, а остальную стружку частями, понемногу подмешивайте к кокосовым сливкам и сахарной пудре, добиваясь достаточно плотной консистенции. Кокосовое масло очень быстро снова становится мягким при комнатной температуре, поэтому это не сложно. Остановиться тогда, когда массу можно будет слепить в комок. Именно слепить, сложив щепоткой пальцы обеих рук, а не скатать. Скатать не получится, масса развалится. У меня ушла вся стружка, не считая той, что я оставила для украшения. *Если у вас есть ванильный или ромовый ароматизатор, добавьте несколько капель в стружку. Технология приготовления конфет очень проста - берете небольшй комочек кокосовой массы, пальцы обеих рук складываете в щепоть и плотно прижимая их друг к другу, лепите комочек неправильной формы, затем, ослабив давление, сглаживаете острые края, добиваясь более-менее круглой формы. Процесс достаточно трудоемкий, поскольку требует определенной сноровки, но после третьей-четвертой конфетки вы поймете суть и дело пойдет быстрее. К сожалению, не сняла процесс, поскольку руки были в конфетах и не хотелось пачкать фотоаппарат. Если масса лепится плохо (допускаю, что кокосового масла в вашем купленном орехе может быть мизерное количество), можно попробовать добавить к ней немного растопленного белого шоколада или какао-масла. Можно облегчить себе работу, если плотно утрамбовать массу в ячейки от конфет и заморозить прямо в формах. Готовые конфеты убрать в морозильную камеру до полного затвердения. Осталось самое простое - растопить шоколад на водяной бане, вынуть из морозильной камеры конфеты и обмакнуть каждую в шоколад. Сразу же обвалять в кокосовой стружке, потому что на ледяных конфетах шоколад застывает очень быстро. Хранить конфеты можно в морозильной камере, а можно при комнатной температуре, шоколад не даст развалиться начинке. Мне больше нравятся холодные конфеты, когда шоколад лопается с хрустом, обнажая ароматную сладкую кокосовую начинку. Зато конфеты, нагретые до комнатной температуры, наиболее полно раскрывают свой вкус. Ледяные конфеты отогреются в тепле детских ладошек и раскроют весь свой вкус."
Рулька от Вадимки «А-ля дичь»,"['Рулька', 'Соль', 'Чай черный', 'Лист лавровый', 'Перец душистый', 'Гвоздика', 'Тимьян', 'Чеснок', 'Масло растительное']","Рульку кладём в кастрюлю, заливаем холодной водой (чтобы покрыла полностью рульку), как на холодец, добавляем все специи и доводим до кипения. Снимаем кастрюлю с огня, и оставляем до полного охлаждения (4-6 часов). Соль, гвоздика, лавровый лист и перец замаринуют нашу рульку. Чай придаст мясу тёмный цвет дичи. Тимьян насытит ароматом хвойного леса, по которому наша «дичь» гуляла. Вода остыла. Включаем духовку на 200 градусов. Приготовим обмазку. Что бы не перебивать аромат маринада, она будет очень проста: - 4 столовые ложки растительного масла без запаха; - 2 чайные ложки соли; - 2 зубчика чеснока на мелкой тёрке. Всё хорошо перемешиваем. Достаём рульку, промываем под проточной водой, обсушиваем бумажными полотенцами. Натираем обмазкой, загоняя её под шкуру и в мясо. Заворачиваем в два слоя фольги, укладываем в форму для запекания, и ставим форму на середину духовки. Что бы низ не подгорел, на дно духовки ставим небольшую кастрюльку полную воды. Через 2 часа вынимаем форму, разворачиваем рульку, снова отправляем в духовку на 15-20 минут для зажаривания. Чеснок нисколько не перебивает аромат дичи, лишь усиливает его. Таким способом можно готовить любой вид мяса. Идеально подходят голень или бедро индейки. Приятного…"
"""Мимоза""","['Сайра', 'Картофель', 'Морковь', 'Лук репчатый', 'Яйцо куриное', 'Сыр творожный', 'Майонез', 'Миндаль', 'Укроп', 'Ягода']","Готовим все продукты. Картофель и морковь нужно отварить в мундире, яйца - вкрутую. Лук ошпарить кипятком, чтобы ушла горечь. Вместо сливочного масла или плавленного сырка я буду использовать творожный сыр Hochland сливочный. Можно взять этой же марки с зеленью. Сайра у меня натуральная. Этот салат испокон веков делался и делается из сайры. Я возьму квадратный салатник со сторонами - 15 см (дно у салатника чуть меньше), высотой -5 см. Данных мной ингредиентов ровно на такой салатник. Салат укладывается слоями. 1 слой - сайра без жидкости, размятая вилкой. Если получается суховата, то понемногу добавляем жидкости из-под неё. 2 слой - ошпаренный кипятком лук и откинутый на ситечко, чтобы ушла вода с него + слой майонеза сверху 3 слой -натёртый картофель + слой майонеза сверху Морковь в этот салат я натру на тёрке и соединю с творожным сыром Hochland сливочный. Майонез не буду класть! Этот шаг и есть моё изменение в классическом салате ""Мимоза"". 4 слой - морковь натёртая на тёрке и соединённая с творожным сыром 5 слой - натёртый белок куриного яйца + слой майонеза сверху Все ингредиенты эти я натирала на средней тёрке. В классике всё натиралось на мелкой. На мелкой тёрке я натру желток. 6 слой -желток натёртый на мелкой тёрке, который натирается прямо на собранный салат (он напомнит нам вид мимозы) и ничем больше не промазывается. Слои майонеза промазывайте по вкусу! Так как салат делаю на Новогодние праздники, я его украшу сверху празднично. Из миндаля соберу ""шишки"", немного присыплю ""хвоей"" - укропом порезанным и украшу красными ягодами. Салат готов. Даём ему настояться. Раньше я его всегда делала до подачи на ночь и он у меня настаивался и пропитывался в холодильнике. Вид слоёв сбоку у салата. Как известно ""Мимоза"" делалась слоями: сайра; лук ошпаренный; майонез; картофель; майонез; морковь; майонез; сливочное масло натёртое на тёрке или же плавленный сырок вместо него; майонез; белок; майонез; желток - это классическая сборка салата ещё с 70-х годов того столетия. Я сегодня изменила состав и вместо масла сливочного или плавленного сырка буду использовать творожный сыр Hochland сливочный и заправлю им натёртую морковь. Морковь не буду промазывать майонезом. Салат на все времена! Очень нежный и вкусный!"
Кальмарчики в чесночном соусе/Chipirones al ajillo,"['Кальмар', 'Чеснок', 'Петрушка', 'Вино белое сухое', 'Масло оливковое', 'Перец красный жгучий']","Больше всего времени уходит на чистку кальмарчиков: надо достать из спинки жесткую пластинку, помыть, отцедить воду. На оливковом масле обжариваем нарезанный пластинками чеснок и острый перчик Добавить кальмачики, жарить 5-6 мин., как только начнут менять цвет, добавить рубленую зелень петрушки, белое вино, прогреть и сразу подавать к столу. Разогревать их не рекомендуется - становятся жесткими, поэтому я подаю в керамических мисочках, которые хорошо сохраняют тепло. Закуска острая, пикантная, с ярко выраженным вкусом морепродуктов."
Кета в овощной дублёнке,"['Кета', 'Ассорти овощное', 'Помидор', 'Зелень', 'Лук репчатый', 'Перец болгарский', 'Соль', 'Масло оливковое', 'Приправа']","Ингредиенты Режем помидор и лук как на фото. Перец у меня размороженный и уже нарезанный, если у вас свежий, нарежьте небольшими ломтиками. Из овощной смеси, помидоров, перца и лука делаем первую часть дублёнки и сбрызгиваем маслом. Кладём рыбу, солим, перчим переворачиваем рыбу и повторяем процедуру. Кладём немного укропа. Теперь делаем вторую часть дублёнки из оставшихся помидоров, лука и перца, сбрызгиваем маслом. Отправляем в духовку при 180 градусах на 30 минут. Достаём из духовки и открываем пергамент. Красиво подаём. Приятного аппетита!"
"Четырёхэтажный пирог ""4 сыра""","['Лепешка', 'Сыр голландский', 'Сыр сливочный', 'Моцарелла', 'Сыр твердый', 'Помидор', 'Ветчина', 'Масло сливочное']","Твердый сыр натереть на терке. Сыр с голубой плесенью нарезать кубиками. Помидор, моцареллу и ветчину - шайбами (у меня ветчина была в нарезке). Чашу мультиварки смазать сливочным маслом. Выложить на дно тортилью. Сверху моцареллу (небольшую часть отложить). Накрыть сверху вторым лавашом. Выложить помидоры. Присыпать твёрдым сыром (так же немного оставив). На третью тортилью положить ветчину... ... и сыр в пластинах. На последний лаваш добавить оставшуюся моцареллу, сыр с плесенью и голландский. Чашу поместить в мультиварку. Установить режим ""Выпечка"" на 1 час."
Закуска из рыбных консервов,"['Консервы рыбные', 'Яйцо куриное', 'Майонез', 'Багет']","Рецепт прост. Откройте банку консервированной рыбы в масле. Лучше всего подойдет сардина или скумбрия. Измельчите с помощью вилки все содержимое кроме перца горошком, который часто попадается. Добавьте натертое отварное яйцо и майонез. Смешайте и выложите на кусочек хлеба. Если сверху посыпать зеленью, то вкус только выиграет. Приятного аппетита)"
Говядина в мультиварке «Отпад»,"['Говядина', 'Лук репчатый', 'Морковь', 'Сметана', 'Помидор', 'Специи', 'Карри', 'Паприка сладкая', 'Порошок чесночный', 'Укроп']","В чашу мв выложить лук нарезанный полукольцами, морковь натереть на крупной тёрке. Обжарить на растительном масле в течение 10 минут. Затем добавить мясо нарезанное не большими кубиками. Продолжать обжаривать все вместе ещё 20 минут. Добавить все специи, сметану, стакан кипячёной воды. Помидор натереть на тёрке. Все перемешать. Закрыть мультиварку крышкой, клапан поставить на 3. Режим тушение 40 минут. Приятного аппетита!!!"
Окорочка в тесте,"['Мука пшеничная', 'Масло сливочное', 'Сметана', 'Яйцо куриное', 'Соль', 'Сахар', 'Окорочок куриный', 'Сыр твердый', 'Специи', 'Сок лимонный']","Убрать шкурку и косточку, замариновать ""ножки"". Смешать масло, муку, яйцо, соль, сахар, сметану. Замесить тесто, дать постоять в холодильнике 10 мин. Раскатать прямоугольник, положить мясо, на него кусочек сыра. Завернуть мясо, складываем конверт, сначала завернуть с одной и с другой стороны, Потом с других сторон. Укладываем на противень, смазанный маслом. Сделаем маленькие дырочки, чтобы воздух выходил, ставим запекать при 200 гр. 30 мин. Через 30 мин. накрыли пластинкой сыра и оставили, пока сыр не расплавится. Подавать горячими. Этот рецепт - участник акции ""Готовим вместе - кулинарная неделя"". Обсуждение приготовления на форуме -http://forum.povarenok.ru/viewtopic.php?f=34&t=6895"
Рис с мёдом и сухофруктами,"['Рис', 'Мед', 'Сухофрукты', 'Соль', 'Корица', 'Вода']","Это все необходимые нам продукты. Сухофрукты ( чернослив, курага, изюм, яблоки, груши ) промыть в горячей воде и слить и выложить в казан. Добавить рис к сухофруктам. Залить рис с сухофруктами кипятком, добавить соль, корицу и довести до бурного кипения Варить на слабом огне 15- 20 мин. до размягчения риса. Периодически встряхивать. При необходимости долить немного кипящей воды. Когда рис будет готов выключаем и добавляем мед. Все хорошо перемешиваем. И вот такая полезная каша у нас получилась. Подавать можно как горячим, так и холодным! Приятного всем аппетита!"
Яблочный   пирог  с  марципановой   заливкой,"['Мука пшеничная', 'Соль', 'Разрыхлитель теста', 'Сахар', 'Яйцо куриное', 'Масло сливочное', 'Марципан', 'Сметана', 'Яблоко', 'Миндаль']","Для теста: растопить масло, добавить соль, сахар, разрыхлитель муку и яйца. замесить тесто, чтобы не липло к рукам, поэтому в процессе я подсыпала ещe муки, поставить в холодильник где-то на час. Для заливки: смешать марципановую массу со сметаной, тремя стол. ложк. сахара и яйцами (я это делала миксером). Берeм тесто и выкладываем на смазанный противень (у меня была бумага для выпечки - поэтому я не смазывала). Bыкладываем и разминаем руками пирог с бортиками. Hарезаем яблоки на толстенькие пластинки и выкладываем дно. Bыливаем равномерно заливку и посыпаем миндалeм. Cтавить в разогретую духовку - 200 град. на 35 минут и ждeм балдея от запаха. у кого нет готового марципана загляните сюда https://www.povarenok.ru/recipes/show/16934/ его можно сделать.Приятного аппетита Поздравляю всех с праздником Пасхи у кого она уже наступила"
"Салат ""Гранатовый браслет""","['Картофель', 'Морковь', 'Мясо', 'Сыр твердый', 'Яйцо куриное', 'Гранат', 'Майонез']","В центр тарелки поставить стакан и выложить послойно все ингредиенты, предварительно тeртые, прослаивая майонезом. Выкладывать в вышеперечисленном порядке. :wink:"
Виноградный десерт в хрустящей посыпке,"['Хлопья овсяные', 'Стружка кокосовая', 'Кунжут', 'Сахар тростниковый', 'Виноград', 'Молоко сгущенное', 'Масло сливочное']","В хлопья ""Экстра"" от фирмы ""Мистраль"" добавить кокосовую стружку, кунжут и сахар ""Кристаллы"" от ""Мистраль"". Обжарить до золотистого цвета и запаха жаренных орехов. Дать остыть. Виноград помыть, отделить от веточки. Взять шпажки и надеть на них виноград. Количество зависит от размера винограда и длины шпажки. Сгущенку соединить с маслом, немного растопить в микроволновке и перемешать до однородной массы. Аккуратно обмазать сгущенкой виноградные шпажки. Обвалять в обжаренных хлопьях. Положить в холодильник на 20-30 мин. ПРИЯТНОГО АППЕТИТА!!!"
"Салат ""Леди""","['Филе куриное', 'Огурец', 'Горошек зеленый', 'Укроп', 'Сметана', 'Соль']","1. Куриное филе нарезаем кубиками. 2. Нарезаем мелко укроп. 3. Свежий огурец нарезаем кубиками. 4. Соединяем нарезанные ингредиенты в салатнике и добавляем горошек, соль по вкусу и сметану. Все хорошо перемешиваем. Наш салат готов! Всем приятного аппетита и хороших праздников!"
"Закусочный торт ""Пушистый""","['Филе куриное', 'Лук репчатый', 'Молоко', 'Яйцо куриное', 'Мука пшеничная', 'Масло кукурузное', 'Морковь', 'Сыр твердый', 'Специи']","Куриное мясо перемолоть с луком на блендере. К полученному фаршу добавить молоко, яйца, соль, перец. Добавить муку, хорошо перемешать. Разогреть масло и на среднем огне жарим мясные блинчики. Выкладываем тесто ложкой, быстро разравниваем. Жарим с двух сторон. Переворачивать и снимать блин кулинарной лопаткой. Получается 4 блинчика На блинчик укладываем морковь по-корейски, сверху блинчик и т. д., немного прижимая. Последний блинчик присыпать тертым сыром. Украсить по желанию. Дать пропитаться минут 30."
Фруктово-шоколадные корзиночки,"['Джем', 'Сливки', 'Вода', 'Кофе натуральный', 'Масло сливочное', 'Желток яичный', 'Сахар', 'Мука пшеничная', 'Шоколад молочный', 'Ликер', 'Фрукты']","1. Для тестa соедините муку, сахар и сливочное масло и обработайте то крошки. Добавьте желток, кофе и воду. Тесто получается мягким, не липнет к рукам, приятное на ощущение. 2. Заверните в целлофан и отправьте в холодильник на 20 минут. 3. Разделите тесто на 6 частей, раскатайте по формочкам (д = 10 см), дно проткните вилочкой. У меня диаметр формочек меньше, поэтому у меня получились 10 шт. 4. Застелите тесто фольгой и поставьте фасоль сверху. Отправить в духовку на 10 минут при 200 С, снять фольгу с фасолью и вернуть обратно в духовку на 10 минут. Дать остыть в формочках. 5. Для начинки Соединить сливки и 1/2 стак. джема ежевики, но можно и малины или другого фрукта. На медленном огне довести до кипения, постоянно помешивая. Снять с огня и добавить шоколад и 2 ст.л. ликёра, помешивая до однородности. Дать остыть. 6. Корзиночки наполнить шоколадной начинкой и отправить в холодильник на 40 минут. 7. Наполнить корзиночки фруктами и смазать глазурью: 1/4 ст. джема + 1 ст.л. ликёра, растворить на маленьком огне. Хранить в холодильнике до подачи. Приятного аппетита!"
Творожный торт под шапкой из безе,"['Масло сливочное', 'Сахар', 'Капучино', 'Яйцо куриное', 'Мука пшеничная', 'Молоко', 'Сыр творожный', 'Творог', 'Шоколад темный', 'Крупа манная']","Готовим тесто: смешиваем в миксере ингредиенты, потом вымешиваем тесто в шар Заворачиваем его в пленку и убираем в холод на 30 минут Приступаем к начинке. Маскарпоне - дорогое удовольствие. Уже несколько лет готовлю его сама по рецепту http://www.povarenok .ru/recipes/show/187 75/ Наташе в очередной раз мой поклон! :-) Отделяем белки от желтков 2 белка взбиваем. Отдельно растираем масло с сахаром, по одному добавляем 4 желтка. Смешиваем маскарпоне, творог, тертый шоколад, манку. Соединяем все с масляно-сахарной смесью. Последними добавляем взбитые белки - 2 шт. Тесто распределяем в разъемной форме. Чем меньше ее диаметр - тем выше и красивее получится торт. Выкладываем на тесто начинку. Выпекаем в горячей духовке около 40 минут. 2 оставшися белка взбиваем, постепенно добавляя 100 гр. сахара и порошок капучино. Готовим безе. Для тех, кому безе удается, или кто просто его очень любит, советую взять белков побольше, чтобы шапочка получилось более ощутимой :-) Выкладываем слой безе на тортик и отправляем его в духовку еще на 15 минут. Где-то через 5 минут можно достать тортик и вилкой сделать на безе неровности - для ""интересности"" внешнего вида Охлаждаем около 40 минут, только потом можно осторожно торт достать из формы. Я его в форме отправила отдыхать в холодильник на ночь. Украшаем и подаем!!! Это тортик в разрезе ..."
"Арабская лепешка с начинкой ""Пита""","['Мука пшеничная', 'Вода', 'Дрожжи', 'Соль', 'Сахар', 'Масло растительное', 'Грудка куриная', 'Помидор', 'Яйцо куриное', 'Лук зеленый', 'Специи']","Для приготовления питы необходимо растворить в теплой воде соль, сахар и добавить в муку. После добавляем сухие дрожжи и растительное масло. Замешиваем тесто и оставляем на 30 минут подниматься, тесто должно увеличиться в 2 раза. После того, как тесто поднялось, раскатываем колбаску и делим на 8 одинаковых частей. Скатываем 8 колобков и из них раскатываем наши лепешки толщиной 7 мм. Духовку предварительно разогреваем до 270 градусов вместе с противнем. Выкладываем наше тесто на горячий противень и выпекаем 5-7 минут. Подрумянивать лепешки НЕ НУЖНО, через 4 минуты лепешки наши надуваются, образуя пустоту внутри. Вынимаем наши лепешки из духовки и даём остыть, после чего делим на две части и начиняем наш кармашек заранее приготовленной начинкой (на ваше усмотрение). Для начинки нарежем соломкой куриную грудку, обжарим, посолим. Нарежем лук, помидор и вареные яйца, смешаем все вместе с курицей, посолим и добавим приправу по вкусу. Приятного аппетита!"
Сытная рыба в кляре,"['Филе рыбное', 'Яйцо куриное', 'Молоко', 'Соль', 'Мука пшеничная']","Филе минтая нарезать на кусочки, посолить для кляра: 3 желтка, 0,5 стак. муки, соль, муку - взбить миксером белки взбить отдельно до устойчивой пены, влить в кляр, перемешать каждый кусочек рыбы окунуть в кляр и жарить в кипящем растительном масле до образования румяной корочки."
Новогодняя eлочка,"['Вода', 'Молоко', 'Маргарин', 'Яйцо куриное', 'Мука пшеничная', 'Сахар', 'Белок яичный', 'Соль']","Вскипятить 125 мл воды, молоко, добавить маргарин (можно использовать сливочное масло), щепотку соли, довести до кипения. В кипящую воду всыпать муку, хорошо перемешать и проварить 2 минуты. Вот что у меня получилось. Массу немного остудить. Добавить одно яйцо, хорошо перемешать, добавить второе, перемешать. Добавить таким образом все яйца. Противень застелить бумагой для выпечки (или смазать маслом). Ложкой или при помощи кондитерского шприца выложить тесто в виде шариков диаметром около 4 см. Если шприца нет, можно положить тесто в пакетик, отрезать уголок и выдавить. Поставить в разогретую до 200 градусов духовку, выпекать до золотистой корочки, примерно 20 минут. Во время выпечки дверцу духовки не открывать Пока профитроли у нас пекутся, можно приготовить крем. Можно начинить взбитыми сливками, заварным кремом или просто взбитыми белками. Я сделала из взбитых белков. Взбила три белка с 50 г сахара. Вот что у нас из этого получилось. Теперь делаем карамель. Для этого понадобится 40 мл воды и 120 г сахара. Готовим путём увариванием сахарного сиропа до стадии твердой ломкости. Я сделала форму в виде конуса. Теперь беру профитроль, окунаю его в карамель и укладываю вокруг - и так доверху. Делать это надо быстро, потому что карамель быстро застывает. К НАМ ЕЛОЧКА ПРИШЛА Струится хвойный запах. К нам елочка пришла С фонариками в лапах, Нарядна и светла. Мы кружимся у елочки, Встречая праздник с ней, И нам мигают звездочки Теплом у нас согрета, Оттаяла она: Стоит зимой и летом, Свежа и зелена. Среди густых ветвей. И нам мигают звездочки Среди густых ветвей. ..."
Непеченный торт с мармеладом и орехами,"['Печенье', 'Мармелад', 'Сахар', 'Орехи грецкие', 'Какао-порошок', 'Мука пшеничная', 'Молоко', 'Масло сливочное']","Печенье измельчить в комбайне (в крошку), мармелад нарезать небольшими кубиками. В казан или кастрюлю высыпаем 5 ложек сахара, когда сахар растает, высыпаем четвертинки грецких орехом, быстро перемешиваем, чтобы каждый кусочек ореха был в сахарной карамели. Высыпаем массу из казана в растолченное печенье, и перемешиваем, отделяя кусочки орехов друг от друга. Добавляем мармелад. Крем: Смешать какао, 10 ст. л. сахара, муку, холодное молоко. Ставим на огонь, постоянно помешивая, крем должен загустеть. До кипения не доводить. 3 /4 остывшего крема вводим в смесь печенья, орехов и мармелада. Формируем торт. В оставшуюся часть крема вбиваем мягкое масло. Получившимся кремом покрывает поверхность торта."
Ряпушка с картошкой,"['Рыба', 'Картофель', 'Лук репчатый', 'Соль', 'Перец черный', 'Масло растительное']","Берем ряпушку чистим от чешуи. Удаляем внутренности. Очищенный лук режем полукольцами, толщиной полсантиметра. Картошку тоже очищенную, режем на дольки и тоже полсантиметра толщиной. Форму смазываем растительным маслом. Укладываем слой рыбы, солим, перчим. На рыбу укладываем лук, на него картошку. Солим и перчим. Сбрызгиваем растительным маслом. Накрываем форму крышкой или фольгой. И ставим в духовку на 200 градусов, минут на 40-45. После этого проверяем готовность картофеля, если готов минут на 10 без крышки оставляем в духовке форму с нашим блюдом. Выкладываем на тарелку, украшаем зеленью, половинками помидоров. Когда делал финальное фото, этих украшательств не было, позже украсил. Но времени на фото уже с зеленью и помидорами не было))) Приятного аппетита!"
"Сдобная булка ""Цветок""","['Мука пшеничная', 'Молоко', 'Яйцо куриное', 'Соль', 'Сахар', 'Дрожжи', 'Маргарин', 'Ванильный сахар', 'Корица']","Молоко нагреть и растворить в нем соль, сахар, дрожжи. Оставить на 15-20 минут для подхода. Маргарин растопить. Когда дрожжи подойдут, вбить яйца, всыпать ванильный сахар, добавить маргарин и всыпать просеянную муку. Замесить тесто (не круто) и дать постоять ему 30 минут. Разделить тесто пополам. От одной половинки отрезать 1/3. Большую половинку разделить на 5 частей. Раскатать блинчиками. Блинчики выкладывать по очереди на основание формы для тортов(по диаметру блины должны быть меньше основания). Каждый блинчик смазывать растопленным маргарином обильно (100г маргарина растопить). Острым ножом разрезать блинчики на 8 частей, не дорезая до края примерно 1 см. Отогнуть получившиеся лепестки наружу. С меньшей половиной поступаем так же.Только блинчики меньше диаметром. Выкладываем их в центр образовавшегося круга и режем и делаем надрезы в шахматном порядке. Отгибаем лепестки. Оставшуюся, самую маленькую часть теста, скатать колобком и положить в центр. Смазать желтком, смешанным с молоком. Посыпать корицей. Посыпать можно кунжутом, маком - на Ваш вкус. Выпекаем булку 10 минут при температуре 200*. И 30 минут - при температуре 180*."
Рыба по-венгерски,"['Филе рыбное', 'Сок лимонный', 'Лук репчатый', 'Морковь', 'Лук-порей', 'Сельдерей черешковый', 'Перец сладкий', 'Вино белое сухое', 'Соль', 'Мука пшеничная', 'Масло растительное', 'Соевый соус']","Филе сбрызгиваем 2 ст. ложками лимонного сока с двух сторон и 2 ст. ложками соевого соуса. Оставляем постоять минут на 20-30 (больше не надо). Обваливаем в муке и обжариваем на растительном масле до золотистой корочки. Морковь трем на терке, все остальные овощи - мелкими кубиками. Морковь с луком обжариваем на сковороде, добавляем все овощи и ставим тушить под закрытой крышкой 20 минут. Затем надо добавить яблоко (но я его не люблю) и вино, потушить еще 20 мин. Потом рыбу на 5 минуток кладем на овощи... Подаем вместе."
"Болгарский перец, фаршированный морковью","['Перец болгарский', 'Морковь', 'Помидор', 'Соль', 'Перец черный', 'Уксус', 'Лист лавровый', 'Сахар']","Болгарский перец моем, чистим. Морковь натираем на мелкой терке, солим, перчим по вкусу. Фаршируем наши перчики морковью. Поставить их в кастрюлю морковью вверх. Теперь готовим томатный сок. Помидоры пропускаем через блендер, солим, добавляем сахар по вкусу, перчим тоже по вкусу, и заливаем им наши перчики. Когда сок закипит, уменьшить огонь, добавить лавровый листик и яблочный уксус. Накрываем крышкой и тушим 40 мин. Только сок не должен бурлить, а слегка кипеть. Кстати, моя свекровь просто тушила в магазинном томатном соке, но мне вкуснее в домашнем, хотя если времени немного то можно и магазинный. Все! Готово! Очень вкусно кушать со сметаной! Всем приятного аппетита!"
Ореховые мини-бисквиты,"['Молоко сгущенное', 'Яйцо куриное', 'Орехи', 'Мука пшеничная', 'Ванильный сахар', 'Разрыхлитель теста', 'Варенье', 'Сметана']","Орехи слегка обжариваем на сковороде и измельчаем в блендере. Сгущенное молоко, яйца и ванильный сахар взбиваем миксером. Добавляем измельченные орехи, Муку и разрыхлитель. Муку я брала Белонежную, в зависимости от консистенции сгущенного молока ее может понадобится чуть больше или чуть меньше. Тесто должно получится довольно густым. В противень застеленный пекарской бумагой выкладываем тесто и разравниваем. Для удобства я использовала разъемную форму - 35*25 см. Выпекаем в разогретой до 180 градусов духовке 15 - 20 минут. Вот такой румяный бисквит у меня вышел. Разрезаем корж на четыре одинаковые полоски. Небольшая полоска осталась для посыпки. Для крема смешиваем варенье с сметаной, взбиваем миксером до однородности. Промазываем, получившимся кремом одну полоску, сверху кладем вторую и промазываем её. Со второй частью поступаем так же. Убираем в холодильник на несколько часов, лучше на ночь. Перед подачей разрезаем на небольшие порционные пирожные и посыпает либо орехами, либо остатками бисквита, измельченного в крошку. Приятного аппетита и с Наступающим Новым годом"
Постные манные кексы,"['Крупа манная', 'Мука пшеничная', 'Сахар', 'Молоко миндальное', 'Клюква', 'Ванильный сахар', 'Разрыхлитель теста', 'Масло растительное', 'Соль']","Подготавливаем все ингредиенты. Не молоко разогреваем до 45-50 градусов. Смешиваем манную крупу с сахаром, ванильным сахаром, не молоком и растительным маслом. И оставляем на 10 минут. чтобы манная крупа набухла. Добавляем через сито муку, разрыхлитель и щепотку соли. Все тщательно перемешиваем. В силиконовую форму раскладываем по 5-6 ягод клюквы и сверху выкладываем тесто. Сверху украшаем ягодами (по желанию). Выпекаем в духовке разогретой до 180 градусов в течении 20-25 минут, в зависимости от духовки. Желаю вам приятного аппетита и хорошего настроения!"
"Острый рис ""А-ля по-мексикански""","['Рис', 'Кукуруза', 'Лук репчатый', 'Помидор', 'Морковь', 'Перец болгарский', 'Перец чили', 'Базилик', 'Специи']","Поставить отваривать рис. Морковь нашинковать тонкими полосками и поставить обжаривать в небольшом количестве оливкового масла на средне-сильном огне. Около 5 мин. Лук нарезать полукольцами и добавить к моркови. Еще через 5 мин. добавить болгарский перец, нарезанный соломкой. Тушить еще 5 мин. Добавить мелко нарезанный острый перец, предварительно очищенный от семян. С помидор снять кожицу ножом или обдать томаты кипятком. Нарезать мелкими кубиками и добавить в сковороду. Из кукурузы слить лишнюю жидкость. Добавить к овощам вместе с солью и перцем. Тушить еще 5 мин. Выложить готовый рис к овощам. Аккуратно, но тщательно перемешать. Выключить сковороду и подавать на стол. Приятного аппетита"
"Старорусский рецепт ""Жаркое с грибами""","['Лук репчатый', 'Картофель', 'Перец болгарский', 'Грибы', 'Морковь', 'Специи']","Грибы обжарить с луком. В чугунке, где будет готовиться наше жаркое, обжариваем морковь и перец. Картофель нарезаем кубиками и тоже немного обжариваем все вместе. Посолить и поперчить, долить воды столько, чтобы картофель чуть покрылся водой. Доводим до кипения, уменьшаем огонь до минимума, накрываем крышкой и тушим 15 минут. Добавляем наши уже готовые грибы, даем еще минут 10 покипеть. Все, жаркое готово. Приятного аппетита!"
Домашнее дрожжевое тесто,"['Соль', 'Сахар', 'Маргарин', 'Яйцо куриное', 'Мука пшеничная', 'Вода', 'Дрожжи']","2 пакетика дрожжей САФ-момент и 6 стол. ложек сахарного песка разводим в теплой воде (0,6-0,7 литра), через 15 минут (после образования пышной пенки) выливаем эту смесь в большую кастрюлю и замешиваем тесто: яйца, мука, маргарин, соль кладем в конце (на муку). Вымешиваем - не ленимся, тесто должно получиться мягким. Через час оно увеличивается в 2 раза, обминаем и уже через час начинаем раскатывать. Раскатали первый лист, тут же включили духовку. Закончили раскатку - сажаем в духовку первый лист. У меня лист всего один, поэтому пеку в разных формах и сковородках. Лист в моей духовке выпекается 20 минут. На фото булочки с сахарной посыпкой для мужа, пирожки с капустой для дочери, ромашка для свекрови и батончики к супу. А для меня вот этот листик. Выход получается большой. Тесто подходит очень быстро и поднимается пышно. Пеку так 2 раза в неделю и экономлю много денег. Ну и, качество, конечно же, сами понимаете, хорошее. И вам советую!!!"
Тыквенный тирамису,"['Тыква', 'Лимон', 'Апельсин', 'Сахар', 'Маскарпоне', 'Творог', 'Печенье', 'Сахарная пудра', 'Миндаль', 'Ликер']","Для первого шага нам понадобится тыква, апельсин и лимон. В сотейник отправляем нарезанную средними кубиками тыкву, добавляем сок одного апельсина и половины лимона. Засыпаем сахаром и тушим на медленном огне до мягкости тыквы. У меня для этого потребовалось 25 минут. Отставляем остывать. В отдельной миске соединяем сливочный сыр с творогом и сахарной пудрой. Хорошо взбиваем миксером до однородности. Подготовим недостающие продукты: печенье ""Дамский пальчик"", миндаль и ликер. У меня не оказалось апельсинового, потому я использовала вишневый. Но очень аккуратно, чтобы не испортить цвет десерта в бокале!!! Остывшую тыкву с соком перекладываем в чашу блендера и пюрируем до однородности. В порционные креманки или бокалы собираем наш десерт: на дно выкладываем немного печенья и рубленный миндаль. Поверх печенья выкладываем пюре тыквы, сбрызгиваем ликером, покрываем кремовой массой. И снова начинаем с печенья и продолжаем до тех пор чередовать слои, пока не наполним бокал. Последним должен быть кремовый слой. Для украшения я использовали лепестки миндаля и коктейльную вишню. Отправим в холодильник на 2 часа и подаем к столу. Приятного наслаждения!!!"
Горячие бутерброды на сковороде,"['Молоко', 'Яйцо куриное', 'Батон', 'Колбаса', 'Сыр твердый', 'Масло растительное', 'Соль']","1. Подготовьте все ингредиенты. В отдельной ёмкости слегка взбейте при помощи вилки яйцо с солью и молоком. 2. Порежьте колбасу и сыр на тонкие ломтики. 3. На разогретую сковороду с растительным маслом вылейте яичную массу, равномерно ее распределите. 4. Сразу же возьмите тостовый хлеб и положите его на сковороду рядом друг с другом. 5. Как только яйцо схватилось снизу, переверните омлет вместе с хлебом, затем подверните края омлета к центру, чтобы он не выходил за пределы хлеба. 6. Выложите на одну часть бутерброда ломтик колбасы и пластинку сыра, а затем переложите хлеб друг на друга, чтобы начинка оказалась внутри. 7. Подрумяньте бутерброд на одной стороне, еще раз на другой и подавайте на завтрак. Приятного аппетита!"
"Салат ""Кондэ""","['Фасоль', 'Балык', 'Перец болгарский', 'Помидор', 'Орехи грецкие', 'Масло оливковое', 'Зелень', 'Чеснок', 'Сок лимонный', 'Листья салата', 'Маслины', 'Соль']","На снимке продукты, необходимые для приготовления салата. Фасоль я заранее перебрала, промыла и отварила в подсоленной воде, без замачивания. Эти полтора часа я не учитывала, указывая время приготовления салата. Салат относится к средиземноморской кухне. Я немного по-другому представила процесс приготовления салата, в виде пошаговой сборки на заранее приготовленных тарелках. На тарелки укладываю промытые и обсушенные листья салата, по три на каждую. В центр тарелок выкладываю фасоль. На фасоль вторым слоем нарезанный соломкой деликатес из мяса (на ваш вкус), у меня - окорок в меду, в пряной посыпке. Сверху - болгарский перец, также нарезанный соломкой. Затем тонкие ломтики помидора. Готовлю заправку. Для этого в маленькой чаше блендера смешиваю зелень, чеснок, оливковое масло, лимонный сок, соль. Все взбиваю. Для заправки можно использовать любую зелень, ориентируйтесь на свои предпочтения. Приготовить заправку можно заранее, она прекрасно хранится в холодильнике несколько дней, ее можно использовать и для любых овощных салатов. Уложенные слоями ингредиенты салата обильно поливаю заправкой. Грецкие орехи (предварительно поджаренные в микроволновке, духовке, на сковороде - подойдет любой вариант) измельчаю блендером и посыпаю салат, сбоку, для украшения выкладываю маслины. Р.S. При желании можно сбрызнуть сверху бальзамиком. Вот и все, милости просим. Этот рецепт - участник акции ""Готовим вместе - кулинарная неделя"". Обсуждение приготовления на форуме - http://forum.povarenok.ru/viewtopic.php?f=34&t=5353"
Шашлык из рыбы,"['Горбуша', 'Лук репчатый', 'Перец болгарский', 'Баклажан', 'Сок лимонный', 'Специи', 'Майонез']","Было у меня два небольших кусочка самодельного филе горбуши. Порезала я его крупными кубиками. Посолила, поперчила, сбрызнула лимонным соком и полила майонезом. Оставила мариноваться, вместе с луком, на 20-30мин. Овощи очищаем и все режем кольцами. Перец кубиками. Шпажки мочим в воде. Противень застилаем фольгой. Духовку нагреваем до 200гр. В это время, нанизываем рыбку и овощи на шпажки. Я нанизывала примерно так - перец, рыба, лук, рыба, баклажан, рыба и опять перец. Получилось 7, вроде, шпажек. Выкладываем на противень. Во время запекания переворачиваем разок. Запекаем минут 20. Достаем и кушаем. Приятного аппетита!!! К шашлычку рекомендую подать соус из сметаны, майонеза, лимонного сока и мелко рубленной зелени. Посыпаем черным перцем и намазываем шашлык перед употреблением."
Алиго,"['Сыр твердый', 'Картофель', 'Масло сливочное', 'Сметана', 'Чеснок', 'Соль']","Картофель моем, чистим, отвариваем до готовности. Режем очень тонко и мелко сыр на пластинки. Для этого блюда я использую Былинный сыр Белебеевского молочного комбината. Он сделан из топленого молока, обладает высокими вкусовыми качествами, сделан из натуральных ингредиентов без добавления растительных жиров. Как только картофель готов, проворачиваем в мясорубке или мнём его толкушкой. Далее в картофельное пюре добавляем сметану по-немножку, масло, мелко порезанный чеснок, соль и подогревая на медленном огне тщательно размешиваем. Далее потихоньку вводим ломтики сыра и активно размешиваем. Это достаточно физически сложный процесс, приходится одному человеку держать кастрюлю. Минут 10 вращаем до полного растворения сыра, как только Алиго начинает вот-так растягиваться - оно готово Приятного аппетита! НО ОСОБЕННО ЛЮБИМО ЭТО БЛЮДО ДЕТЬМИ Этот рецепт - участник акции ""Готовим вместе - кулинарная неделя"". Обсуждение приготовления на форуме - http://forum.povarenok.ru/viewtopic.php?f=34&t=6560"
Шоколадная ватрушка,"['Творог', 'Яйцо куриное', 'Сахар', 'Сметана', 'Мука пшеничная', 'Какао-порошок', 'Масло сливочное', 'Сода', 'Крупа манная', 'Ванильный сахар', 'Соль']","В глубокой миске смешать яйца, сахар и щепотку соли. Добавить размягченное масло и сметану, тщательно перемешать. Добавить соду, какао и просеянную муку. В отдельной посуде смешать творог и яйца. Перемешать и добавить сахар, манку и ванильный сахар. Взбить блендером до однородной массы. Форму для выпечки застелить бумагой для выпекания (или фольгой). У меня форма диаметром 25 см. Вылить шоколадное тесто и в середину аккуратно выложить творожную массу. Ставим ватрушку в холодную духовку и включаем 180 градусов. Выпекаем 40 минут. После готовности оставляем остывать ватрушку на решетке. Украшаем по желанию Приятного аппетита! Этот рецепт - участник акции ""Готовим вместе - кулинарная неделя"". Обсуждение приготовления на форуме - http://forum.povarenok.ru/viewtopic.php?f=34&t=6821"
Ребрышки в казане,"['Ребра свиные', 'Лук репчатый', 'Сало', 'Специи', 'Перец чили']","1. в разогретом казане вытапливаем сало до золотистых шкварочек (их потом можно использовать как отличную закуску под 40-ка градусный напиток, слегка притрусив солькой). 2. удалив из казана шкварочки, опускаем порционно нарезанные ребрышки и в течении 3-4 мин. непрерывно помешиваем. 3. солим, добавляем все специи и чили (целиком), перемешиваем и добавляем весь лук, не перемешивая. 4. тушим под плотно закрытой крышкой 40-45 мин. 5. открываем крышку и протушиваем еще 5-7 мин. 5. шумовкой выкладываем ребрышки на лаваш, украшаем свежей зеленью, подаем к столу! Советую посмотреть видео, там подробно рассказаны некоторые тонкости приготовления! Советую соус к ребрышкам - https://www.povarenok.ru/recipes/show/109907/"
Сгущенка за 15 минут,"['Молоко', 'Сахар', 'Молоко сухое']","В кастрюле перемешайте венчиком сухое молоко и сахар. Постепенно добавляйте молоко постоянно перемешивая, чтобы не образовались комочки. Кастрюлю поставьте на небольшой огонь и доводим до кипения, постоянно помешивая, чтобы не пригорело. После закипания варим еще 10 минут, постоянно помешивая. Дайте сгущенки немного остыть и перелейте в чистую емкость. Всего получилось 300 мл сгущенного молока. Хранить его следует в холодильнике. Всем приятного чаепития."
Гречневые оладьи с апельсиновым киселем,"['Мука пшеничная', 'Мука гречневая', 'Яйцо куриное', 'Детское питание', 'Напиток кисломолочный', 'Сахар', 'Корица', 'Дрожжи', 'Сок апельсиновый', 'Крахмал кукурузный', 'Молоко кокосовое']","Ингредиенты для теста. Забыла яйцо на фото В отдельной кастрюльке смешиваем сухие ингредиенты для теста. В другой кастрюльке все жидкие ингредиенты. Соединяем одно с другим. Тесто получается как жидкая сметана. Ставим в теплое место на 30-40 минут. Пока сделаем соус-соединить все ингредиенты, довести до кипения, проварить минут 15 на небольшом огне до загустения. Остудить. Получается кисЕльно, сладко и очень ароматно! Тесто подошло. Печем не толстые оладушки на хорошо разогретой сковороде. Каждый оладушек поливаем соусом. Угощайтесь! Приятного аппетита!"
Хлебный пирог,"['Орехи грецкие', 'Варенье', 'Сливки', 'Яйцо куриное', 'Багет', 'Сахар']","Багет нарезать небольшими ломтиками. Уложить в форму. Смешать яйца и сливки. На хлеб выложить абрикосовое варенье и грецкие орехи. Закрыть хлебными ломтиками, залить яйцом и сливками и посыпать сахаром. Выпекать 10-12 минут в разогретой до 180 градусов духовке. Быстрый и аппетитный завтрак готов!"
Курица в сметане,"['Филе куриное', 'Лук репчатый', 'Мука пшеничная', 'Сметана', 'Паприка сладкая', 'Вода', 'Соль', 'Масло растительное']","Лук мелко нарежем и обжарим до прозрачности на масле. Если у вас бульон - хорошо, а если бульона нет, то ставим чайник греться. Пока лучок поджаривается, нарежем куриное филе тонкими, небольшими полосками, примерно 3 см в длину и 0,5 - в ширину. Можно и потолще, но готовиться будет дольше. Когда лук стал прозрачным, добавим к нему курицу и обжарим до тех пор, пока она не станет вся белая. Вот наша курочка стала белой, мы пока выкладываем ее в миску или просто отставляем в сторону. Чайник наверняка закипел (если вы его, конечно, ставили), не забываем его выключить, если он у вас не электрический))) Сфотографировать этот шаг не успела, надо делать все быстро, но расскажу подробно. На сковороду сухую насыпаем муку, постоянно помешивая, обжариваем ее до слегка золотистого цвета; добавляем сметану, все перемешиваем и потихоньку, постоянно помешивая, следя, чтобы не было комочков, вводим бульон или воду. ПОСТОЯННО помешиваем, потому что мука имеет свойство прилипать. Теперь добавим паприки. И хорошо перемешаем. В соус добавим курочку и протушим все это минут 10. НЕ ЗАБЫВАЙТЕ ПОМЕШИВАТЬ!!! МУКА ПРИЛИПАЕТ!!! Наша курочка готова, ой, чуть не забыла! Посолить же надо! Ну вот и все. Можно подавать. Очень вкусно с рисом. Приятного аппетита!!! К сожалению, фото, как я его подавала нет, было не до того, но поверьте, это очень вкусно!"
Ленивые пирожные из слоеного теста,"['Тесто слоеное', 'Печенье', 'Молоко сгущенное', 'Масло сливочное']","Тесто разложить на доску, слегка подпыленную мукой. Дать ему согреться минут 10, немного раскатать. Каждый лист поделить на 4 части. Выложить на противень, застеленный пекарской бумагой. Выпекать в разогретой духовке при 220 градусах до золотистого цвета, минут 10 Печенье размять в крошку с помошью скалки или пропустить через блендер. Молоко сгущенное и масло взбить миксером. Берем в руку готовую заготовку и обмазываем со всех сторон кремом с помощью ножа. И обсыпаем крошкой. Вот и все. Приятного аппетита! Этот рецепт - участник акции ""Готовим вместе - кулинарная неделя"". Обсуждение приготовления на форуме - http://forum.povarenok.ru/viewtopic.php?f=34&t=5953"
"Пирог с черешней ""Брауни""","['Мука пшеничная', 'Масло сливочное', 'Шоколад темный', 'Сахар коричневый', 'Яйцо куриное', 'Разрыхлитель теста', 'Ванилин', 'Соль', 'Черешня', 'Банан', 'Творог', 'Молоко']","1. Ингредиенты для приготовления пирога. 2. Приготовим шоколадное тесто. Два крупных яйца смешиваем с 50 г сахара и взбиваем миксером. 3. К полученной массе добавляем 1 пакетик ванилина и немного соли (пару щепоток). Перемешиваем компоненты. 4. Растапливаем шоколад (100-120 г) со сливочным маслом (120 г) на водяной бане. 5. Перемешиваем компоненты до однородности. Снимаем смесь и охлаждаем. 6. Охлажденную шоколадную массу выливаем к яичной смеси и перемешиваем. 7. Затем к ним добавляем просеянную с разрыхлителем пшеничную муку. 8. Тесто получается вязкое. Если тесто очень густое, добавьте 1-3 ст. л. холодной воды или молока. 9. Делим шоколадное тесто на 2 части. 10. Приготовим начинку. Творог перетираем через сито, а затем добавляем яйца (2 шт), сахар (100 г), кусочки банана (130 г) и 1 пакетик ванилина. Банан у меня добавлен для густоты начинки. Все компоненты хорошенько измельчаем блендером до получения однородной массы. 11. Подготовим черешню или вишню. Ее моем и очищаем от косточек. Если ягода была заморожена, то ее предварительно размораживаем. 12. Берем форму (21*21) для выпечки. Застилаем бумагой для выпечки (смазываем маслом) или силиконовым ковриком (не смазываем). Выкладываем 1/2 часть шоколадного теста в форму. 13. Покрываем тесто половиной творожной начинки и ягодами. 14. Во вторую часть шоколадного теста добавляем 5-6 ст. л. холодного молока и перемешиваем. Тесто с трудом падает с ложки. 15. Выкладываем шоколадное тесто ложкой на ягоду и распределяем. Поверхность шоколадного теста не будет ровной. 16. Далее выливаем оставшуюся творожную начинку. И в завершение укладываем черешню. Разогреваем заранее духовку до 200 градусов и выпекаем пирог на протяжении 55-60 минут. 17. За это время пирог должен стать пышным и румяным. После выпечки пирог частично остужаем в форме, а затем вынимаем и нарезаем кусочками. Если вы желаете красиво подать пирог к праздничному столу, то его рекомендуется обсыпать белоснежной сахарной пудрой. К столу такое лакомство следует преподносить вместе со стаканом горячего чая или же какао."
Китайские лепешки с мясом,"['Фарш мясной', 'Лук репчатый', 'Соевый соус', 'Приправа', 'Укроп', 'Мука пшеничная', 'Крахмал кукурузный', 'Вода', 'Масло сливочное']","Из муки, крахмала и воды замесить эластичное мягкое тесто (я делаю в комбайне), накрыть влажной салфеткой. Приготовить начинку: смешать все ингредиенты для начинки в том же порядке, как написано выше. Тесто разделить на 2 части, раскатать каждую в тонкие лепёшки на посыпанной мукой поверхности. Дальше идёт самое интересное: мысленно делим лепёшку на 4 части, 3/4 покрываем фаршем. Делаем надрез... ... и складываем, скрепляя края,... ... пока не останется 1/4. Затем формируем из начинённой четвертинки круглую лепёшку и раскатываем ещё раз. Вот у меня немного разорвалась. Надо раскатывать очень осторожно и стараться посильнее слеплять края. Сковороду разогреть на сильном огне, смазать сливочным маслом, положить лепёшку и, не убавляя огонь, подержать 20 сек. без крышки... ... затем накрыть крышкой, убавить огонь до среднего и жарить 2 мин. Перевернуть и жарить ещё 2 мин. под крышкой на среднем огне. Со второй поступить так же. Каждую готовую лепешку разрезать на 4 части. Получится вот так. Мясо внутри получается таким вот слоем."
Капуста цветная с орехами по-грузински,"['Капуста цветная', 'Лук репчатый', 'Орехи грецкие', 'Чеснок', 'Петрушка', 'Перец черный']","Кочан цветной капусты разрезать пополам, сварить в солeной воде и нарезать небольшими кусочками или разобрать на кочешки. Смешать с рубленной зеленью, нашинкованным луком, толчеными грецкими орехами и чесноком, посолить, поперчить."
Салат,"['Помидор', 'Перец болгарский', 'Кинза', 'Петрушка', 'Чеснок', 'Соль', 'Масло растительное']","На плоскую неглубокую тарелку выкладывается слоями - порезанные кольцами свежие помидоры и порезанный кольцами и, слегка обжаренный, болгарский перец. Каждый слой пересыпается мелко порезанной зеленью и чесноком, смешанным с солью. Сверху ставится небольшой гнет. Съесть с аппетитом через пару часов."
Мусс из пенок,"['Варенье', 'Желатин', 'Вода', 'Мята']","Желатин заливаем водой и даём набухнуть, после этого прогреваем его на водяной бане (не до кипения) и процеживаем. Пенки размешиваем и добавляем в них подготовленный желатин. Взбиваем всё в течение 15 минут. Разливаем по формам и ставим в холодильник на 2 часа. Украшаем и подаём к столу наш десерт."
Блинчики с паштетом из куриной печени,"['Блин', 'Печень куриная', 'Масло растительное']","Приготовить тесто для блинчиков. Испечь их с одной стороны. Если кому интересно, я делаю блинчики так https://www.povarenok.ru/recipes/show/6234/ На край каждого блинчика (на выпеченную сторону) положить паштет (примерно 2 ч.л.). Как приготовить паштет, можно посмотреть здесь https://www.povarenok.ru/recipes/show/4816/ Завернуть блинчики. Обжарить блинчики со всех сторон до золотистой корочки на растительном масле. Дать чуть-чуть остыть. Подавать со сметаной."
Блинчики на желтках с шоколадной начинкой,"['Желток яичный', 'Молоко', 'Вода', 'Соль', 'Сахар', 'Мука пшеничная', 'Масло подсолнечное', 'Разрыхлитель теста', 'Шоколад темный', 'Масло сливочное', 'Сахарная пудра', 'Какао-порошок', 'Крахмал кукурузный', 'Коньяк', 'Сок свежевыжатый', 'Яйцо куриное']","Яичные желтки взбить до пены. Влить молоко, добавить соль и сахар, все хорошо перемешать. Влить кипяток и снова перемешать. Постепенно добавить всю муку смешанную с разрыхлителем, хорошо перемешать до однородной массы. Влить масло и снова перемешать. Выпечь из теста тонкие блинчика на разогретой, и смазанной тонким слоем масла, сковороде. Для начинки отдельно растопить шоколад на водяной бане или в микроволновке. В другой чаше растопить сливочное масло, добавить сахарную пудру, какао-порошок, коньяк и крахмал. Хорошо перемешать. Перемешать растопленный шоколад и подготовленную из какао массу. Каждый блин смазать тонким слоем шоколадной начинки и свернуть в трубочку. Убрать на 30 минут в холодильник. Для курда в чаше взбить яйцо, добавить сахар, грейпфрутовый сок и сливочное масло. Я готовила в микроволновке по 30 сек., перемешивала и снова ставила в микроволновку, пока не добилась желаемой густоты (ушло около 3 минут). Подавать блинчики к столу с грейпфрутовым курдом. Приятного аппетита!"
Рыбная закуска,"['Лосось', 'Яйцо куриное', 'Мука пшеничная', 'Соевый соус', 'Укроп', 'Перец белый']","Берём любую рыбку, можно использовать обрезки. Я покажу на примере упаковки слабосолёного лосося. Он ещё в лимонном перце. Потрошим рыбку на мелкие кусочки. Покрошить к рыбе варёные яйца и одно сырое для связки. Добавить соевый соус. Я использовала соус Киккоман. Перемешать всё с мукой. Порубить укроп или другую зелень. Смешать. Разложить по силиконовым формочкам. Запекать 15 минут при 180*. Подаём в тёплом или холодном виде. А вот такие кексы в разрезе."
Песочный пирог с овощами и грибами,"['Капуста белокочанная', 'Кабачок', 'Шампиньоны', 'Лук репчатый', 'Яйцо куриное', 'Маргарин', 'Сметана', 'Мука пшеничная', 'Соль', 'Сахар', 'Майонез', 'Сыр твердый', 'Укроп']","Начинка: кабачок натереть на мелкой тёрке, тушить на подсолнечном масле, через 10 минут туда же добавить капусту. Посолить. Тушить до готовности около 20 минут. Шампиньоны нарезать, обжарить на подсолнечном масле. За 5 минут до окончания добавить мелко нарезанный лук. После того, как готовая начинка остынет, смешать тушеные овощи с грибами и мелко нарезанным укропом. Из данных продуктов замесить песочное тесто: 2 яйца, 100 грамм сметаны смешать. Маргарин слегка растопить и ввести в яичную смесь. Добавить пару щепоток соли и 2 чайные ложки сахара. Перемешать. Муку вводить постепенно. Главное, не переборщить, иначе тесто будет клекловатым. Убрать в холодильник. Приготовить заливку для пирога: 2 яйца взбить со 100 гр майонеза и туда же добавить тертый на мелкой терке сыр (у меня обычный Российский). Сковороду смазать маслом, обсыпать манкой или молотыми сухарями (у меня манка), раскатать по форме тесто, выложить начинку, сверху распределить ровным слоем нашу заливочку. Бортики аккуратненько завернуть. Готовить в духовке 20-30 минут до образования румяной корочки. Вот и всё. Пирог готов! Всем пришёлся по вкусу! Приятного аппетита! Подавать можно как в горячем, так и в холодном виде. Проверили утром, холодный он не менее вкусный, нежный. Попробуйте, не пожалеете. Приятного аппетита!"
Кабачки в картофельной панировке,"['Яйцо куриное', 'Картофель', 'Мука пшеничная', 'Сухари панировочные', 'Укроп', 'Кабачок', 'Соль', 'Перец черный']","Берём кабачки и очищаем их овощечисткой. Кабачок разрезаем вдоль пополам, потом каждую половинку ещё пополам, и ещё раз разрезаем. Картофель натираем на крупной тёрке, отжимаем жидкость, солим, перчим, добавляем сухари панировочные, укроп. Насыпьте в миску муку, в другую-разбейте яйца. Берем нарезанный кабачок, обмакиваем в муку, потом -в яйцо, затем обваливаем в картофельной панировке. Картофель плохо прилипает, поэтому помогаем руками. Кладём кабачковые палочки на смазанный маслом противень или антипригарный коврик. Первую партию я положила на смазанную бумагу и у меня всё прилипло, не допускайте моей ошибки. Запекаем в духовке до золотистого цвета при 200 -220 градусов. Блюдо готово, угощайтесь!"
Овощной суп-пюре с твердым сыром,"['Филе куриное', 'Брокколи', 'Капуста брюссельская', 'Кукуруза', 'Горошек зеленый', 'Картофель', 'Морковь', 'Лук репчатый', 'Петрушка', 'Приправа', 'Соль', 'Масло растительное', 'Вода', 'Сыр твердый', 'Фасоль']","Филе курицы вымыть, нарезать кусочками. В кастрюлю налить кипяток и варить филе курицы, предварительно посолив по вкусу, около 30 -45 минут. В сковороду влить 2 ст. л. растительного масла, натертую на терке морковь, немного потушить до 10 -15 минут на умеренном огне, добавить мелко нарезанный репчатый лук. Даем луку немного потушиться, добавляем сюда же нарезанную капусту брокколи, капусту брюссельскую, зеленый горошек и спаржевую фасоль. Все эти овощи тушим 5 -10 минут. Когда филе сварилось, добавляем картофель, варим до его готовности. Тушеные овощи перекладываем в кастрюлю, добавляем кукурузу консервированную. Доводим до кипения. Добавляем зелень. В емкость для блендера кладем твердый сыр, измельчаем, добавляем суп с кусочками мяса, снова измельчаем. Готовый измельченный суп-пюре разливаем по тарелкам, посыпаем приправами."
"""Романтическое свидание""","['Говядина', 'Свинина', 'Филе куриное', 'Лук репчатый', 'Майонез', 'Сыр твердый', 'Чернослив', 'Картофель', 'Соль', 'Перец черный']","Мясо порезать на тонкие пластины, отбить, порезать очень тонко как на лапшу, посолить поперчить, обжарить на растительном масле. Добавить лук колечки, обжарить до готовности лука. Картофель порезать на половинки. на дно сковороды налить немного воды, выложить мясо с луком, по бокам картофель, залить соусом и посыпать тертым сыром. Соус майонез и мелко порезанный чернослив. Поставить в духовку на 20 минут."
Шоколадная паста от Джейми Оливера,"['Фундук', 'Сахар', 'Шоколад темный', 'Сливки', 'Масло сливочное']","Набор продуктов, необходимых для приготовления Джейми советует прогреть орехи 10 минут при 200 градусах в духовке. Мне не хотелось прогревать духовку ради горсточки орехов, поэтому я сделала это на раскаленной сковородке. После прогревания с орешков легко отделится шелуха. Пробить фундук с сахаром в блендере. У меня ушла пара минут на режиме турбо, орехи превратились в пасту Растопить шоколад на водяной бане или в микроволновке, добавить сливки и сливочное масло комнатной температуры Смешать шоколадную массу и ореховую Переложить пасту в стерилизованную банку и отправить в холодильник Приятного аппетита!:)"
"Винные бублики ""Нега""","['Мука пшеничная', 'Сахар коричневый', 'Вино белое полусладкое', 'Масло подсолнечное', 'Разрыхлитель теста', 'Ванильный сахар', 'Соль', 'Желток яичный', 'Мед', 'Кунжут']","Ингредиенты необходимые для приготовления нашего сладкого подарка. В миске соединить масло, вино, сахар и ванильный сахар, тщательно перемещать венчиком. Добавить просеянную муку, разрыхлитель и щепотку соли. Количество муки регулируйте по состоянию теста. Оно должно получиться мягким. Все перемешать и замесить послушное, однородное тесто. Духовку разогреть до 180-200 градусов. Противень застелить пергаментом. Тесто разделить на 12 одинаковых кусочков, скачать из них колбаски и свернуть в колечки. Тесто очень податливое, к рукам не липнет. В неглубокой тарелке смешать жидкий мед и желток, тщательно перемешать и аккуратно смазать поверхность бубликов. Присыпать кунжутом и отправить в духовку на 20-25 минут. Они должны подрумяниться. Готовые бублики остудить и можно звать всех на чай) С Олей я познакомилась на Поваренке, хотя нас разделяет всего 200 км мы не встречались... пока . Два года назад она мне просто так прислала чудесную посылку, в которой были настоящие сокровища для меня. В подаренные ею кокотницы я просто влюблена и с огромным удовольствием ими пользуюсь. Французские апельсиновые гренки приготовлены именно в них https://www.povarenok.ru/recipes/show/98590/. В посылке все было собрано от души и с большим вниманием. Еще раз хочу сказать огромное спасибо за те подаренные минуты радости. Надеюсь, что мои бублики тебе понравятся . Чудеса случаются, главное верить !!! Счастья и волшебного настроения!!!"
Пирожки с тыквой и рисом,"['Тыква', 'Рис', 'Соль', 'Перец черный', 'Сахар', 'Масло сливочное', 'Мука пшеничная', 'Кефир', 'Маргарин', 'Сода']","В муку добавляем кефир, натертый маргарин, соль, гашенную соду. Замешиваем до состояния очень мягкого теста. Выкладываем в целлофановый пакет. Отвариваем хорошо промытый рис минут 7-10. Остужаем. Тыкву чистим и режем кубиками. Я пользуюсь nicer dicer. Смешиваем с солью, сахаром, черным перцем. Тесто раскатываем не очень тонко. Выкладываем начинку и не забываем в каждый пирожок добавить маленький кусочек сливочного масла. Защипываем тщательно края. Вилкой чуть проколоть пирожки. В разогретую духовку поставить лист с пирожками. Температуру выставить среднюю, выпекать минут 20-30, до чуть золотистого цвета. Уже готовые и горячие пирожки накройте полотенцем и обмотайте целлофановым пакетом. Через минут 30-40 угощайтесь. И в горячем и в холодном виде они чудесны! Этот рецепт - участник акции ""Готовим вместе - кулинарная неделя"". Обсуждение приготовления на форуме - http://forum.povarenok.ru/viewtopic.php?f=34&t=6693"
Простой ужин,"['Картофель', 'Крупа гречневая', 'Мука пшеничная', 'Соль', 'Масло растительное']","Настолько простейший в приготовлении рецепт, что и шагов, по сути, раз и два))) Гречку нужно промыть и отварить. Картофель очистить... Картофель натереть на мелкой терке ( я половину тру на самой меленькой, оставшуюся половину - на мелкой для сыра), немного отжать и смешать в равных пропорциях с гречневой крупой. Добавить соль, муку и растительное масло... перемешать. Форму для запекания смазать сливочным (или растительным) маслом и немного присыпать сухарями... Выложить нашу массу.. Поставить в разогретую духовку. Первые 20 мин. - 180* (накрываю крышкой), еще 20 мин. - 200* (без крышки). Но нужно ориентироваться на Вашу духовку (у меня достаточно слабая)... Подавать можно со сметаной, мы (девочки))) любим с молоком, мужчины наши всегда предпочитают с жареным салом, мясом и луком))) P.S. : Надеюсь кому-нибудь рецепт покажется интересным )))Как вариант, разнообразить повседневное меню, вполне подходит))) Спасибо за внимание... Приятного аппетита!!!"
Куриный рулет «Неземное блаженство»,"['Филе куриное', 'Бекон', 'Сыр творожный', 'Огурец маринованный', 'Перец болгарский', 'Специи', 'Соль', 'Масло растительное']","Филе куриной грудки разрезать вдоль, но не до конца. Развернуть и хорошенько отбить, в пакете или пищевой пленке. Бекон нарезать тоненькими полосками. А можно купить уже нарезанный. Маринованные огурцы и сладкий перец нарезать тоненькими полосками. На пищевую пленку выложить внахлест несколько полосок бекона. Сверху отбитую грудку, одну или две все зависит от размера. Посолить, поперчить, посыпать специями. На край выложить сыр, потом несколько полосок огурца и перца. Аккуратно свернуть плотно в рулет. Завернуть в пищевую пленку, хорошенько замотать края, чтоб при запекании сок оставался внутри пакета. На противень налить растительного масла, выложить рулеты и залить водой в 2 сантиметра. Запекать в духовке при температуре 200-220 градусов 30-40 минут. Не бойтесь за пленку, она не лопнет и не запечется, за счет воды. Когда рулеты будут готовы, аккуратно снять пленку и приятного аппетита!!!"
"Безе ""С кислинкой""","['Белок яичный', 'Соль', 'Сахар', 'Клюква']","Белки взбить с щепоткой соли до пиков. Продолжая взбивать, добавить сахар - примерно 1/4-1/3 стакана на 1 белок. Клюкву в сахаре добавить к белкам. Аккуратно перемешать. Ложкой выложить безе. Выпекать при 120 С примерно 1.5 часа. Дать остыть в духовке. Приятного аппетита!"
Яблочные оладьи,"['Яблоко', 'Яйцо куриное', 'Мука пшеничная', 'Сода', 'Сахар', 'Соль']","Натереть яблоки на крупной терке, добавить яйцо, соль, сахар, муку и соду и замесить ложкой тесто. Тесто должно быть очень густое, что бы с ложки не стекало, но не крутое. Муки может потребоваться больше или меньше чем в ингредиентах, все зависит от яблок (ориентируйтесь на тесто см. фото). Далее разогреваем сковороду, наливаем немного растительного масла, ставим маленький огонь, и выкладываем мокрой ложкой наши аладьи. Жарим до румяного состояния с обеих сторон. Готовые оладьи хороши в горячем и холодном виде. Все очень просто, а главное, вкусно и быстро. В процессе приготовления можно корректировать ингредиенты, ориентируясь на свой вкус."
"Кофе ""по Румынски""","['Кофе растворимый', 'Какао-порошок', 'Сахар', 'Ванилин', 'Сахарная пудра', 'Сливки']","В кофейник с холодной водой кладут приготовленную смесь из кофе какао и сахара, доводят до кипения. Разливают в чашки и украшают сливками взбитыми с сахарной пудрой и ванилином."
"Закрытая ""пицца"" или наша золотая серединка","['Лаваш', 'Сыр плавленый', 'Сосиска', 'Помидор', 'Лук репчатый', 'Зелень', 'Майонез']","все на месте, кроме майонеза ....забыла сначала обжариваем лук и пока лук жарится, мы подготовили лаваш к превращению в пиццу: разрезаем лаваш вдоль пополам пока остывает лук, мы натерли сырок, порезали сосиски, помидорку и укроп на нижний слой намазали совсем чуть-чуть майонеза, выложили весь лук уложили все сосины посыпали укропчиком затем помидорки разлеглись на всю зелень и пока ждал своей очереди сырок, он немного скучковался, но ничего, и его уложили ко всем остальным героям начинки я - такая вредная!! промазала еще раз майонезом, и накрыла верхней крышкой лаваша, немного прижала и в микроволновую печь на 8-10 мин. Режется пирог, ой, пицца... то есть пирог-пицца очень хорошо! вкусно очень, угощайтесь! и пока я писала этот рецепт, постучалась ко мне идейка, а что если с этим лавашем сделать любую начинку, как в пирогах? творог, картошка с грибами, рис с яйцом и луком... а?"
Пирог с вишней,"['Яйцо куриное', 'Сахар', 'Сметана', 'Маргарин', 'Мука пшеничная', 'Разрыхлитель теста', 'Вишня', 'Уксус']","Белок отделить от желтка. Желтки растереть добела с 4 ст. л. сахара, добавить: 2 ст. л. сметаны, размягченный маргарин, разрыхлитель и 8 ст. л. муки. Тесто выложить в смазанную форму и выпекать до полуготовности. Готовность получившегося коржа проверять спичкой или зубочисткой. Взбить белки в густую пену с 4 -5 ст. л. сахара, добавить пару капель уксуса - это придаст блеск безе. На корж выложить отжатую от сока вишню. Сверху мокрой ложкой выложить безе. Выпекать до золотистого цвета безе. Приятного аппетита! ; -)"
Шампиньоны в вине,"['Шампиньоны', 'Вино красное сухое', 'Лук репчатый', 'Соль', 'Специи', 'Яйцо куриное', 'Майонез', 'Сыр твердый', 'Мука пшеничная', 'Курица', 'Ветчина']","Грибы чистим, моем. Если крупные режем на 2 или 4 части. Но мелкие красивее смотрятся :) Грибы кладем в раскаленное растительное масло и жарим, уменьшив огонь, примерно 15 минут, помешивая. Грибы должны приобрести приятный цвет и запах, а вся жидкость из них выкипит. Затем вливаем вино. Огонь делаем побольше, сковороду закрываем крышкой и ждем, пока вино впитается в грибы. Добавляем лук, порезанный тонкими полукольцами и жарим до готовности лука. Подсаливаем по вкусу. (я добавила 1 кубик приправы Крошка чеснок, потому не солила) Выкладываем в форму для запекания. Готовим соус. Взбиваем яйцо, добавляем муку и майонез. По желанию подсаливаем и добавляем специи. На крупной терке натираем сыр. Заливаем грибы соусом, посыпаем тертым сыром. И в духовку на 250 С минут на 15. Я ещё на грибы сверху насыпала зеленый порезанный лучок, и кусочки варенной курочки, но если добавить ветчинки - то вообще вещь будет!!! Хотя и без всяких добавок - вкуснота необыкновенная. Хотела разрезик показать, но не успела. Съели в мгновение ока! Приятного аппетита!"
Сырные мешочки с начинкой,"['Сыр сулугуни', 'Яйцо куриное', 'Крабовые палочки', 'Сметана', 'Чеснок', 'Свекла', 'Чернослив', 'Орехи грецкие', 'Сыр творожный', 'Соль', 'Специи', 'Укроп']","Подготовим начинку: Измельчаем в блендере крабовые палочки с яйцом, выдавливаем чеснок, добавляем сметану соль и любимые специи. Для второй начинки трём свёклу на мелкой терке, измельчаем орех и чернослив, выдавливаем чеснок, смешиваем с творожным сыром, добавляем соль и специи. Теперь приступим к приготовлению наших мешочков. Сыр режем ломтиками, толщиной примерно 0,5 см. Готовим разделочную доску, скалку и пекарский коврик для раскатки Для расплавления сыра я использовала силиконовую форму для выпечки, в середину кладём ломтик сыра и плавим его в микроволновке примерно 10- 20 секунд (зависит от размера и толщины ломтика) Аккуратно формируем из расплавленного сыра пальцами кружочек на доске, сверху кладём пекарский коврик и раскатываем скалкой кружок, сильно давить не нужно Далее кладём чайную ложку начинки в середину и собираем мешочек, делать нужно быстро, пока сыр не остыл Вот, что получается. Верхушку мешочка в принципе можно ничем не обвязывать, просто закрепить пальцами Но для красоты можно перевязать стрелкой лука, стебельками зелени, или сделать веревочку из того же расплавленного сыра Начинки можно делать любые, по вкусу После приготовления лучше на некоторое время убрать в холодильник"
"Пирог с творогом, грушами и ягодами","['Творог', 'Вода', 'Цедра лимона', 'Яйцо куриное', 'Масло сливочное', 'Разрыхлитель теста', 'Сахар', 'Мука пшеничная', 'Сливки', 'Ванилин', 'Груша', 'Ягода']","Нарезать масло на кубики Смешать с мукой, разрыхлителем и сахаром (лучше в комбайне) до крошкообразного состояния Не выключая комбайн, добавить цедру, яйцо и воду Замесить эластичное тесто Раскатать тесто в круг, выложить в предварительно смазанную (по необходимости) маслом форму диаметром 24 см, покрыв тестом дно и стенки формы. Наколоть тесто вилкой в нескольких местах Выложить поверх теста бумагу для выпечки, наполнить фасолью и запечь в духовке при температуре 200*С в течение 10 минут Взбить творог с сахаром, ванилью и сливками. Добавить взбитое яйцо, тщательно перемешать Нарезать груши дольками и выложить на дно пирога Залить пирог творожной смесью и посыпать сверху ягодами Выпекать ~ 40 мин. (до готовности творога) при 200*С Слегка остудить пирог в форме, затем выложить на блюдо Остывший пирог посыпать сахарной пудрой."
Куриный бургер с ананасом,"['Филе куриное', 'Масло сливочное', 'Огурец', 'Йогурт', 'Петрушка', 'Укроп', 'Сок лимонный', 'Помидор', 'Листья салата', 'Горчица', 'Сыр твердый', 'Мука пшеничная', 'Ананас', 'Чеснок', 'Булочка']","Филе режем на куски, добавляем масло, солим-перчим. и при помощи блендера превращаем в фарш. Укроп, петрушку и огурец также пропускаем через блендер. Добавляем йогурт, солим-перчим, чеснок через пресс, снова взбиваем. Вот такой соус у нас должен получится. Оставляем настаиваться минут на 10. В это время из фарша формируем котлетки по размеру булочки, обваливаем в муке и обжариваем на среднем огне до готовности. Если хотите-обваляйте в панировочных сухарях. Мы их не любим, поэтому воспользовалась мукой. Я делала 3 бургер на 3-х человек, но ингредиентов указано на 4 штуки. Обжарить ананас. Да, он консервированный! Не бойтесь его жарить. Я это делала на сковороде гриль. За счет сахара ананас при термообработке немного карамелизируется и становится очень вкусным! Как только наши котлетки готовы-выключаем плиту, кладет по кусочку сыра на каждую котлетку и накрываем крышкой на 5 минут. За это время сыр расплавится. Булочку подогреваем как Вам больше нравится. Собираем бургер: нижнюю часть булочки смазываем горчицей, кладем 2 листочка салата, два кусочка помидора, котлетку с сыром, ананас, поливаем соусом и накрываем снова булочкой! Получаем наш ооооочень вкусный бургер!!! Приятного аппетита, любимые поварята!"
"Сыр плавленый ""Коралл""","['Творог', 'Сливки', 'Масло сливочное', 'Яйцо куриное', 'Соль', 'Семга', 'Крабовые палочки', 'Паприка сладкая', 'Сода']","1. Поместите в миксерную чашу все ингредиенты (кроме крабовых палочек и сёмги). 2. Выберите режим ""Блендер"", скорость до 7, время 30 секунд и перемешайте до однородной массы. 3. Выберите режим «Нагрев», температура 80 С, время - 20 минут, скорость - 3. 4. Готовьте до получения однородной массы, похожей на жидкий расплавленный сыр. 5. Добавьте мелко нарезанную сёмгу и крабовые палочки в горячий сыр, перемешайте в режиме ""Блендер"", скорость - 4 в течение 10 секунд. 6. Перелейте сырную массу в глубокую миску или контейнер, охладите до комнатной температуры, перемешайте, накройте крышкой и уберите в холодильник на ночь. 7. Подавайте в качестве холодной закуски на разрезанных пополам пшеничных булочках. Подробнее о кухонной машине Oursson КМ1010НSD >>>"
Булочки с сюрпризом,"['Мука пшеничная', 'Мука цельнозерновая', 'Дрожжи', 'Сахар', 'Соль', 'Молоко', 'Масло сливочное', 'Масло растительное']","Итак, делаем вначале опару. Я взяла теплое молоко + 1 ст. муки + весь сахар+ дрожжи. Все перемешать и оставить до образования шапочки. Опара по консистенции у меня получилась, как тесто на оладьи, и стояла минут 30). Можно сделать ее жиже (т. е. взять меньше муки). Дальше я для замеса теста воспользовалась хлебопечкой. Вылила туда опару + остальная мука+соль+растительное масло, поставила на режим ""тесто"". Правда, в процессе замеса добавила еще 2 ст. л. молока. Если нет цельнозерновой муки, можно добавить отруби, либо обойтись просто пшеничной мукой. Булочки в гостях мы ели только из пшеничной муки, а я добавила отруби. Если печки нет, то замесить тесто руками и дать ему подойти (чтобы увеличилось в 2 раза). Когда тесто подошло, переложить его на стол, посыпанный мукой, и разделить/разрезать на кусочки средней величины. Дальше сформировать булочки и дать им немного подняться (этот процесс я забыла сфоткать) Теперь берем булочку, в середину кладем кубик масла и сверху присыпаем солью (масло я предварительно разрезала на кубики и поставила в морозилку) Теперь берем и прячем масло с солью в булочку. Нужно вытянуть тесто в противоположные стороны и соединить их над кубиком масла. И так повторить и с другой стороны Сверху булочку присыпать мукой и положить на смазанный маслом противень. Дать постоять минут 15-20. Духовку предварительно разогреть до 250* и поставить в нее булочки. При такой температуре печь 10 минут, после убавить до 200* и выпекать еще минут 15 (или до готовности, до золотистого цвета). Вот наши булочки готовы. Если при выпечке они немного раскрылись, ничего страшного. У меня с некоторыми тоже такое произошло (и на дне рождении также такие булочки были). Дать им остыть и можно кушать. ПРИЯТНОГО АППЕТИТА!!! Дописываю немного позже. Я думаю, вместо масла можно положить кубик сыра и также притрусить солью. Будет тоже вкусно. Масло впитывается в булочку, а сыр только расплавится, но останется сверху."
Настойка имбирно-медовая для пап,"['Имбирь', 'Мед', 'Водка', 'Можжевельник', 'Перец кайен']","1. У меня был твердый, зрелый мед. Я его нарезала полосочками и запихнула в бутылку. Вы можете взять жидкий мед. Топить его не рекомендую, так как цель этой настойки – сохранить все полезные вещества, содержащиеся в продуктах. 2. Трем имбирь на терке, пихаем туда же. 3. Можжевельник тоже кидаем в бутылку. 4. Перец – вы угадали – мы тоже кидаем в бутылку (ежели вы любитель острых ощущений, можете запихнуть перчик целиком). 5. Героически настаиваем 2 недели (мед за это время растворится, настойка приобретет яркий медово-золотистый оттенок). 6. Процеживаем и употребляем во время или после еды. Ввиду ядерности составляющих, не рекомендую употреблять на голодный желудок. Так могут развлекаться лишь идеально здоровые люди. Еще эта настоечка поможет желудку расправиться с тяжелой пищей, например, с отбивной."
Паста с домашним итальянским соусом,"['Макаронные изделия', 'Помидор', 'Лук репчатый', 'Чеснок', 'Грибы', 'Базилик', 'Петрушка', 'Соль', 'Перец душистый', 'Масло оливковое']","Сначала приготовим соус. Для этого моем помидоры, разрезаем пополам и трем на крупной терке серидинку так, чтоб кожица осталась в руке. Кому удобнее, можно сначала снять кожицу и натереть потом помидор. В иоте получаем помидорный сок с кашицей. После этого на мелкой терке натираем лук, тоесть должна получиться луковая и томатная кашицы. В сковороде разогреваем 1 ст. л. оливкового масла и бросаем туда несколько маленьких кусочков чеснока ( приблизительно половинка зубчика) и обжариваем его в масле пока оно не впитает аромат чеснока ( секунд 10-15), после этого вылавливаем чеснок и выливаем в масло кашицы помидора и лука. Все хорошо перемешиваем и тушим на небольшом огне. Когда приблизительно половина жидкости испарится добавляем грибы, солим и перчим по вкусу и продолжаем тушить помешивая пока не испарится вся жидкость и не останется густой томатный соус. ( как вариант, моя мама еще иногда отдельно обжаривает немного фарша и также добавляет в соус.) Прошу прощения за качество, но соус должен выглядеть приблизительно так. В конце в соус выкладываем зелень, перемешиваем и тушим под закрытой крышкой еще минуту. Я делала в этот раз без зелени, потому что муж ее постоянно выковыривает: ( Теперь отвариваем макароны, сливаем воду и заливаем их соусом. Все хорошо перемешиваем и приятного аппетита!"
"Салат ""Пекинская креветка""","['Капуста пекинская', 'Креветки', 'Авокадо', 'Сок']","Пекинскую капусту мелко режем, авокадо очистить, также мелко порезать, добавить креветки,1 ст ложку сока лимона перемешать, посолить, поперчить, добавить приправки травяные, украсить. Очень легкий, сытный и аппетитный салатик, а главное, очень полезный. Приятного аппетита!"
Говяжий суп с домашней лапшой,"['Говядина', 'Картофель', 'Лук репчатый', 'Морковь', 'Укроп', 'Петрушка', 'Перец черный', 'Приправа', 'Соль', 'Яйцо куриное', 'Вода', 'Мука пшеничная']","Говядину помыть и поставить на огонь, как закипит, слить воду и заново залить, положить туда же очищенный лук, лаврушку, перец и продолжать варить на медленном огне. Готовим лапшу: В 300 гр муки добавить 2 яйца и 2 ст. л. воды, хорошо вымесить тесто, тесто должно быть тугим и суховатым, воды больше не добавлять, а то не получится. Раскатать пласт толщиной примерно 3 мм и свернуть в трубочку. Далее режем тонкие полоски. Готовые полоски обсыпать мукой и ждать своего часа. Готовую говядину вынуть из бульона и нарезать кубиками и снова закинуть в бульон. Лук вынуть из бульона, он нам больше не понадобится. Картофель нарезать кубиками, морковь тоже, добавить в бульон, через минут 10 туда же лапшу, накрыть крышкой и варить до готовности. В конце заправить зеленью. Приятного аппетита!"
Паста карбонара,"['Макаронные изделия', 'Масло оливковое', 'Бекон', 'Лук репчатый', 'Чеснок', 'Сливки', 'Яйцо куриное', 'Пармезан', 'Специи', 'Петрушка']","Подготовка: 20 мин. › Приготовление: 20 мин. › Общее время: 40 мин. Отварите спагетти в большом количестве воды. Воду подсолите, варите почти до готовности (al dente), не переварите. Слейте воду, добавьте 1 ложку оливкового масла, встряхните кастрюлю и отставьте. В это время в большой сковороде подрумяньте нарезанный бекон, он должен стать хрустящим. Затем выньте и положите на бумажное полотенце, чтобы впитался лишний жир. В сковороде оставьте 2 ст. л. жира от жарки бекона, добавьте 1 ст. л. оливкового масла и нагрейте на среднем огне. Добавьте нарезанный лук и готовьте, пока лук не станет прозрачным. Добавьте чеснок и готовьте еще 1 минуту. Верните бекон в сковороду, туда же выложите готовые спагетти. Все перемешайте и прогрейте. Если нужно, добавьте еще чуточку масла (если макароны слипаются). Смешайте взбитые яйца с пармезаном и сливками и добавьте в сковороду к макаронам. Перемешайте и снимите с огня, как только яйца свернутся. Посолите и поперчите по вкусу (осторожно, бекон и пармезан уже соленые!). Подавать сразу с нарезанной петрушкой и пармезаном."
Блинчики по-норвежски,"['Молоко', 'Йогурт', 'Яйцо куриное', 'Мука пшеничная', 'Соль', 'Сахарная пудра', 'Масло сливочное', 'Масло растительное']","А в Англии есть своя Масленица - называется Блинный День или Жирный Вторник. Тоже связано с началом поста - последний день, когда можно есть яйца. Английские блины обычно очень тонкие и плотные. Сейчас большинство домохозяек покупают специальную муку для блинов (продается она в пластиковых больших широких бутылках), прям в ней разводят и льют из бутылки тесто на сковороду. Но пожилые люди продолжают делать тесто для блинов сами. Этот вариант я получил от соседей. Назвали они их почему то ""Блины по норвежски"". Говорят, что их научили друзья, приехавшие из Скандинавии. Единственное, что я изменил, это заменил животные жиры (а используют они растопленный утиный жир) на сливочное масло. Вначале миксером перемешиваем молоко, йогурт (у меня греческий йогурт), яйца, соль, сахарную пудру. Добавляем муку, миксером перемешиваем. И последним вливаем растопленное масло. Тесто тщательно перемешиваем и даем постоять минут 10, чтобы мука немного разошлась. Перед тем как начинаем печь, еще раз перемешиваем тесто. У нас в семье я отвечаю за тесто, а жарит блины супруга. Для скорости сразу на 2х сковородках. Сковороды кисточкой смазываем тонким слоем масла для жарки, жарим на огне чуть выше среднего. Наливаем тесто и распределяем по всей поверхности сковороды тонким слоем. Как нижняя сторона блина зарумянилась, а тесто вверху схватилось - переворачиваем блин. Готовые блины выкладываем на тарелку, сверху накрывая другой. Я люблю на каждый второй блин класть тоненький кусочек сливочного масла. Блины отлично подходят как для сладких, так и несладких начинок. Блины тонкие, эластичные и без больших дырок. Блины получаются достаточно сытными."
Конфеты Цитрусовое наслаждение,"['Лимон', 'Апельсин', 'Вода', 'Крупа манная', 'Орехи грецкие', 'Стружка кокосовая', 'Сахар', 'Ванилин']","1. Грецкие орехи поджарить, остудить, измельчить блендером, отставить в сторону. (в оригинале использовали кешью) 2. Снять цедру при помощи мелкой терки с 2 апельсин, потом с 1 лимона в разные емкости и отставить. Исключить попадания в цедру белой части цитрусовых – будет сильно горчить. (Большую часть цедры я порезала ножом, т. к. подвела терка) 3. Выжать сок из 2 апельсинов и 1 лимона. 4. В сотейник с толстым дном налить воду, выжатый сок. 5. Насыпаем в жидкость 150 грамм сахара, добавляем 0,5 пачки ванили - хорошо перемешиваем ложкой и ставим на огонь. 6. Берем несколько ложек жидкости из сотейника, выливаем в цедру лимона, перемешиваем и высыпаем обратно в сотейник. 7. Тоже самое проделываем с апельсиновой цедрой. ( Жидкость в цедру наливаем для того, чтобы цедра не слиплась, попадая в сотейник) 8. Доводим до кипения, мешая, варим 3 минуты. 9. Тонкой струйкой всыпаем манку, постоянно мешаем ложкой. 10. Варить 5-7 минут на самой низкой температуре на плите, постоянно мешая ложкой, чтобы не пригорела. 11. Снять с огня, дать остыть 12. Если надо быстро остудить, то можно в холодильник или морозилку заранее отправить посуду, в которой будем перемешивать смесь для конфет, а, когда эта смесь будет готова, достать посуду и высыпать туда - она быстро остынет). 13. Добавляем сюда измельченные орехи 14. Хорошо размешиваем ложкой. Если не получается ложкой, вымешивайте руками. 15. Можно формировать конфеты. В тарелочку насыпать кокосовую стружку. Смочить в воде руки, чтобы они были немножко влажные ( воду я налила в пиалу, чтобы мочить пальцы) и формировать конфеты величиной с грецкий орех. В оригинале можно в середину каждой конфеты положить один миндальный орех. 16. Обмакиваем со всех сторон в кокосовой стружке каждую конфетку. 17. Вместо кокосовой стружки можно взять измельченные орехи, какао с сахарной пудрой. (у меня не хватило кокосовой стружки, поэтому я попробовала обмакивать в измельченный орех и какао). 18. Получилось 34 конфеты 19. В кокосовой стружке мне понравились больше всего. 20. Их можно есть сразу, а можно положить в холодильник. Детям и взрослым очень понравились конфеты. 21. Приятного аппетита!"
Бефстроганов в томате,"['Телятина', 'Лук репчатый', 'Соль', 'Перец черный', 'Томатная паста', 'Масло растительное']","Нарезать лук полукольцами, мясо - брусочками Обжарить лук на растительном масле до золотистого цвета Добавить мясо, посолить, поперчить по вкусу. Обжаривать на среднем огне 10-15 мин Разводим томатную пасту в кипячёной воде и добавляем в мясо. Накрыть крышкой и тушить до готовности, периодически помешивая. Подавать с пюре. ПРИЯТНОГО АППЕТИТА!"
Рождественские ванильные рогалики,"['Мука пшеничная', 'Масло сливочное', 'Миндаль', 'Сахарная пудра', 'Желток яичный']","Продукты, которые понадобятся. Сахарная пудра - 20 г в тесто, 20 г на обсыпку. Смешать мягкое масло, желток, муку и сахарную пудру (20 г). Миндаль очень мелко смолоть в кофемолке, добавить к основной массе. Замесить тесто. Накрыть пленкой, положить в холод на час. Отщипывать от теста маленькие кусочки (чем меньше, тем лучше), лепить рогалики, выкладывать на противень. Выпекать при 180 гр 10 минут. Печенье должно остаться светлым. Печенье должно полежать на противне до полного остывания, только потом обваляйте его в сахарной пудре, иначе оно рассыпется. Перед тем как обвалять в сахарной пудре, я ставила противень в холодильник на час. Приятного аппетита и счастливых праздников!"
Конвертики с грибами и сыром,"['Свинина', 'Грибы', 'Лук репчатый', 'Сыр твердый', 'Соль', 'Перец черный', 'Яйцо куриное', 'Мука пшеничная', 'Сухари панировочные', 'Приправа', 'Масло растительное', 'Масло сливочное']","Свиная филейка. Режем поперек и наискосок на порционные куски. Отбиваем м мешочке. Получаются вот такие ""блинчики"". Обжариваем грибы с луком. В остывшие грибы с луком добавляем сыр. Начинку кладем на кусочки мяса и заворачиваем конвертики. Панируем. Готовый полуфабрикат. Приятного аппетита! Свиное филе (внутренняя филейка или, как у нас называют, сладкое мясо) зачистить от пленок и порезать поперек и наискосок на порционные куски. Куски положить в полиэтиленовый мешок и очень тонко отбить. В мешке они не порвутся и можно добиться желаемой толщины. Грибы почистить, лук мелко порезать. Лук и грибы обжарить на сливочном масле. Когда остынут - перемешать с тертым сыром. Берем отбитую филейку, солим ее, перчим, на край кладем смесь грибов, лука и сыра и заворачиваем как блинчик. Затем обмакиваем в муке, потом в яйце и в панировочных сухарях. Жарим на медленном огне в растительном масле с двух сторон. Когда перевернем - накрыть крышкой. Подаем с картофелем-соломкой, моим салатом ""Семейный"" и соусом. Приятного аппетита."
Творожные пончики в сахарной глазури,"['Творог', 'Яйцо куриное', 'Мука пшеничная', 'Ванилин', 'Сахар', 'Масло подсолнечное', 'Сахарная пудра', 'Вода', 'Какао-порошок', 'Стружка кокосовая', 'Сода гашеная уксусом']","Наши ингредиенты, только соды не хватает. Взбиваем яйца с сахаром в пену. Добавляем соду, муку, творог, ванилин, и все тщательно перемешиваем до однородной массы. Вот что у нас получилось. Отщипываем кусочек теста и делаем из него лепешечку. Затем берем рюмочку и проделываем дырочку. Это наша заготовка для пончика. Опускаем в раскаленное масло... Процесс пошел. У нас осталось много кружочков от пончиков. Будем делать безотходное производство, мы их туда же, в масло... Такие симпатичные ""колобусики"" получаются. Займемся глазурью. Рецепт глазури подойдет любой, но я делаю так: в посуду высыпать сахарную пудру, добавить горячую воду и перемешать, пока масса не станет гладкой и настолько густой, что станет налипать на ложку густым комком. Для вкуса и цвета можно добавить какао или заменить воду на какой-нибудь сок, или, если не хотите изменять цвет, а только вкус, добавьте лимонный сок и, что немаловажно - никакой варки! Покрывать изделия нужно немедленно... застывает очень быстро. Заглазировался. Сверху посыпаем кокосовой стружкой и выкладываем на блюдо. Ну, вот и все! Можно наслаждаться десертом. Приятного аппетита!!! [size=15]ПРИЯТНОГО АППЕТИТА!!![/size]"
Свежий салат с грецкими орехами и сулугуни,"['Листья салата', 'Огурец', 'Помидор', 'Сыр сулугуни', 'Орехи грецкие', 'Масло оливковое', 'Сок лимонный', 'Соль', 'Зелень']","Салат хорошо промыть, обсушить, выложить на тарелку. Огурец нарезать кружочками, выложить на листья. Всю зелень мелко нарезать (зелень на Ваш вкус, но присутствие кинзы, на мой взгляд, обязательно). Частью зелени посыпать огурцы. Далее натёртый сыр. Я, на крупной тёрке. И измельчённые (но не сильно) орехи. Поливаем немного маслом (лучше оливковым, но можно любым, любимым). И сбрызгиваем лимонным соком. Я салат не солила, так как сулугуни достаточно солёный сыр. Но это на Ваш вкус. Далее - помидоры и остальное всё так же как и с огурцами - то есть зелень, сыр, орехи, масло, лимонный сок. Подавать сразу. [size=18 ]Приятного аппетита![/size]"
Домашний кетчуп на зиму,"['Помидор', 'Перец сладкий', 'Перец красный жгучий', 'Лук репчатый', 'Чеснок', 'Крахмал картофельный', 'Перец черный', 'Паприка сладкая', 'Кориандр', 'Гвоздика', 'Соль', 'Сахар', 'Уксус']","В кастрюлю с толстым дном нарезаем крупно помидоры, сладкий перец, горький перец с семечками (убираем только хвостик), чеснок, лук. Ставим на большой огонь тушиться. Добавляем приправы. Тушим, пока смесь не уварится в два раза. Когда смесь уварилась, это примерно 2 часа. Взбиваем блендером. Перетираем смесь через сито. Ставим на огонь. Когда закипит, вливаем тонкой струйкой крахмал, разбавленный в холодной воде, сразу перемешиваем, чтобы не образовалось комочков, добавляем сахар, соль и уксус. Доводим до кипения. Кипятим 5-10 минут, чтобы сахар и соль впитались, пробуем на вкус. Разливаем в заранее стерилизованные баночки, закатываем или закручиваем крышками."
Пармская запеканка из баклажанов,"['Баклажан', 'Моцарелла', 'Пармезан', 'Масло оливковое', 'Соль', 'Перец черный', 'Лук красный', 'Чеснок', 'Томаты в собственном соку', 'Вино белое сухое', 'Зелень', 'Перец красный жгучий', 'Кетчуп', 'Сахар']","Фото ингредиентов. Порежьте баклажаны вдоль тонкими ломтиками. Мои были староваты и с пятнышками, поэтому я срезала кожуру, но вообще их обычно не чистят. Баклажаны ""аль натюрель"" лучше держат форму, да и смотрятся более выгодно, чем чищеные. Если вам мешает горечь в баклажанах, то дайте им пустить сок. Для этого ломтики баклажанов выложите слоями, пересыпав солью и переложив слои салфетками, и оставьте на 20-30 минут. А можно просто залить соленой водой, но тогда их надо будет просушить перед жаркой. В принципе, по-настоящему горьких сортов баклажанов в наше время не так легко найти Пока баклажаны дают сок, приготовьте соус. Для этого нашинкуйте лук, чеснок и чили (если свежий). Порежьте зелень, не очень мелко. Если у вас целые томаты, не стоит их резать, см. совет ниже. На средне-горячей сковороде спассируйте лук до прозрачности (я немного упустила) Добавьте чеснок и чили и жарьте еще 1-2 минуты, пока не почувствуете явный запах чеснока. Не упустите, чесноку нельзя давать подгореть. Добавьте томаты и вино (если используете), черный перец и сахар/кетчуп. Пока не солите. Дайте смеси закипеть, потом убавьте огонь и томите под чуть сдвинутой крышкой около получаса, до загустения. Если томаты у вас были целые, подавите их, как картошку для пюре. Также, если хочется, готовый соус можно измельчить блендером до однородности. Мне больше нравится с кусочками. В готовый соус добавьте зелень. Попробуйте, по желанию слегка посолите. Только не забывайте, что сыр привнесет в блюдо довольно много соли. Обжарьте баклажаны порциями с обеих сторон. Они должны стать мягкими и полупрозрачными, но их не стоит сильно зажаривать, достаточно до легкой золотистости. Чтобы баклажаны приобрели характерную нежную, «бархатистую» текстуру, они должны пропитаться маслом, поэтому масла понадобится довольно много. Блюдо не диетическое. Но если вы очень хотите ограничить количество масла, попробуйте не наливать его в сковороду, а промазать кисточкой ломтики с обеих сторон. Еще один способ - пожарить от трети до половины баклажанов, а остальные залить крутым кипятком и подержать минут пять. Обжаренные ломтики нужно тщательно промакнуть салфеткой. Салфеток уйдет много! Пока жарятся баклажаны, натрите сыр. Если у вас моцарелла в шариках, ее проще порвать на тонкие длинные полоски. Разогрейте духовку до 180-190С. В форму для запекания выложите тонкий слой соуса (буквально 2-3 ст. л.), сверху на соус слой баклажанов. (Отдельно о форме: вам понадобится тяжелая огнеупорная посудина с толстыми стенками, лучше чугунная или керамическая, шириной не более 20 см. У меня обычная чугунная сковорода.) Посыпьте сыром. Далее еще слой соуса, слой баклажанов, слой сыра. Тут стоит оговориться, что в некоторых рецептах советуют использовать оба вида сыра сразу (т. е. большее количество моцареллы присыпать меньшим количеством пармезана), в других прослаивают только моцареллой, а пармезаном посыпают лишь самый верхний слой, в третьих сыры чередуют. Но в большинстве вариантов верх блюда посыпают только пармезаном, без моцареллы. Вам может показаться, что соуса слишком мало, но на каждый слой должно уходить всего по неск. ст. ложек, т. к. готовая запеканка должна держать структуру, не растекаться. Запеканка готова к отправке в духовку. Выпекать около 40 минут. Готовность блюда можно проверить, воткнув в него вилку или нож. Если входит легко, как в масло, то готово. Подавать пармиджану лучше не с пылу - с жару, а чуть остудив. В идеале, при разрезании она должна хорошо держать форму, не растекаться, должны быть четко видны слои. За каждым кусочком будет тянуться ниточка плавленой моцареллы. Уж извините, мой тупенький фотоаппарат это толком передать не смог. Хлебом очень вкусно вымакивать остатки соуса. Приятного аппетита!"
Крылышки гриль,"['Крылья куриные', 'Соевый соус', 'Специи', 'Соль']","Замаринуйте крылья с утра в соевом соусе со специями и солью. Специи на Ваш вкус. Лучше брать по-острее. Выложите крылья на решетку в микроволновке тонкими кончиками вовнутрь. Влезают все 8 крыльев. Обжарьте на ""Комби-1"" (самый низкий гриль с микроволнами) сначала с одной стороны 20 минут. Потом переверните и в том же режиме еще 20 минут. Если кровь все-таки вытекает, то пожарьте еще. Все. Никаких сложностей. Я также готовлю ножки, голени и ляжки. Очень сочное мясо получается и очень вкусное. Главное - не передержать. А то однажды я сделала чипсы. Грызли ножки долго."
Куриные котлеты с начинкой из гречки и лука,"['Филе куриное', 'Картофель', 'Крупа гречневая', 'Лук репчатый', 'Соль', 'Сухари панировочные', 'Масло растительное', 'Вода', 'Мука пшеничная', 'Томатная паста', 'Чеснок', 'Огурец']","Для приготовления начинки для куриных котлет я использовала гречневую крупу от компании ""Мистраль"" Куриное филе пропустить через мясорубку, гречку отварить до готовности, лук мелко нарезать и обжарить на растительном масле, сырой картофель очистить и потереть на мелкой тёрке. В куриное филе добавить картофель, соль и перемешать. В гречку добавить лук, перемешать. Из фарша на ладонь выложить небольшую лепёшку. В середину лепёшки положить начинку из гречки и лука. Сформировать котлетку и вылепить звёздочку. Котлетку обвалять в панировочных сухарях. Выпечь при температуре 180-200 градусов 20-25 минут. Приготовить подливку. В воду добавить муку, довести до кипения, добавить томатную пасту, чесночок и соль. Кипятить 1-2 минуты. Куриные котлеты с начинкой подавать с подливкой и солёными или маринованными огурчиками. Куриные котлетки с начинкой в разрезе. Приятного аппетита!"
Фунчоза со свининой и маринованными овощами,"['Свинина', 'Соль', 'Смесь перцев', 'Соевый соус', 'Масло растительное', 'Фунчоза', 'Листья салата', 'Лук зеленый', 'Морковь', 'Огурец', 'Перец чили', 'Уксус']","Сначала готовим маринованные овощи. Морковь и огурец режем очень тонкими кольцами или полукольцами, удобнее использовать тёрку ""Бёрнера"". Мелко режем перец чили или халапеньо (без семян). Смешиваем соевый соус ТМ ""Киккоман"" и рисовый уксус, нагреваем 30 секунд в микроволновке. Заливаем овощи маринадом, перемешиваем и оставляем мариноваться, пока готовим остальные составляющие ужина. Готовим фунчозу согласно инструкции на упаковке. Я заливаю кипятком на 3 минуты. Далее откидываем на дуршлаг, промываем холодной водой, оставляем стечь. Свинину (карбонат) нарезаем кусками толщиной около 1,5 см, слегка отбываем, натираем солью и смесью перцев. На горячую сковороду наливаем растительное масло, кладём свинину. Обжариваем мясо по 3-4 минуты с каждой стороны. Поливаем мясо соевым соусом ТМ ""Киккоман"", переворачиваем и готовим в течение 30 сек. Еще раз поливаем соевым соусом ТМ ""Киккоман"", переворачиваем и продолжаем готовить еще 30 сек. Готовому мясу даём отдохнуть 5 минут. На листья салата кладём фунчозу. Маринад с овощей сливаем. С краю фунчозы кладём (можно сверху) маринованные овощи. Также сверху или с краю кладём свинину. Поливаем фунчозу соком, выделившимся при жарке свинины, посыпаем зелёным луком или зеленью. Мой муж ещё и полил себе всем оставшимся маринадом. Приятного аппетита!"
"Горбуша ""Страна Лимония""","['Горбуша', 'Чеснок', 'Лимон', 'Масло оливковое', 'Соль', 'Шампиньоны', 'Лук репчатый', 'Помидор', 'Сыр твердый', 'Майонез', 'Приправа', 'Зелень', 'Перец черный']","Сначала рыбку замаринуем. Для этого ее надо почистить, пока она еще полностью не оттаяла: так легче чистить), разделать на филе с кожей, порезать на порционные куски. Посыпать солью и перцем. Чеснок очистить, выдавить через пресс и посыпать рыбу. Полить свежевыжатым соком лимона и маслом. Поставить под пресс в холодильник на 2 часа. Лук нарезать полукольцами, обжарить. Грибы и помидоры мелко нарезать, сыр натереть на крупной терке. Рыбу выложить на смазанный противень. Затем на рыбу выложить лук, грибы, помидоры. На этом фото показано на разных кусочках пошагово. Сверху полить рыбку майонезом. Я добавила в майонез 2 ст. л. сметаны и мелко порезанную зелень. Поставить противень в нагретую духовку и запекать 30 минут. Затем противень вынуть, посыпать рыбу натертым на терке сыром и снова поставить в духовку. Запекать еще минут 10, пока сыр не зарумянится. Подавать с картошечкой, украсив зеленью. Это невероятно вкусно, сочно... Присоединяйтесь. Приятного аппетита!!!"
Мои зразики,"['Мука пшеничная', 'Яйцо куриное', 'Масло растительное', 'Лук репчатый', 'Соль', 'Перец черный', 'Картофель', 'Курица', 'Бульон']","У меня курица-спортсменка... или, как брат говорит, это та, которая умерла своей смертью... Короче суповая (можно бройлера). Ее помыть, порезать и залить водой. Посолить. Я варю в печке, экономлю... (А бройлер варится быстро). Курочка стояла у меня в печке 3часа. С нее теперь надо снять мясо вместе с шкурой. Мясо пропустить через мясорубку. Почистить луковицу и порезать кубиками. Поджарить до прозрачности. (у меня малость пережарился пока детей гоняла) В лук добавить куриный фарш. Добавить бульон. Добавляла я столовыми ложками и у меня пошло 25 ложек. Добавлять бульон надо до пушистого состояния фарша. Картошечку почистить, отварить, остудить. Пропустить через мясорубку. В картошку добавить яйца и 6 ст.л. муки. (Если картошка сухая, то 4 ст. л. муки) Замесить в миске вот такое ТЕСТО. Ну, подобие теста..... Если добавить больше муки, то когда оно поджарится, будет жестковато... На стол высыпать муку. Прямо горой. Экономить на муке лучше не надо... Муку немного разровнять и положить туда тесто... ....обвалять его в муке... Разрезать с начало на 4 части, а потом каждую часть еще на 10 частей. Каждый кусочек обвалять в муке. И надо смотреть, чтобы тесто на стол голый не попадало, а то прилипнет... В каждом сделать небольшое углубление для начинки. Или средними фалангами пальцев или кончиками пальцев. Положить в углубление 1 десертную ложку с горкой, но не большой, начинки. Защипнуть край, как у пирожков. Аккуратно позажимать между ладоней, сложенных лодочкой. Потом, перед тем как положить на сковороду, небольшим нажатием прижать. Все надо делать в большом количестве муки. И аккуратно, тесто не эластичное. Вот я их налеплю и только перед жаркой обтряхиваю лишнюю муку, делаю пирожками и на сковороду. В сковороду налить масла примерно 1см. Масло разогреть на большом огне. Выпекать до золотистого цвета, так же на большом огне. Готовые зразы выкладывать с начало на бумагу. Масла стекает довольно много..просочилось через 6 стр. Потом на тарелку. Вот такая стопочка вышла. Поедается эта красота и в горячем и в холодном виде. Очень вкусно когда много сметанки.... но можно и без нее. Приятного Аппетита!!!!!! Забыла написать что делать то с большим количеством муки!!! У меня малой поваренок ее в ситечко собирает и просеивает, а я ее тогда уже обратно в пачку. Ну на все зразы реально уходит мкс. 1 стакан муки... И если тесто и начинка готовы, то на жарку уходит 40 мин. + варка."
Зразы из телятины,"['Телятина', 'Хлеб', 'Молоко', 'Лук репчатый', 'Томатная паста']","Приготовленно по рецепту из «Книга о вкусной и здоровой пище» 1952 г. изд. Нарезать телятину тонкими кусками величиной с ладонь и осторожно отбить. Приготовить фарш: нашинковать мелко лук и поджарить его на масле; куски черствого хлеба размочить в молоке и, отжав излишнюю влагу, смешать с луком, заправить солью, перцем, хорошо перемешать, выложить на сковороду и поджарить на слабом огне. На каждый ломтик мяса положить по столовой ложке подготовленного фарша, завернуть мясо в виде трубочек, связать нитками и посолить. Затем положить на сковороду с разогретым маслом в быстро обжарить на сильном огне со всех сторон до образования румяной корочки. После этого уменьшить огонь, добавить 1 стакан мясного бульона, 2 ст. ложки томата-пюре и тушить до мягкости в течение 40-50 минут. Подать на стол, сняв нитки и полив соком, полученным при тушении. Отдельно подать томатный острый соус. На 500 г телятины (мякоти)- 1 большую головку лука, 100 г черствого белого хлеба без корок, 1/2 стакана молока, 3 ст. ложки масла."
Овощной суп с чёрным рисом,"['Рис', 'Баклажан', 'Перец болгарский', 'Помидоры черри', 'Лук репчатый', 'Морковь', 'Брокколи', 'Картофель', 'Петрушка', 'Укроп', 'Базилик', 'Соль', 'Перец душистый', 'Перец черный', 'Лист лавровый', 'Масло оливковое']","В кастрюлю наливаем воду 1,3 л и ставим на огонь. Овощи режем произвольно. Когда вода закипит, выкладываем рис и варим его 30 минут. Затем выкладываем все овощи сразу. Доводим до кипения. Добавляем по желанию одну небольшую картофелину. Накрываем крышкой и убавляем огонь на MIN. Варим до готовности овощей и риса. Это примерно ещё минут 15-20. Готовим специи для супа и отправляем их в кастрюлю. Солим по скусу и наливаем масло оливковое. Варим ещё минут 5. Супчик наш готов. Накрываем и едим. Вкусный, полезный и постный. Поститься можно вкусно)))"
Пеппероната с курицей,"['Филе куриное', 'Мука пшеничная', 'Помидор', 'Лук репчатый', 'Перец болгарский', 'Томатная паста', 'Кориандр', 'Перец кайен', 'Базилик', 'Соль', 'Чеснок']","1. Курицу моем и нарезаем небольшими кусочками. Солим, перчим, добавляем кориандр и сладкую паприку. 2. Просеиваем в куриное филе пару ложек муки и хорошо перемешиваем. 3. Помидоры заливаем кипятком и оставляем минут на 10, охлаждаем и снимаем с них кожуру. Трем помидоры на крупной терке и добавляем пару ложек томатной пасты. Перемешиваем. 4. Лук режем полукольцами 5. Перец болгарский режем на полоски и еще пополам. 6. Чеснок мелко рубим. 7. В разогретой сковороде обжариваем куриное филе минут 10 и убираем. 8. В другой сковороде либо в той же в которой жарили курицу обжариваем лук минут 5, добавляем болгарский перец и чеснок. Жарим еще минут 7. 9. Далее добавляем куриное филе, перемешиваем и добавляем томатную смесь. Сверху посыпаем базиликом. 10. Доводим до кипения, убавляем огонь. Накрываем крышкой и тушим минут 25. 11. Выкладываем готовое блюдо по тарелкам. Можно подавать как отдельное блюдо, но я предпочитаю как заправку к рису, спагетти или картофелю. Приятного аппетита!"
Пирог с тыквой и морковью,"['Тыква', 'Морковь', 'Лимон', 'Масло сливочное', 'Яйцо куриное', 'Сахар', 'Разрыхлитель теста', 'Мука пшеничная', 'Ванилин']","Тыкву и морковку натереть на средней терке, лимон вместе с кожицей мелко порубить или размолоть в блендере, перемешать получившуюся массу. Размягченное масло взбить с сахаром и яичными желтками. Белки взбить отдельно в крепкую пену. В масло с сахаром добавить овощную массу, тщательно перемешать. Осторожно ввести белки, аккуратно перемешать ложкой. Добавить просеянную муку. Я выпекала в мультиварке на режиме ""выпечка"" 50 минут. Дно чаши смазать сливочным маслом и посыпать мукой или панировочными сухарями. В духовке тоже должно получиться. Пирог получается нежным, слегка влажным, с цитрусовой ноткой."
Обсыпной пирог с фисташками,"['Творог', 'Молоко', 'Яйцо куриное', 'Масло растительное', 'Сахар', 'Ванилин', 'Соль', 'Мука пшеничная', 'Разрыхлитель теста', 'Фисташки', 'Желток яичный', 'Масло сливочное', 'Джем', 'Шоколад белый']","Творог, молоко, яйцо, растительное масло, сахар, ванилин и соль смешать погружным блендером. В муку добавить разрыхлитель, просеять и смешать с творожной массой. Вот такое тесто получается. Для приготовления верхнего слоя просеять муку и перемешать с фисташковой мукой, сахаром, желтком. Добавить нарезанное кусочками масло. Перетереть массу руками или с помощью двух вилок до состояния, похожего на хлебные крошки. Распределить тесто на противне (30 х 36 см). Смазать подогретым джемом, в оригинале рецепта джем апельсиновый. У меня джем яблочный с лимоном и имбирем по рецепту с нашего сайта. Подогреваем джем для того, что бы он легко распределялся по тесту. Равномерно распределяем крошки. Отправляем в духовку на 25-30 мин. при 190*С. Затем пирог вынуть из духовки и дать ему остыть. Растопить шоколад и с молоком в МВ и украсить пирог тонкими линиями. Пирог получается большой, нам хватит на 3 дня, при том, что часть уедет к бабулям, дедулям. Так что если есть желание его испечь, но едоков мало, смело делите все ингредиенты на два. Наливаем чаек, кофеек и наслаждаемся!"
Мастика,"['Желатин', 'Вода', 'Мед', 'Сахарная пудра', 'Кислота лимонная']","Желатин заливаем холодной водой. Ждем пока набухнет Тем временем в миску просеиваем сахарную пудру (обычно уходит 200 г, но лучше иметь в запасе еще примерно 50 г). Делаем в центре углубление К желатину добавляем мед и лимонную кислоту. Растапливаем на водяной бане или в микроволновке. Для первого раза лучше на водяной бане растапливать, чтоб удобнее контролировать процесс было! Важно не довести смесь до кипения! Если решаете воспользоваться микроволновкой, то прогревайте по 5 секунд до растворения. Далее выливаем наш желатин с медом в сахарную пудру. Начинаем замес мастики ложечкой. Когда жидкие фрагменты уже поглотили какое-то количество сахарной пудры можем продолжить замес рукой. Очень быстро мастика начинает становиться пластичной! Уже через несколько минут видно, как она приобретает структуру пластилина. После вмешивания 150 г сахарной пудры мастика по мягкости напоминает мягкое дрожжевое тесто. Продолжаем вмешивать в нее сахарную пудру. Мастика вобравшая в себя 200 г сахарной пудры по ощущению, примерно, как пельменное тесто. Кладем ее либо в пакет (чистый и сухой), либо заматываем в пищевую пленку. Завернутую мастику отправляем в контейнер с герметичной крышкой. И забываем о ней на 3-4 часа при комнатной температуре! По истечении указанного времени можно приступать к работе с мастикой! Если надо ее затонировать, то отрываем необходимое количество мастики, капаем краситель и вмешиваем. Вмешивать краситель лучше надев перчатки! Так как руки окрашиваются так же быстро, как мастика и потом могут придать не желательный оттенок при необходимости создать мастику нескольких цветов. Так же можно сделать фигурки из белой мастики, а затем аккуратно расписать их красителем разведенным капелькой водки или спирта и очень тонкой кисточкой. Эта мастика очень удобна для почти всех видов украшения... Ею можно создавать фигурки при помощи молдов. Можно использовать для обтяжки торта. Мастики из этого количества ингредиентов хватит на обтяжку торта размером 20 см на 30 см и высотой 8 см, еще останется немного мастики на незатейливый декор. (На фото торт обтянут не самым лучшим качеством... Так как обтягивала наспех...) Ну, вот и все... Надеюсь мой МК достаточно подробный и понятный. Успехов в создании красоты!"
"Печенье ""Для мамы""","['Мука пшеничная', 'Мука миндальная', 'Яйцо куриное', 'Соль', 'Масло сливочное', 'Сахар', 'Цедра лимона', 'Шоколад белый', 'Сахар гранулированный']","Из перечисленных продуктов замесить однородное тесто, завернуть его в пищевую плёнку и положить в холодильник на 60 минут. Нагреть духовку до 180°С. Скатать из теста валик толщиной ~5 см, нарезать кружочками толщиной 1 см и сформировать из них прямоугольники. Выложить прямоугольники на выстланный бумагой для вытекания противень. Готовить 10 -12 минут до золотистого цвета. Остудить на решётке. Наломать шоколад и расплавить на горячей водяной бане. Намазать печенье и украсить сахарной посыпкой. Дать шоколаду обсохнуть. Приятного аппетита и хорошего настроения!!!"
Мини овощные голубцы на пару,"['Капуста пекинская', 'Вешенки', 'Перец болгарский', 'Лук репчатый', 'Чеснок', 'Петрушка', 'Сметана']","Для начала разделываем капусту на листики, привариваем в подсоленной воде. Потом грубую часть я отбила молоточком для отбивных. Далее готовим начинку. Грибы режем мелко, солим, перчим и обжариваем до полуготовности, добавляем лук, чеснок и болгарский перец, тушим до готовности. В конце добавляем сметану и зелень, даем всему подружиться на сковородке минуты 3. Теперь заворачиваем как обычные голубцы и в пароварку на 30 -мин. Подавать можно с любым на ваш вкус соусом. Все - милости просим, ПРИЯТНОГО АППЕТИТА!!!!!"
"Каравай ""Свадебный""","['Молоко', 'Масло сливочное', 'Сахар', 'Мед', 'Мак', 'Соль', 'Дрожжи', 'Мука пшеничная']","Итак, приступим к приготовлению теста. Процесс этот долгий и трудоёмкий, но он того стоит. Дрожжи развести в тёплом топлёном молоке, добавить сахар и соль. Всыпать 3 стакана муки, хорошо вымесить и оставить для подъёма опары в 2 раза. Мак промыть и залить кипятком на 20 минут. В поднявшуюся опару всыпать ещё 2 стакана муки, добавить 2 ст. л. мягкого топлёного масла, но не растопленного, и хорошо вбить, тщательно вымешивая. Поставить тесто в тёплое место и дать снова подняться. Пока поднимается тесто, приготовим начинку: сцедить воду с мака, на сковороде растопить мёд и топлёное масло. В эту горячую массу выложить мак, добавить 2 ст. л. сахара, хорошо перемешать. Варить после закипания 7-8 минут. Остудить. Затем в поднявшееся тесто положить 2 ст. л. топлёного масла, хорошо вбить, будто втирая (отсюда и произошло название ""тёртое тесто"", ""тёртый калач"", масло втирается в тесто). Снова убрать в тёплое место для подъёма. Как тесто поднимется, хорошо его обмять и выложить на стол, присыпанный мукой. Добавить ещё 2 ст. л. топлёного масла и муки (примерно 1 стакан), хорошо вымесить, вбивая масло и муку. Готовое тесто присыпать мукой и дать расстояться ещё минут 30. Затем тесто обмять и разделить на 4 части, каждая должна быть чуть меньше другой. Три части на з слоя и одна часть для украшения. Раскатать круглый пласт из самой большой части теста. Выложить пласт на смазанный противень. На пласт выложить медово-маковую начинку, не доходя до края 1,5-2 см. Раскатать из теста следующий пласт, немного меньше предыдущего, и накрыть маковую прослойку. Выложить сверху оставшуюся начинку и накрыть раскатанным третьим пластом. Из оставшегося теста сделать косички, сердечки, цветочки и т. д. и украсить каравай. Обмазать его яичным желтком, смешанным с ложкой молока и щепоткой сахара. Раньше выпекали в русской печи, а мы поставим наш свадебный каравай в разогретую газовую духовку и будем выпекать при температуре 180 градусов примерно минут 50-55. Вот такой красавчик у меня получился... ммм... аромат просто божественный! На свадебный стол каравай ставили на рушнике перед молодыми, обязательно рядом с иконой. У каждого украшения и начинки каравая было своe значение: мак символизировал богатство, мeд сладкую семейную жизнь, переплетeнные косички означали дружбу и доброе отношение между супругами, сердечки или голубки - любовь и верность... Жаль, что ушла старая традиция подавать к свадебному столу каравай... посмотрите, как по-праздничному красиво! Иногда такой каравай руками разрывали над головами молодожeнов, чем больше мака выпадало из каравая (иногда клали даже в центр каравая пшеничные зeрна), тем плодороднее будет год, и значит семья будет в сытости! Кушали эту вкусноту вприхлeбку с молоком, кисельком или травяным чаем... Приятного всем аппетита! Теперь опишу историю этого рецепта: такой каравай пекли мои прапрабабушка, прабабушка и бабушка на свадьбы для своих детей. Мне же рецепт достался от прабабушки - бабы Лены (в честь неe меня назвала моя бабушка - Анна Дмитриевна (мама моего папы)). Баба Лена была озорным, весeлым и неугомонным человеком до самой старости (она умерла в возрасте 87 лет, на то время мне было 17 ). Моя любимая прабабушка была моим первым кулинарным наставником и начала учить меня поваренным делам ещe когда я бегала девятилетним ребeнком. Рецепт этого бесподобного, нежнейшего каравая передавался моими предками, жившими в Саратовской губернии, из поколения в поколение в течение почти двух веков. К сожалению, традиция украшать свадебный стол праздничным караваем прервалась, и уже на моей свадьбе блистал своей красотой трeхярусный свадебный торт (мы были тогда молоды и нам казалось, что каравай - это пережитки прошлого, настоящий антиквариат). Хотя традиция прервалась, но остался рецепт этого замечательного русского каравая, которым я иногда балую своих домашних! Первый раз я попробовала это лакомство, когда моя прабабушка испекла его в день Светлой Пасхи, наряду с традиционным куличом. Как сейчас помню это праздничное утро, помню аромат топлeного масла и молока... баба Лена разрезала слоистый каравай, источающий тонкий запах меда и мака... а мы с братом, толкались у стола и ждали, с детской нетерпеливостью, и громко спорили, кому достанется первый кусочек... Ах, детство, детство... запах свежего хлеба и пирогов... тeплые бабушкины руки, треплющие мои волосы, волнистые, из-за расплетeнных косичек... Иногда мы с братом проказничали - украдкой пальцем выковыривая начинку из каравая, баба Лена ласково нас журила, нежно теребя за ушки, а мы всe сваливали друг на друга, и братишке попадало - он ведь старше.. Ах, как вдруг мне захотелось вернуться назад... в детство, хотя бы на одну минутку... Теперь о всех тонкостях рецепта по порядку: для теста готовилось топлeное молоко: молоко кипятили с добавлением сахара и томили в русской печке (уваривая его почти в 1, 5 -2 раза). Какое же вкуснейшее топлeное молоко получалось у моей прабабушки!!! Кремово-коричневатого цвета, с ароматным сливочным запахом и томлeным вкусом... просто не передать словами! В рецепте я применила обычное молоко, просто в магазинах не нашла топлeного. Теперь о дрожжах: дрожжи раньше покупались очень редко, купив один раз, бабушка всегда делала закваску из теста и каждый раз, когда пеклась выпечка, от теста оставлялась свежая закваска и хранилась в тeмном прохладном месте в стеклянной или керамической посуде до следующей выпечки или замучивания русского кваску. Я в тесто добавила сухие дрожжи. Также в тесто добавлялось обязательно только топлeное сливочное масло, прабабушка говорила, что с простым маслом получается уже не тот вкус... не такой насыщенно сливочный. Масло клалось в тесто небольшими порциями и тщательно втиралось. Выпекался каравай в духовке русской печи или прямо в печке, с плотно закрытой заслонкой, на тлеющих угольках. Дорогие поварята, не забывайте русские традиции, пеките калачи, караваи, кулебяки и расстегаи... это же так вкусно и красиво... по-старому, по-русски..."
Сырные чипсы из лаваша,"['Лаваш', 'Зелень', 'Сыр твердый', 'Масло оливковое', 'Соль', 'Перец черный']","Придаем форму чипсам (руками или ножом). Сыр натереть на мелкой терке. Зелень мелко нарубить (укроп, петрушка), смешать с оливковым маслом, добавить соль, перец по вкусу. По желанию добавить сушеную зелень, например базилик, прованские травы... Каждый кусочек обвалять в зеленой массе. Выложить чипсы на сухой противень. Посыпать тертым сыром. Отправить в разогретую духовку до 180 градусов примерно на 7-8 минут. Ваша закуска готова."
Французский сырный хлеб на пшеничной закваске,"['Закваска', 'Мука пшеничная', 'Сахар', 'Вода', 'Соль', 'Масло сливочное', 'Сыр полутвердый']","Вот моя закваска из холодильника http://www.povarenok .ru/recipes/show/546 60/ Подкармливаем закваску мукой и водой И оставляем на ночь (10-12 часов) накрыв крышкой с с отверстиями или целлофаном (можно пищ. плёнкой). Я ставлю в духовку со включённой лампой без нагрева, потом перед сном выключаю. Закваска утром пузыристая Добавляем сахар, соль, масло и перемешиваем + просеянную муку, Натёртый сыр и перемешиваем, постепенно добавляя воду. Если нужно, домешиваем ещё муки на столе. Мешу тесто минут 10 руками, если пользуетесь хлебопечкой, можно там месить или миксером (но у меня миксер не берёт такое тесто). Оно мягкое, густое и эластичное Собираем в шар, Убираем в чашку под плёнку и оставляем подходить примерно на час Подошедшее тесто поднялось в 1.5 раза Выкладываем тесто в смазанную маслом форму и накрываем плёнкой, оставляем на последнюю расстойку. Почему-то нет фото, где я выкладывала тесто в большую форму. Это фото с последующей готовки мини-хлеба с сыром. Просто показываю, что после последней расстойки тесто резко поднимается Вот так! Последняя расстойка может длиться по-разному от 2 до 5 часов, в зависимости от температуры помещения, размеров изделий и закваски, которую вы используете. Большой хлеб стоял около 5 часов и в конце так же резко ""вырос""! В разогретую до 200гр. духовку ставим противень с горячей водой в самый низ, на среднюю полку - хлеб. Опять же, не могу понять, куда делись фото с ""большим"" хлебом, давно делала, куда-то пропали... Печём 20-25 минут. Это мини-хлебушки А это большой хлеб! (сбоку уже нет ломтика - я не удержалась перед ароматом горячего хлеба!!!) Вот аппетитный разрез... А мини-хлебушки мне ещё больше нравятся, красавчики! Вот тоже разрезик И поближе Хлеб чуть плотнее, чем магазинный на дрожжах, но мягкий и пористый, с хрустящей корочкой Ещё я делала последний раз булочки с сыром на закваске, сыр вдобавок сверху тёрла К борщу вместо пампушек! Bon appetit!"
"Закуска ""Проглоти язык""","['Скумбрия', 'Яйцо куриное', 'Шампиньоны', 'Лук репчатый', 'Петрушка', 'Чеснок', 'Сметана', 'Лук зеленый']","Из рыбы удаляем кости, мелко режем. Яйца тоже мелко рубим. На растительном масле обжариваем лук, чеснок и порезанные грибы. Продукты смешиваем, вводим сметану, тщательно перемешиваем. При подаче посыпать мелко рубленной зеленью лука. Приятного аппетита!!!"
"Пирог ""Фруктовый рай""","['Мука пшеничная', 'Смесь порошковая', 'Ванильный сахар', 'Масло сливочное', 'Молоко', 'Яйцо куриное', 'Сахар', 'Соль', 'Желток яичный', 'Масло растительное', 'Яблоко', 'Ягода', 'Творог', 'Белок яичный']","1. Приготовим дрожжевое тесто. Смешать 1 пакетик сухой смеси ""Дрожжевое тесто"" с просеянной мукой. Добавить ванильный сахар и щепотку соли, перемешать. 2. Сахар растереть с мягким маслом, добавить молоко и 1 яйцо, перемешать венчиком. 3. В жидкую смесь вмешать частями мучную смесь, вымесить гладкое не липнущее к рукам тесто. Смазать миску растительным маслом, положить тесто и накрыть пленкой, поставить в сторону. 4. Приготовим яблочную начинку. Яблоки очистить от кожуры, семечек и порезать маленькими кубиками. В сковороде разогреть сливочное масло и добавить сахар. Довести сахар до расплавления и добавить яблоки, тушить до полуготовности. 5. Приготовим творожную начинку. Смешать творог с белком, сахаром и ванильным сахаром. 6. Тесто за время приготовления начинки увеличилось в 2 раза, это буквально где то 15-20 минут. 7. Выкладываем тесто на припыленную столешницу, обминаем и делим на 8 частей. Формируем шарики и накрываем их сухим полотенцем. 8. Раскатываем шарики теста по одному в круг, вырезаем чайным блюдцем кружочки. Обрезки теста убираем под полотенце. Кладем на кружок вначале 1 ст. л. яблок без сока, затем творог и смазываем край круга яблочным соком из сковороды. 9. Защипываем край кружочка, немного подкручиваем, переворачиваем и макаем низ булочки в муку. Застилаем форму (внут. ф=27 см) для выпечки силиконовым ковриком (не смазываем маслом) или бумагой для выпечки (смазываем). 10. Выкладываем булочки по кругу. Из обрезков теста формируем круг и кладем начинку. Последнюю булочку кладем в середину. Надрезаем каждую булочку сверху и добавляем по 1 ч. л. ягод. 11. Включаем духовку на минимальную температуру, 40 С и ставим противень на расстойку, минут на 15, до увеличения пирога в 2 раза. Затем переключаем духовку на 200 С, смазываем пирог взбитым желтком и выпекаем до румяной корочки, минут 20. Остывший пирог, можно посыпать сахарной пудрой и украсить посыпкой ""снежинки"". Приятного чаепития!"
"Картофель ""По-домашнему""","['Картофель', 'Лук репчатый', 'Чеснок', 'Зелень', 'Горчица', 'Хрен', 'Майонез', 'Кетчуп', 'Масло сливочное', 'Масло растительное', 'Соль', 'Перец черный', 'Приправа']","Необходимые ингредиенты. Приправки, которые можно добавить к вышеперечисленным. Или же те, что вы больше любите, все индивидуально. Картофель очистить, помыть, нарезать брусочками среднего размера. Луковицы очистить, нарезать кубиками. Заранее приготовим соус для заправки. В мисочку выкладываем майонез. Добавим мелко нарубленный чеснок. Хорошо перемешаем. Далее даем в майонез кетчуп, горчицу, хрен, перчим по вкусу, если необходимо солим. Все тщательно перемешиваем. Приправы, которые я добавила: паприка сладкая молотая; щепоть тмина, перетертого в ступке; чуть имбиря молотого; прованские травы; приправа для блюд из картофеля; молотые семена укропа. Перемешиваем, если майонез густой, можно разбавить небольшим количеством воды. Отставляем на время. Приступаем непосредственно к приготовлению картофеля: нарезанный лук обжарить в небольшом количестве растительного масла. Пока жарится лук, другую сковороду хорошо нагреваем с растительным маслом, выкладываем нарезанный и обсушенный картофель и обжариваем на максимальном огне 5 минут, часто перемешивая. Затем сделать в середине лунку, куда помещаем кусочек сливочного масла, жарим еще 5 минут. Смешать с жареным луком и жарить 5 минут. Форму для запекания слегка смазать маслом (совсем чуть-чуть), выложить картошку. Духовку включить и разогреть до 180 - 200 градусов. Заранее приготовленным соусом заливаем картофель. Ложкой раздвигая в нескольких местах, даем возможность майонезу просочиться внутрь. Запекать в духовке до готовности. У меня на это ушло 5-7 минут. Достать форму, перемешать (обязательно), и поставить еще на пару минут в выключенную, но горячую духовку. Подавать можно в качестве гарнира к мясу или рыбе, ... или как самостоятельное блюдо, с овощами, соленьями. Всем, кто соблазнится картошечкой ""по - домашнему"", желаю ПРИЯТНОГО АППЕТИТА!"
"Торт ""Черепаха""","['Рулет', 'Творог', 'Клубника', 'Сахар', 'Желатин', 'Сливки', 'Банан']","Сначала замачиваем желатин ( в холодной кипяченой воде на 40 минут). Затем прогреваем его на водяной воде и охлаждаем. Творог протираем через сито, добавляем сахар, размороженные ягоды, охлажденный желатин и все перемешиваем. Ставим минут на 20 в холодильник. Взбиваем сливки и добавляем в творожно-клубничную массу. Затем берем посуду круглой глубокой формы, выстилаем внутри пленкой и выкладываем нарезанные ломтики мини-рулетов. На них выкладываем творожную массу и выдерживаем в холодильнике не менее 3 -4 -х часов. Затем переворачиваем на блюдо, снимаем пленку и украшаем: из банана делаем ""голову"", ""лапки"", ""хвост"". ""Шляпка"" - зонтик для коктейлей, ""глазки"" - гвоздички, ""ротик"" - кожура редиса. Очень советую попробовать - оболденно вкусно!!!"
Гречнево-луковые рогалики,"['Крупа гречневая', 'Мука пшеничная', 'Дрожжи', 'Масло растительное', 'Сахар', 'Соль', 'Лук репчатый', 'Вода']","Подготавливаем продукты. Гречку перемолоть в муку. В чашку высыпаем соль, сахар, дрожжи. Добавляем стакан теплой воды. Оставляем на 10 минут. Затем добавляем 2 ст. л. растительного масла. Всыпаем гречневую муку. Хорошо перемешиваем. Добавляем просеянную пшеничную муку. Замешиваем тесто. Оставляем на 1 час, прикрыв полотенцем. Нарезаем лук. На разогретую сковороду наливаем 2 ст. л. растительного масла, выкладываем лук. Обжариваем до золотистого цвета. Остужаем. Наше тесто по прошествии часа. Делим на 2 части, так удобнее раскатывать. На рабочей поверхности раскатываем 1 часть теста лепешкой. Делим на треугольники, на каждый выкладываем обжаренный лук. Сворачиваем от края к центру, чтобы получился рогалик. Также поступаем со второй частью теста. Выкладываем рогалики на противень, застеленный пергаментом. Выпекаем 20-30 минут при 150-180 градусах. За 10 минут до окончания выпечки смазать желтком. Подаем! Угощаемся! Приятного аппетита! Христос Воскрес!"
"Горох по-монашески  со шпинатом ""garbansos de las monjas""","['Нут', 'Шпинат', 'Лук репчатый', 'Морковь', 'Картофель', 'Перец сладкий', 'Масло растительное', 'Чеснок', 'Хлеб', 'Яйцо куриное']","Сухой горох замачиваем на ночь. Замоченный горох обязательно засыпаем в горячую воду, иначе он будет твердый. Длительность варки - 1 час, однако в скороварке горох будет готов через 20 мин. Пока горох варится, готовим зажарку: лук, перец, морковь - обжариваем на растительном масле. Картофель и лук-порей нарезаем. В почти готовый горох добавляем картофель, овощи, шпинат. Для улучшения вкуса обжариваем на раст масле черствый хлеб, чеснок, толчем в ступке до однородной массы, разбавляем бульоном и вливаем в кипящий горох. Доводим блюдо до вкуса и оставляем накрытым 30 мин. Подавать с долькой вареного яйца или без него."
Запеканка творожная с бананом и изюмом,"['Творог', 'Яйцо куриное', 'Сахар', 'Крупа манная', 'Масло сливочное', 'Изюм', 'Банан', 'Соль']","Изюм промыть, залить горячей водой, чтобы стал мягким. Отделить белки от желтков, желтки взбить с сахаром до светлой пены. Сливочное масло растопить. В миске растереть творог, добавить к нему растопленное масло, взбитые с сахаром желтки и манку (или муку), тщательно вымешать. С изюма слить воду, смешать его с чайной ложкой манки и вмешать в тесто. Добавить нарезанный кружками банан. Белки взбить со щепоткой соли до крутой пены, выложить в тесто и аккуратно перемешать. В форму, смазанную жиром и обсыпанную сухарями или манкой, выложить творожное тесто. Сверху можно смазать 1 столовой ложкой сметаны. Печь в разогретой до 180 градусов духовке (у меня пеклась 40 минут). Если надо, верх можно прикрыть фольгой. Эта запеканка у меня практически никогда не оседает."
Човлент,"['Мясо', 'Фасоль', 'Крупа перловая', 'Лук репчатый', 'Морковь', 'Паприка сладкая', 'Томатная паста', 'Бульон', 'Соль', 'Перец черный', 'Чеснок', 'Петрушка']","Фасоль промыть, залить водой и оставить на 5-6 часов (я оставляла на ночь), а потом отварить в той же воде до мягкости. Перловку залить кипятком и сварить до полуготовности (у меня ушло где-то 15 минут). Лук нарезать кубиками, морковь - соломкой. Овощи спассеровать с добавлением паприки и томатной пасты (вот тут я так увлеклась процессом, что забыла сделать фотку) Мясо нарезать небольшими кусочками и обжарить на сале или растительном масле до готовности, хорошенько поперчить и посолить. Как я уже писала, я брала для этого рецепта говядину. Подойдет и свинина, будет интересно и с бараниной, но вкуснее всего човлент получается из копченого окорока или копченой грудинки, только массу копченостей надо уменьшить в 1,5-2 раза, т. е. на порцию примерно 100-130г Все компоненты готовы, начинаем складывать в горшочки: - перловка; - фасоль; - мясо; - пассерованные овощи. Заливаем бульоном и заправляем специями по вкусу. В качестве бульона можно использовать отвар от фасоли или перловки, можно залить просто водой с бульонным кубиком. Я, конечно же, с жидкостью пожадничала - залила по 1/2 ст на горшочек, надо бы больше - примерно по 1 ст - чтобы жидкость чуть покрывала верхний слой. Заключительный этап - мелконарезанный чесночек (по 1/2 зубчика на горшочек) и зелень петрушки (щедро)! Отправляем горшочки в разогретую духовку (180-200 градусов) на 10-15 минут. Готовый човлент подают в горшочке. А это я выложила човлент на тарелку, чтобы было видно, что оно таке на выгляд! :-) ""Ешьте човлент: от него и в пузе сытно и в штанах тепло!"" (из меню ужгородского ресторана «Деца у нотаря») :-D"
Чипсы из редиса,"['Редис', 'Масло подсолнечное', 'Соль', 'Перец черный', 'Порошок чесночный', 'Паприка сладкая']","Духовку включаем на разогрев t 160-170 градусов, противень застилаем пекарской бумагой. Редис натираем на тёрке-мандолине на тонкие ломтики. Приготовим смесь приправ для посыпки редиса: для этого смешаем молотый перец, молотую паприку, чесночный порошок и соль в небольшой мисочке. Выкладываем редис в один слой на подготовленный противень. Верх каждого ломтика смазываем подсолнечным маслом ТМ Олейна и присыпаем смесью приправ по вкусу. Ставим противень в духовку на 5-10 минут. В течении всего времени приготовления ВНИМАТЕЛЬНО следим, что бы редис не сгорел!!! Достаём из духовки противень с редисом, каждый ломтик переворачиваем, снова смазываем подсолнечным маслом, посыпаем приправами и отправляем в духовку ещё на 5-10 минут или до золотисто-коричневого цвета. Для большего хруста чипсы можно оставить в выключенной духовке с приоткрытой дверцей. Даём чипсам полностью остыть на противне, далее перекладываем их в подходящую посуду и подаём. Конечно, это не привычные чипсы, которые можно есть горстями... ... это деликатесный и более лёгкий вариант ""хрустиков"". Нам понравились чипсы в качестве топпинга для овощного салата. .. А в схожести с лепестками роз есть что-то утончённое! Приятного аппетита!"
"Мясо с овощами ""В рукаве""","['Мясо', 'Баклажан', 'Кабачок', 'Морковь', 'Картофель', 'Капуста цветная', 'Фасоль', 'Масло растительное', 'Специи']","1. Мясо мелко режем на кубики (примерно 2 х 2 см. Немного (!) посолить, поперчить и убрать в холодильник - минут на 20 (пока овощи будем подготавливать). 2. Кабачки, баклажаны и картофель тщательно моем и режем кубиками (примерно 4 х 4 см). Морковь моем, чистим и режем кружочками толщиной не более 1 см. 3. Подготовленные овощи складываем в большую кастрюлю (или миску), добавляем замороженные фасоль и цветную капусту и заправляем специями и растительным маслом. Я обычно использую ""Крошку Чеснок"" и овощную приправу ""Вегетта"" (если нет под рукой готовой приправы - использую соль, молотый перец, несколько зубчиков чеснока и красный перец). 4. Берем рукав для запекания, завязываем с одной стороны и аккуратно выкладываем овощи. 5. Достаем мясо из холодильника и перекладываем в овощи. 6. Завязываем пакет со второй стороны и очень аккуратно (чтобы не порвать пакет) перемешиваем, чтобы овощи и мясо равномерно распределились по пакету. 7. Укладываем пакет на противень, делаем несколько проколов и отправляем в предварительно разогретую до 180 -200 * духовку минут на 40 - 50. 8. Подать к столу со сметаной или зеленью. Несколько советов из личного опыта: - не обязательно использовать все компоненты, которые я перечислила: ведь не все любят так же сильно овощи, как и я. Пару раз готовила только с морковкой, картофелем и цветной капустой. Попробуйте добавить грибы, капусту брокколи и т. д. - то, что любите!!! - мясо можно использовать любое: свинину, ребрышки, курицу, крылья - что есть в холодильнике - очень важное: не пересолите! На указанное в описание количество овощей достаточно 2 ст. л. приправы (она итак с солью) - не переборщите также с растительным маслом - в данном случае масло нужно только чтобы к пакеты овощи не прилипали - когда будете резать овощи - выберите емкость побольше, т. к. очень МНОГО получается но это только на момент приготовления ; )"
Чихиртма,"['Баранина', 'Лук репчатый', 'Мука пшеничная', 'Яйцо куриное', 'Шафран', 'Уксус', 'Соль', 'Кинза', 'Перец черный']","Вот, что нам нужно. Отвариваем мясо на медленном огне и разделываем. Пока вариться мясо, мелко нарезаем лук, слегка обжариваем, посыпаем мукой, перемешиваем и обжариваем еще раз. Бульон процедить, положить в него мясо, обжаренный лук, шафран, соль, перец и дать закипеть, добавить уксус и кипятить еще 2мин., затем снять с огня. Яйца размешать венчиком и аккуратно добавить в горячий (но не кипящий) суп, размешать. Перед подачей посыпать кинзой."
Рёбра с картофелем в духовке,"['Ребра свиные', 'Картофель', 'Соус-маринад', 'Мед', 'Смесь перцев', 'Шафран', 'Паприка сладкая', 'Базилик', 'Масло оливковое', 'Перец чили', 'Соль']","Промыть рёбра. Обсушить. Сложить в подходящую ёмкость и приготовить маринад. Специи можно измельчить в ступке. Смешиваем все специи, кроме оливкового масла и хорошенько натираем ребра. Накрываем ёмкость крышкой. Оставляем на пару часов при комнатной температуре или убираем в холодильник на срок от 4 часов до нескольких суток. Хорошенько моем щёткой картофель. Разрезаем картофелины на дольки, промываем холодной водой и обсушиваем. Включаем разогрев духовки 180-200*. Выкладываем на противень, застеленный бумагой для выпечки рёбра, а картофель отправляем в ёмкость с соусом от рёбер. Добавляем оливковое масло и хорошенько обмазываем картофель соусом. Выкладываем дольки картофеля между рёбрышек. При желании кладём на противень несколько перчиков чили. Отправляем противень в разогретую духовку. Я запекала рёбра ничем не накрывая 50 минут. Через 40 минут они были абсолютно готовы, но я решила подержать их в духовке ещё немного, снизив температуру до 150*. Ориентируйтесь на Вашу духовку!!! Наше блюдо готово!!! Можно звать всех к столу!!! Приятного аппетита!!!"
Кулебяка с треской и рисом,"['Мука пшеничная', 'Вода', 'Молоко', 'Сахар', 'Соль', 'Дрожжи', 'Масло подсолнечное', 'Яйцо куриное', 'Рис', 'Треска', 'Лук репчатый', 'Сельдерей листовой', 'Перец красный жгучий']","Рис Басмати ТМ Мистраль. Ингредиенты для кулебяки - тесто дрожжевое, вареная треска, варенный рис Басмати, репчатый лук, перец молотый, соль... 200 г муки просеяла в миску, насыпала дрожжи, сахар, соль. Налила воду, молоко, масло и разбила яйцо. Хорошо перемешала и поставила в тёплое места для подъёма. Тёплое место в это время года - радиатор. Пока тесто подходило, я занималась начинкой. Треску разобрала и удалила кости. Лук спассеровала на масле, добавила соль и немного красного перца. Через 25 минут в тесто просеяла ещё 130 г муки и перемешала. Не стала ждать когда оно снова подойдёт и просеяла 120 г муки на стол для подсыпки. ( Делаю это тесто часто из одной и той же муки, но каждый раз муки добавляю по разному:+/- 10 - 30 г.) Вымесила тесто и разделила его на две части, побольше и меньше. Раскатала сначала меньшую часть и перенесла при помощи скалки на противень застеленный пергаментом. Разложила треску и листочки сельдерея. На рыбу выложила рис и на самый верх сочный лук. Раскатала вторую часть теста, ту, что больше и накрыла ей начинку. Края выровняла, чтобы начинка не была видна. Сделала вилкой проколы и поставила на 15 минут в духовку при t 70 градусов. Потом кулебяку вынула из духовки и смазала взбитым яйцом, в которое добавила 1 ч. л. масла. Кулебяку поставила в духовку. Температуру установила 180 градусов и выпекала кулебяку 35 минут. Готовую кулебяку накрыла влажной салфеткой и полотенцем. Нарезала и подала её на стол. Выпечка мягкая и начинка сочная. Подавала кулебяку с кофе и чаем. А я люблю с холодным молоком. Кулебяка получилась румяной и очень вкусной."
Блинный торт с карамельным соусом,"['Яйцо куриное', 'Мука пшеничная', 'Сода', 'Соль', 'Сахар', 'Масло растительное', 'Молоко', 'Ириски', 'Сливки']","Большинство из нас умеют и любят печь блины, у каждой хозяйки свой рецепт. Я не буду настаивать на своем, самом лучшем) Если вы опытная хозяйка, первые два шага можете пропустить и испечь блины по своему любимому рецепту. А для новичков от кулинарии могу предложить этот рецепт вкусных и тонких дырчатых блинов. Расчет дан на 10 тонких блинов диаметром 21-22 см. Итак, первым делом подогреваем молоко примерно до 40С, переливаем его в в глубокую емкость и добавляем яйцо, соль и сахар (если начинка будет несладкая, сахар не добавляйте). Взбиваем все при помощи миксера до воздушной пены. Муку просеиваем, добавляем в нее соду и, частями добавляем ее к молочной смеси, перемешивая кратко и на низкой скорости. Важно не взбивать долго блинную смесь после того, как добавили муку, за счет соды в тесте образуются пузырьки воздуха, которые затем и дадут очаровательные дырочки в наших блинах. Если тесто перемешивать долго, воздух уйдет из теста и оно станет тяжелым и плотным. Как только добились однородной структуры, выключайте миксер. А теперь влейте в тесто растительное масло без запаха - ваши блинчики будут легко отделяться от сковороды. Хорошо накалите сковороду и, чтобы первый блин не получился комом, налейте на нее 1-2 ч. л. растительного масла. Все, можно начинать выпекать блины. Для последующих блинов масло уже можно не наливать, оно есть в тесте. После того, как все блины испечены, возьмите самый толстый блинчик и положите его в смазанную маслом разъемную форму так, чтобы образовался небольшой бортик. Поставьте форму в духовку на 5-10 минут при 180-190С, чтобы блин подсох и хорошо держал форму. А мы тем временем займемся простейшим карамельным соусом - 20 ирисок положите в сотейник, поставьте на средний огонь и влейте молоко, нагрейте до кипения, постоянно перемешивая. Снимите с огня и охладите. Взбейте очень холодные сливки и, не выключая миксер, добавьте к ним загустевшую охлажденную карамель, перемешайте до однородности. Оставьте 2-3 ст. л. карамели, чтобы полить сверху готовый торт. На каждый блин равномерно нанесите по 2 ст. л. карамельного соуса, сверните блин гармошкой. И уложите по кругу, начиная от края формы Старайтесь, чтобы ажурные края блинчиков слегка выглядывали наружу, легкая небрежность в формовке торта придаст ему очарование и шарм. Переложите торт на блюдо, полейте отложенной карамелью и приятного аппетита!"
Грудка в чипсах,"['Грудка куриная', 'Сыр твердый', 'Петрушка', 'Яйцо куриное', 'Чипсы', 'Соль', 'Перец черный']","Грудки отбить, посолить и поперчить. Зелень порубить и выложить на мясо. Сверху натереть сыр на крупной терке. Грудки свернуть пополам, сформировать котлетки. Взбить яйца с небольшим количеством воды. Чипсы размять в крошку. Котлеты обмакнуть в яйцо и обвалять в чипсах. Обжарить на сковороде до золотистой корочки с двух сторон. Довести до готовности в духовом шкафу."
Конвертики с сырной начинкой,"['Лаваш', 'Сырок плавленый', 'Чеснок', 'Яйцо куриное', 'Масло сливочное', 'Петрушка']","Чеснок измельчить, смешать с сухой петрушкой. Плавленный сыр нарезать брусочками, каждый обмакнуть в смесь чеснока и петрушки. Листы лаваша нарезать на небольшие квадраты, приблизительно 10х10 см. Завернуть в них кусочки сыра. Яйцо взбить вилкой и обмакнуть в него подготовленные конвертики. Разогреть сковороду и растопить на ней кусочек сливочного масла. Обжарить конвертики с обеих сторон до румяной корочки."
Курочка под соусом Бешамель,"['Курица', 'Молоко', 'Бульон', 'Сыр твердый', 'Мука пшеничная', 'Маргарин', 'Яйцо куриное']","Для начала целиком отварим курицу. Затем оделим мясо от костей и кожицы. Когда будете отделять мясо от костей, старайтесь отделять сразу мелкими кусочками, так будет вкуснее. Отделённое нами мясо сложим в огнеупорную посуду (я посуду ничем не смазываю, так как ничего не прилипает). И оставим подождать. А сами займёмся соусом. Нальём масло в небольшую посуду и поставим нагревать его на огонь. Добавим туда муку и немного пережарим. Когда мука пережарится, введём в неё стакан холодного молока, а затем стакан куриного бульона, не забывая всё это энергично перемешивать, чтобы у нас получилась однородная масса без комков. Доводим до кипения и снимаем с огня. Даём немного остыть, чтобы потом яйцо не свернулось. Я всегда делаю так: пока наш почти готовый соус остывает, я натираю на тёрке сыр. Теперь добавляем в наш соус яйцо и хорошенько перемешиваем. Выливаем наш соус в курицу, добавляем туда 1/3 натёртого сыра и всё перемешиваем. Хотелось бы заметить: в этом блюде чем больше сыра, тем вкуснее. Затем посыпаем нашу курицу оставшимся сыром и отправляем в нагретую духовку. Выпекаем до превращения сыра в золотую корочку. Чем выше температура духовки, тем быстрее приготовится блюдо."
"Суп ""Весенняя фрикаделька""","['Фарш мясной', 'Морковь', 'Картофель', 'Горошек зеленый', 'Лук-порей']","1. В кипящую воду положить постепенно по 1 шт фрикадельки. 2. Минут через 15 добавить натертую на мелкой терке морковь. 3. Минут через 10 добавить порезанный на кубики картофель. Добавить соль по вкусу. 4. Когда картофель будет почти готов - добавить зеленый горошек и варить еще минут 5. 5. Добавить нарезанный полукольцами лук-порей, варить еще пару минут. Приятного аппетита!"
Курица в луковом соусе с кукурузой и картофелем,"['Филе куриное', 'Лук белый', 'Масло растительное', 'Кукуруза', 'Лук зеленый', 'Сметана', 'Тимьян', 'Картофель', 'Соль', 'Мука пшеничная']","Поставьте вариться очищенный картофель (посолите). Разогрейте в глубокой сковороде растительное масло. У меня здесь половинная порция и сковородка маленькая. На среднем огне обжарьте лук до золотистого цвета. Добавьте куриное филе и обжарьте, помешивая, в течение 3 минут. Разведите муку в 400 мл. воды и вылейте в сковороду. Проварите, помешивая до загустения. Добавьте тимьян и посолите по вкусу. Добавьте кукурузу и варите еще несколько минут. В конце добавьте сметану, размешайте и снимите с огня. Сваренный картофель нужно потолочь. При желании добавьте немного растительного масла. Подавать можно в классическом виде: картофель + курица с соусом и посыпать зеленым луком. А можно разложить курицу с соусом по формам, поспать зеленым луком, Сверху выложить слой толченого картофеля и поставить в разогретую до максимума духовку на 5 минут, или под гриль. Приятного аппетита!"
Сливовый пирог из рекламы,"['Хлопья овсяные', 'Мед', 'Сахар', 'Ваниль', 'Масло сливочное', 'Молоко', 'Яйцо куриное', 'Разрыхлитель теста', 'Мука пшеничная', 'Слива', 'Сахар коричневый']","Цельно-зерновые овсяные хлопья залить горячим молоком и оставить до остывания молока. Размягченное сливочное масло взбить с сахаром до пышной массы в течение 3-5 минут. Добавить мед (я заменила на кленовый сироп) и ванильный экстракт 1 ч. л. По одному вбить яйца, продолжая взбивать на медленных оборотах Муку просеять с разрыхлителем, перемешать до однородной массы. Овсяные хлопья слегка отжать и добавить в тесто. Форму смазать маслом и обсыпать мукой (эта форма равна круглой форме 24 см в диаметре) Сливы разрезать на четвертинки, косточки убрать Тесто переложить в форму, сверху слегка вдавить сливы. Посыпать коричневым сахаром и отправить в разогретую до 180 градусов духовку на 40-50 минут (но, ориентируйтесь по своей духовке!) - до сухой шпажки. Приятного аппетита! Дарю Вам цветочки с дачи:"
Пирог с малиной и сметанным кремом,"['Мука пшеничная', 'Масло сливочное', 'Сахар', 'Сметана', 'Яйцо куриное', 'Разрыхлитель теста', 'Малина']","Мягкое сливочное масло взбить с сахаром до пышной массы Добавить по одному два яйца, взбить, добавить сметану, продолжить взбивать. Муку хорошо просеять с разрыхлителем. (в этом варианте я разрыхлитель не добавляла, просто дольше взбивала яично-масляную смесь) Соединить яично-масляную смесь с мукой и перемешать до однородности, тесто получается как густая сметана. Тесто выложить в смазанную маслом форму диаметром 22 см, сверху уложить малину слегка ее утопив. Выпекать в разогретой до 180* духовке 40-45 мин. Готовность проверить на сухую лучину. Пока готовится пирог отмерить сахар и приготовить сметану, желательно жирную, у меня была 26%. Взбить миксером до растворения сахара Горячий пирог залить сметанным кремом, дать остыть при комнатной температуре Затем убрать в холодильник желательно на ночь, до полного застывания сметанного крема. Охлажденный пирог освободить от формы и можно подавать к столу. Сверху художественно разбросать ягоды и всем пожелать приятного аппетита!"
"Слоeный салат ""Рапсодия""","['Рис', 'Огурец', 'Кукуруза', 'Крабовые палочки', 'Яйцо куриное', 'Майонез', 'Йогурт', 'Зелень']","Рис отварить до готовности с добавлением соли, воду слить, рис промыть водой. Огурцы мелко порезать кубиками. Желтки натереть на самой мелкой тeрке. Белки - на средней. Крабовые палочки порезать кубиками. Отдельно смешать рис с огурцами, добавить майонез (несколько ложек), перемешать и выложить на дно салатника. Сверху немного сбрызнуть майонезом (очень удобно срезать уголок на пачке майонеза, тогда он будет выливаться тонкой струйкой). Следующий слой крабовые палочки, снова полить майонезом. Далее желтки, на желтки выложить ложкой йогурт, разровнять. В йогурт выложить слой кукурузы, а на неe ровным слоем положить белки. Сверху полить майонезом и украсить по желанию. Дать салатику постоять некоторое время...."
Ореховые трубочки,"['Масло растительное', 'Вода', 'Мука пшеничная', 'Орехи', 'Сахар']","Все достаточно просто и быстро. Воду с маслом доведем до кипения Снимаем с огня и даем остыть. В это время займемся орехами. Вы можете использовать любые на ваш вкус. У меня была смесь - фундук, миндаль, кешью. Я их положила в пакетик и раздавила скалкой. Чтобы оставались мелкие кусочки. Вы можете использовать измельчитель, тогда они будут как порошок. Всыпать сахар. Масло вылить в мисочку - у меня было еще горяченькое. Всыпать муку, не всю сразу, порциями. Вымесить тесто. Его так приятно было месить, тепленькое. Раскатать тонко и разрезать на не большие прямоугольники. На один конец прямоугольника положить начинку и скатать трубочку. Вот такие трубочки получились. Поставить в разогретую до 220гр. духовку на 25 минут. Вынимаем. Готовые трубочки посыпать сахарной пудрой. Они получились не приторные, но вкусненькие и приятные на вкус. Этот рецепт - участник акции ""Готовим вместе - кулинарная неделя"". Обсуждение приготовления на форуме - http://forum.povarenok.ru/viewtopic.php?f=34&t=6821"
"""Плов"" для дачи","['Колбаса', 'Морковь', 'Лук репчатый', 'Чеснок', 'Масло растительное', 'Лист лавровый', 'Рис']","Налить в кастрюльку растительного масла, пока оно нагревается, нарезать кубиками лук, добавить к маслу и обжарить до золотистого цвета. Помешивать. Пока жарится лук, почистить колбасу и порезать кубиками, добавить к луку. Помешивать. Почистить морковь и нарезать кубиками, добавить к колбасе и луку. НЕ МЕШАТЬ! Промыть рис и добавить к моркови следующим слоем. Предварительно на морковь положить чеснок. НЕ МЕШАТЬ! Посолить. Добаить воды, чтобы рис был полностью закрыт, и вода на 1-2 см возвышалась над рисом. Закрыть крышкой и на медленном огне дать выпариться воде под закрытой крышкой. Крышку не открывать. Рис получится рассыпчатым. А это уже готовый пловик. Очень вкусно и быстро. Приятного аппетита!"
Соус из баклажанов с петрушкой,"['Баклажан', 'Петрушка', 'Бульон', 'Уксус', 'Горчица', 'Соевый соус', 'Масло оливковое']","Баклажаны запечь 15-20 минут в разогретой до 220 градусов духовке. Предварительно наколоть вилкой. Отделить мякоть баклажанов. Положить в чашу блендера. Добавляем масло, горчицу, уксус, бульон и соевый соус. Соевый соус я взяла ТМ Kikkomаn. Пюрируем до однородного состояния. С петрушки оборвать листочки. Добавить в блендер. И ещё раз измельчить до однородного состояния. Приятного аппетита!"
Грибные щи,"['Капуста белокочанная', 'Грибы', 'Картофель', 'Морковь', 'Лук репчатый', 'Соль', 'Перец душистый', 'Перец черный', 'Лист лавровый', 'Масло подсолнечное', 'Горошек зеленый', 'Соевый соус', 'Сок лимонный', 'Сахар']","Грибы замочила кипятком, дала постоять. Откинула на дуршлаг и промыла. Залила водой 1,5 л и поставила вариться до готовности. Пока варились грибы, занялась овощами. Нашинковала капусту и через 30 минут положила её в кастрюлю к грибам. Морковь натёрла на тёрке, лук порезала полу-кольцами, картофель-небольшим кубиком. Отправила всё в кастрюлю. Варила на самом маленьком огне 40 минут. Щи томились. Из специй взяла по несколько горошин душистого и чёрного перца и маленький лавровый лист. Минут за 5 до окончания готовки, выложила перцы, лавровый лист и масло в суп. Щи готовы. Пока готовились щи, я сделала майонез, в который вместо соли налила соевый соус. Взяла банку, в которой майонез будет стоять. Налила в неё масла, лимонный сок, жидкость из-под горошка, положила сахар и соединила всё погружным блендером. Майонез моментально загустел. Понемногу влила соевый соус и опять всё соединила. попробовала на соль и меня всё устроило. Не досаливала. Обедаем вкусно и постно! Разливаем щи и выкладываем майонез. Перемешиваем майонез со щами и едим! Как же это вкусно! Обожаю щи и супы из сухих грибов. Майонез домашний с добавкой соевого соуса предал щам незабываемый вкус! Постимся вкусно с KIKKOMAN!"
"Хрустящие креветки ""Киккоман""","['Креветки', 'Соевый соус', 'Крупа манная', 'Мука кукурузная', 'Масло растительное']","Креветки необходимо разморозить, если у Вас уже очищенные, то Вам повезло, их не придется чистить. Креветки почистить, я оставила немного хвостика, чтобы можно было кушать руками. Далее, помещаем креветки в полиэтиленовый пакет и поливаем соевым соусом, перемешиваем, даем пропитаться соусом 10 минут. Солить креветки не нужно, соевый соус ""Киккоман"" достаточно соленый. Добавляем к креветкам манную крупу и кукурузную муку. Креветки в пакете хорошо потрясти, чтобы панировка распределилась равномерно Наливаем в глубокую сковороду или казан растительное масло, так, чтобы наши креветки в нем плавали. Масло хорошо разогреваем, быстро выкладываем все креветки, немного обжариваем ( около 1-2 минуты) и вынимаем шумовкой."
Бисквит по-особому,"['Яйцо куриное', 'Сахарная пудра', 'Мука пшеничная', 'Мед', 'Вода']","Муку просеять 2 раза. 2.5 ст. л. меда смешать с 1.5 ст. л. теплой воды. Вода не должна быть горячей! Миксером немного взбить яйца, постепенно добавлять сахарную пудру (у меня сахарная пудра из сахара-рафинада ""Мистраль""). Взбивать на максимальной скорости около 10 минут. В самом конце держать миску над горячей водой и взбивать около минуты. Это поможет достичь гладкой текстуры. Яично-сахарная масса должна увеличиться в объеме приблизительно в 3-4 раза. Добавить мед и взбивать около 30 секунд на маленькой скорости. Частями добавлять муку, непрерывно взбивая. На это понадобится приблизительно 1-1.5 минуты. Не переусердствуйте, долго взбивать нельзя! Вылить тесто в смазанную силиконовую форму (если такой формы нет, обычную форму проложите пергаментом и тоже смажьте маслом). Размер формы 22 x 11 x 7 см. Используя зубочистку, делайте ей зигзагообразные движения, чтобы избавиться от пузырьков воздуха. Поставить в предварительно разогретую на 160 градусов духовку. Выпекать 35-40 минут до готовности. Перед тем, как достать бисквит из духовки, подержите несколько минут дверцу духовки открытой. Так бисквит легче отстанет от стенок. Верх и низ бисквита смазать медовой водичкой (1 ст. л. меда на 0,5 ст. л. теплой воды). Немедленно завернуть бисквит в пищевую пленку (да, бисквит должен быть горячим). Поставить в холодильник минимум на 12 часов. Перед подачей достаньте бисквит из холодильника, он должен быть комнатной температуры. В холодильнике бисквит может храниться до 5 дней, в морозильнике до месяца."
Карбонадо,"['Говядина', 'Лук репчатый', 'Зелень', 'Хлеб', 'Пиво светлое', 'Масло сливочное', 'Масло растительное', 'Горчица', 'Тмин', 'Лист лавровый', 'Перец душистый', 'Сахар', 'Уксус', 'Соль']","Основные исходные продукты. Ещё белый хлеб. У меня: говяжья шея, смесь петрушки и укропа, пиво ""Велкопоповицкий Козел Резаный"", т. е. купаж темного и светлого пива. Вместо смеси растительного и сливочного масел можно использовать топленое. Луку можно и побольше, 4-5 луковиц. Обмытое и обсушенное мясо разрезаем на 4 толстых ломтя. Лук мелко нарезаем, зелень промываем, просушиваем и мелко шинкуем, отрезаем 4 толстых (2 см) ломтя белого хлеба. Корки можно срезать, но я оставила. Каждый кусок говядины укладываем в пакет, (чтобы мясные брызги не летели по всей кухне) и хорошо отбиваем в пласт Каждый отбитый кусок разрезаем на две части, ибо обязательное условие подачи карбонадов - четное число кусков на тарелке. В сотейнике растапливаем 1 ст. л. растительного масла и половину сливочного масла. На хорошо разогретой поверхности на сильном огне обжариваем по 2 куска говя�